# Blender 3.6.2
# www.blender.org
mtllib SoccerBall.mtl
o Soccer_Ball
v 0.000021 0.063668 -0.000250
v 0.673195 0.577925 0.488835
v -0.257105 0.577924 0.791112
v -0.832067 0.577927 -0.000250
v -0.257105 0.577924 -0.791611
v 0.673195 0.577925 -0.489335
v 0.257147 1.410023 0.791112
v -0.673153 1.410023 0.488835
v -0.673153 1.410023 -0.489335
v 0.257147 1.410023 -0.791612
v 0.832109 1.410020 -0.000250
v 0.000021 1.924279 -0.000250
v -0.150229 0.207233 0.462179
v 0.393388 0.207233 0.285545
v 0.243138 0.507738 0.747977
v 0.786756 0.507739 -0.000250
v 0.393388 0.207233 -0.286045
v -0.486208 0.207235 -0.000250
v -0.636461 0.507740 0.462180
v -0.150229 0.207233 -0.462679
v -0.636461 0.507740 -0.462680
v 0.243138 0.507738 -0.748477
v 0.879620 0.993973 0.285546
v 0.879620 0.993973 -0.286046
v 0.000021 0.993974 0.924614
v 0.543643 0.993974 0.747980
v -0.879578 0.993974 0.285546
v -0.543601 0.993974 0.747980
v -0.543601 0.993974 -0.748480
v -0.879578 0.993974 -0.286046
v 0.543643 0.993974 -0.748480
v 0.000021 0.993974 -0.925114
v 0.636503 1.480208 0.462180
v -0.243097 1.480209 0.747977
v -0.786714 1.480208 -0.000250
v -0.243097 1.480209 -0.748477
v 0.636503 1.480208 -0.462680
v 0.150271 1.780714 0.462179
v 0.486249 1.780712 -0.000250
v -0.393346 1.780714 0.285545
v -0.393346 1.780714 -0.286045
v 0.150271 1.780714 -0.462679
v -0.107175 0.134443 0.329668
v -0.040399 0.072838 0.124151
v 0.496470 0.299300 0.360438
v 0.619233 0.465030 0.449630
v 0.091045 0.513695 0.787261
v -0.130670 0.545871 0.804561
v 0.777118 0.513696 0.156538
v 0.725057 0.545872 0.372745
v 0.496470 0.299300 -0.360938
v 0.619233 0.465030 -0.450130
v -0.346877 0.134445 -0.000250
v -0.130783 0.072839 -0.000250
v -0.720822 0.513697 0.329669
v -0.805788 0.545874 0.124152
v -0.107175 0.134443 -0.330168
v -0.040399 0.072838 -0.124652
v -0.536504 0.513696 -0.583860
v -0.367299 0.545872 -0.728176
v 0.389275 0.513695 -0.690859
v 0.578814 0.545872 -0.574533
v 0.843372 0.860599 0.360439
v 0.750039 0.676678 0.449630
v 0.894316 1.127347 -0.204151
v 0.871233 1.311267 -0.077134
v -0.082407 0.860599 0.913283
v -0.196073 0.676677 0.852080
v 0.470295 1.127348 0.787264
v 0.342360 1.311270 0.804562
v -0.894274 0.860600 0.203651
v -0.871191 0.676680 0.076634
v -0.603628 1.127348 0.690361
v -0.659614 1.311270 0.574033
v -0.470253 0.860599 -0.787764
v -0.342318 0.676678 -0.805062
v -0.843330 1.127348 -0.360939
v -0.749997 1.311270 -0.450130
v 0.603670 0.860599 -0.690861
v 0.659655 0.676678 -0.574533
v 0.082449 1.127349 -0.913783
v 0.196115 1.311270 -0.852580
v 0.536546 1.474251 0.583360
v 0.361603 1.435005 0.716109
v -0.389233 1.474252 0.690359
v -0.578772 1.442076 0.574033
v -0.777076 1.474251 -0.157038
v -0.725015 1.442075 -0.373245
v -0.091003 1.474252 -0.787761
v 0.130712 1.442076 -0.805061
v 0.720864 1.474250 -0.330169
v 0.805830 1.442073 -0.124652
v 0.189644 1.688647 0.583359
v 0.236535 1.522918 0.727676
v 0.346919 1.853503 -0.000250
v 0.130825 1.915108 -0.000250
v -0.496428 1.688647 0.360438
v -0.619192 1.522917 0.449630
v -0.496428 1.688647 -0.360938
v -0.619192 1.522918 -0.450130
v 0.189644 1.688647 -0.583859
v 0.236535 1.522918 -0.728176
v -0.236493 0.465029 0.727676
v -0.189602 0.299300 0.583359
v 0.105844 0.072838 0.076634
v 0.280668 0.134443 0.203650
v 0.578814 0.545872 0.574033
v 0.389275 0.513695 0.690359
v 0.725057 0.545872 -0.373245
v 0.777118 0.513696 -0.157038
v 0.105844 0.072838 -0.077134
v 0.280668 0.134443 -0.204150
v -0.765367 0.465032 -0.000250
v -0.613624 0.299302 -0.000250
v -0.367299 0.545872 0.727676
v -0.536504 0.513696 0.583360
v -0.236493 0.465029 -0.728176
v -0.189602 0.299300 -0.583859
v -0.805788 0.545874 -0.124652
v -0.720822 0.513697 -0.330169
v -0.130670 0.545871 -0.805061
v 0.091045 0.513695 -0.787761
v 0.871233 1.311267 0.076634
v 0.894316 1.127347 0.203651
v 0.750039 0.676678 -0.450130
v 0.843372 0.860599 -0.360939
v 0.196115 1.311270 0.852080
v 0.082449 1.127349 0.913283
v 0.659655 0.676678 0.574033
v 0.603670 0.860599 0.690361
v -0.749997 1.311270 0.449630
v -0.843330 1.127348 0.360439
v -0.342318 0.676678 0.804562
v -0.470253 0.860599 0.787264
v -0.659614 1.311270 -0.574533
v -0.603628 1.127348 -0.690861
v -0.871191 0.676680 -0.077134
v -0.894274 0.860600 -0.204151
v 0.342360 1.311270 -0.805062
v 0.470295 1.127348 -0.787764
v -0.196073 0.676677 -0.852580
v -0.082407 0.860599 -0.913783
v 0.805830 1.442073 0.124152
v 0.720864 1.474250 0.329669
v 0.130712 1.442076 0.804561
v -0.091003 1.474252 0.787261
v -0.725015 1.442075 0.372745
v -0.777076 1.474251 0.156538
v -0.578772 1.442076 -0.574533
v -0.389233 1.474252 -0.690859
v 0.367341 1.442075 -0.728176
v 0.536546 1.474251 -0.583860
v 0.040441 1.915109 0.124151
v 0.107217 1.853504 0.329668
v 0.765409 1.522915 -0.000250
v 0.613666 1.688645 -0.000250
v -0.105802 1.915109 0.076634
v -0.280626 1.853504 0.203650
v -0.105802 1.915109 -0.077134
v -0.280626 1.853504 -0.204150
v 0.040441 1.915109 -0.124652
v 0.107217 1.853504 -0.330168
v 0.408788 1.809467 -0.142604
v 0.261723 1.809468 -0.345020
v 0.546610 1.724289 -0.142604
v 0.612379 1.592752 -0.345020
v 0.304311 1.724291 -0.476095
v 0.517146 1.592752 -0.476096
v -0.009052 1.809469 -0.432999
v -0.247006 1.809469 -0.355682
v 0.033536 1.724291 -0.564074
v -0.138650 1.592753 -0.689175
v -0.358506 1.724291 -0.436691
v -0.292738 1.592753 -0.639108
v -0.414352 1.809469 -0.125349
v -0.414352 1.809469 0.124849
v -0.525852 1.724291 -0.206357
v -0.698039 1.592752 -0.081258
v -0.525852 1.724291 0.205857
v -0.698039 1.592752 0.080758
v -0.247006 1.809469 0.355182
v -0.009052 1.809469 0.432499
v -0.358506 1.724291 0.436191
v -0.292738 1.592753 0.638608
v 0.033536 1.724291 0.563574
v -0.138650 1.592753 0.688675
v 0.261723 1.809468 0.344520
v 0.408788 1.809467 0.142104
v 0.304311 1.724291 0.475595
v 0.517146 1.592752 0.475596
v 0.546610 1.724289 0.142104
v 0.612379 1.592752 0.344520
v 0.839893 1.137726 -0.355683
v 0.733475 1.350562 -0.433000
v 0.813572 0.999903 -0.436693
v 0.666507 0.999903 -0.639111
v 0.638242 1.350563 -0.564077
v 0.597595 1.137726 -0.689178
v -0.078485 1.137727 -0.908850
v -0.184904 1.350563 -0.831532
v -0.163663 0.999903 -0.908850
v -0.401619 0.999903 -0.831534
v -0.338993 1.350563 -0.781465
v -0.470530 1.137727 -0.781466
v -0.888370 1.137726 -0.206358
v -0.847721 1.350563 -0.081258
v -0.914692 0.999904 -0.125349
v -0.914692 0.999904 0.124849
v -0.847721 1.350563 0.080758
v -0.888370 1.137726 0.205858
v -0.470530 1.137727 0.780966
v -0.338993 1.350563 0.780965
v -0.401619 0.999903 0.831034
v -0.163663 0.999903 0.908350
v -0.184904 1.350563 0.831032
v -0.078485 1.137727 0.908350
v 0.597595 1.137726 0.688678
v 0.638242 1.350563 0.563577
v 0.666507 0.999903 0.638611
v 0.813572 0.999903 0.436193
v 0.733475 1.350562 0.432500
v 0.839893 1.137726 0.355183
v 0.401661 0.988044 -0.831534
v 0.163704 0.988044 -0.908850
v 0.470572 0.850221 -0.781466
v 0.339034 0.637384 -0.781465
v 0.078527 0.850221 -0.908850
v 0.184946 0.637384 -0.831532
v -0.666465 0.988044 -0.639111
v -0.813530 0.988044 -0.436693
v -0.597553 0.850221 -0.689178
v -0.638200 0.637385 -0.564076
v -0.839851 0.850221 -0.355683
v -0.733433 0.637385 -0.433000
v -0.813530 0.988044 0.436193
v -0.666465 0.988044 0.638611
v -0.839851 0.850221 0.355183
v -0.733433 0.637385 0.432500
v -0.597553 0.850221 0.688678
v -0.638200 0.637385 0.563577
v 0.163704 0.988044 0.908350
v 0.401661 0.988044 0.831034
v 0.078527 0.850221 0.908350
v 0.184946 0.637384 0.831032
v 0.470572 0.850221 0.780966
v 0.339034 0.637384 0.780965
v 0.914734 0.988044 0.124849
v 0.914734 0.988044 -0.125349
v 0.888412 0.850221 0.205858
v 0.847763 0.637385 0.080758
v 0.888412 0.850221 -0.206358
v 0.847763 0.637385 -0.081258
v 0.358548 0.263656 -0.436691
v 0.292780 0.395194 -0.639108
v 0.247048 0.178478 -0.355682
v 0.009094 0.178478 -0.432999
v 0.138692 0.395194 -0.689175
v -0.033494 0.263656 -0.564074
v -0.304269 0.263656 -0.476095
v -0.517105 0.395195 -0.476096
v -0.261681 0.178479 -0.345020
v -0.408746 0.178480 -0.142604
v -0.612338 0.395196 -0.345020
v -0.546568 0.263658 -0.142604
v -0.546568 0.263658 0.142104
v -0.612338 0.395196 0.344520
v -0.408746 0.178480 0.142104
v -0.261681 0.178479 0.344520
v -0.517105 0.395195 0.475596
v -0.304269 0.263656 0.475595
v 0.698081 0.395195 -0.081258
v 0.525894 0.263656 -0.206357
v 0.698081 0.395195 0.080758
v 0.525894 0.263656 0.205857
v 0.414394 0.178479 -0.125349
v 0.414394 0.178478 0.124849
v -0.033494 0.263656 0.563574
v 0.138692 0.395194 0.688675
v 0.009094 0.178478 0.432499
v 0.247048 0.178478 0.355182
v 0.292780 0.395194 0.638608
v 0.358548 0.263656 0.436191
v 0.053264 0.079178 0.163612
v 0.200180 0.131889 0.276096
v 0.000524 0.131889 0.340968
v 0.671066 0.460185 0.362108
v 0.568729 0.318312 0.282013
v 0.713203 0.428680 0.177049
v -0.139369 0.079178 0.101023
v -0.200948 0.131889 0.275507
v -0.324344 0.131890 0.105670
v -0.139369 0.079178 -0.101523
v -0.324344 0.131890 -0.106170
v -0.200948 0.131889 -0.276007
v 0.053264 0.079178 -0.164112
v 0.000524 0.131888 -0.341468
v 0.200180 0.131889 -0.276596
v 0.777552 0.632483 0.362109
v 0.824575 0.608884 0.177049
v 0.858682 0.787464 0.282014
v -0.104333 0.632483 0.851201
v 0.086202 0.608883 0.838735
v -0.003088 0.787464 0.903609
v -0.842006 0.632485 0.163613
v -0.771272 0.608885 0.340970
v -0.860563 0.787465 0.276097
v -0.416021 0.632483 -0.750427
v -0.562842 0.608884 -0.628349
v -0.528737 0.787464 -0.733316
v 0.584920 0.632483 -0.627746
v 0.423447 0.608883 -0.729656
v 0.533815 0.787464 -0.729657
v 0.724310 0.738969 0.525973
v 0.802997 0.898837 0.453397
v 0.679601 0.898837 0.623236
v -0.276630 0.738969 0.851201
v -0.183292 0.898837 0.903610
v -0.382950 0.898837 0.838737
v -0.895249 0.738971 -0.000250
v -0.916249 0.898838 0.104715
v -0.916249 0.898838 -0.105215
v -0.276630 0.738969 -0.851701
v -0.382950 0.898837 -0.839237
v -0.183292 0.898837 -0.904109
v 0.724310 0.738969 -0.526473
v 0.679601 0.898837 -0.623736
v 0.802997 0.898837 -0.453897
v 0.329914 1.527762 0.687336
v 0.472781 1.559267 0.562386
v 0.294201 1.669635 0.562385
v -0.551971 1.527762 0.525972
v -0.388989 1.559268 0.623234
v -0.444172 1.669635 0.453395
v -0.671024 1.527762 -0.362608
v -0.713161 1.559267 -0.177549
v -0.568688 1.669635 -0.282513
v 0.137279 1.527762 -0.750426
v -0.051745 1.559268 -0.733313
v 0.092728 1.669635 -0.628347
v 0.755899 1.527760 -0.101523
v 0.681212 1.559266 -0.276008
v 0.626028 1.669633 -0.106170
v 0.324385 1.856057 -0.106170
v 0.200990 1.856058 -0.276007
v 0.139411 1.908769 -0.101523
v 0.471707 1.757183 -0.212449
v 0.527212 1.646173 -0.383276
v 0.347592 1.757184 -0.383275
v 0.472781 1.559267 -0.562886
v 0.329914 1.527762 -0.687836
v 0.294201 1.669635 -0.562885
v -0.000482 1.856058 -0.341468
v -0.200138 1.856059 -0.276596
v -0.053222 1.908769 -0.164112
v -0.056036 1.757185 -0.514421
v -0.201351 1.646175 -0.619998
v -0.256855 1.757185 -0.449170
v -0.388989 1.559268 -0.623734
v -0.551971 1.527762 -0.526471
v -0.444172 1.669635 -0.453895
v -0.324654 1.856059 -0.105215
v -0.324654 1.856058 0.104715
v -0.172275 1.908770 -0.000250
v -0.506308 1.757184 -0.105826
v -0.651623 1.646174 -0.000250
v -0.506308 1.757184 0.105326
v -0.713161 1.559267 0.177049
v -0.671024 1.527762 0.362108
v -0.568688 1.669635 0.282013
v -0.200138 1.856059 0.276096
v -0.000482 1.856059 0.340968
v -0.053222 1.908769 0.163612
v -0.256855 1.757185 0.448670
v -0.201351 1.646175 0.619498
v -0.056036 1.757185 0.513921
v -0.051745 1.559268 0.732813
v 0.137279 1.527762 0.749926
v 0.092728 1.669635 0.627847
v 0.200990 1.856058 0.275507
v 0.324385 1.856057 0.105670
v 0.139411 1.908769 0.101023
v 0.347592 1.757184 0.382775
v 0.527212 1.646173 0.382776
v 0.471707 1.757183 0.211949
v 0.681212 1.559266 0.275508
v 0.755899 1.527760 0.101023
v 0.626028 1.669633 0.105670
v 0.860605 1.200482 -0.276597
v 0.771314 1.379063 -0.341469
v 0.842048 1.355462 -0.164113
v 0.797532 1.105535 -0.449172
v 0.673418 1.105535 -0.620001
v 0.707722 1.285156 -0.514423
v 0.528778 1.200483 -0.733316
v 0.416063 1.355464 -0.750427
v 0.562883 1.379064 -0.628349
v 0.003130 1.200483 -0.904109
v -0.086160 1.379064 -0.839235
v 0.104374 1.355465 -0.851700
v -0.180488 1.105535 -0.897452
v -0.381309 1.105535 -0.832201
v -0.270299 1.285157 -0.832200
v -0.533773 1.200483 -0.729657
v -0.584878 1.355465 -0.627746
v -0.423406 1.379064 -0.729656
v -0.858640 1.200483 -0.282514
v -0.824533 1.379063 -0.177549
v -0.777510 1.355464 -0.362609
v -0.909051 1.105535 -0.105826
v -0.909051 1.105535 0.105326
v -0.874746 1.285156 -0.000250
v -0.858640 1.200483 0.282014
v -0.777511 1.355464 0.362109
v -0.824533 1.379063 0.177049
v -0.533773 1.200483 0.729157
v -0.423406 1.379064 0.729156
v -0.584878 1.355464 0.627246
v -0.381309 1.105535 0.831701
v -0.180488 1.105535 0.896952
v -0.270299 1.285157 0.831700
v 0.003130 1.200483 0.903609
v 0.104374 1.355465 0.851201
v -0.086160 1.379064 0.838735
v 0.528778 1.200483 0.732816
v 0.562883 1.379064 0.627849
v 0.416063 1.355464 0.749927
v 0.673418 1.105535 0.619501
v 0.797532 1.105535 0.448672
v 0.707722 1.285156 0.513923
v 0.860605 1.200482 0.276097
v 0.842048 1.355462 0.163613
v 0.771314 1.379063 0.340970
v 0.382992 1.089110 -0.839237
v 0.183334 1.089110 -0.904109
v 0.276672 1.248978 -0.851701
v 0.381350 0.882412 -0.832201
v 0.270341 0.702790 -0.832200
v 0.180530 0.882412 -0.897452
v 0.086202 0.608883 -0.839235
v -0.104333 0.632482 -0.851700
v -0.003088 0.787464 -0.904109
v -0.679560 1.089110 -0.623736
v -0.802955 1.089110 -0.453897
v -0.724268 1.248978 -0.526473
v -0.673376 0.882412 -0.620001
v -0.707680 0.702791 -0.514423
v -0.797491 0.882412 -0.449172
v -0.771272 0.608885 -0.341469
v -0.842006 0.632485 -0.164113
v -0.860563 0.787465 -0.276597
v -0.802955 1.089110 0.453397
v -0.679560 1.089110 0.623236
v -0.724269 1.248978 0.525973
v -0.797491 0.882412 0.448672
v -0.707680 0.702791 0.513923
v -0.673376 0.882412 0.619501
v -0.562842 0.608884 0.627849
v -0.416021 0.632483 0.749927
v -0.528737 0.787464 0.732816
v 0.183334 1.089110 0.903610
v 0.382992 1.089110 0.838737
v 0.276672 1.248978 0.851201
v 0.180530 0.882412 0.896952
v 0.270341 0.702790 0.831700
v 0.381350 0.882412 0.831701
v 0.423447 0.608883 0.729156
v 0.584920 0.632483 0.627246
v 0.533815 0.787464 0.729157
v 0.916291 1.089109 0.104715
v 0.916291 1.089109 -0.105215
v 0.895291 1.248976 -0.000250
v 0.909093 0.882412 0.105326
v 0.874787 0.702791 -0.000250
v 0.909093 0.882412 -0.105826
v 0.824575 0.608884 -0.177549
v 0.777552 0.632483 -0.362609
v 0.858682 0.787464 -0.282514
v 0.444214 0.318312 -0.453895
v 0.389031 0.428679 -0.623734
v 0.552013 0.460185 -0.526471
v 0.256897 0.230762 -0.449170
v 0.056078 0.230762 -0.514421
v 0.201393 0.341772 -0.619998
v -0.092686 0.318312 -0.628347
v -0.137238 0.460185 -0.750426
v 0.051787 0.428679 -0.733313
v -0.294159 0.318312 -0.562885
v -0.472739 0.428680 -0.562886
v -0.329872 0.460185 -0.687836
v -0.347550 0.230763 -0.383275
v -0.471665 0.230764 -0.212449
v -0.527170 0.341774 -0.383276
v -0.625986 0.318314 -0.106170
v -0.755857 0.460187 -0.101523
v -0.681170 0.428681 -0.276008
v -0.625986 0.318314 0.105670
v -0.681170 0.428681 0.275508
v -0.755857 0.460187 0.101023
v -0.471665 0.230764 0.211949
v -0.347550 0.230763 0.382775
v -0.527170 0.341774 0.382776
v -0.294159 0.318312 0.562385
v -0.329872 0.460185 0.687336
v -0.472739 0.428680 0.562386
v 0.713203 0.428680 -0.177549
v 0.568729 0.318312 -0.282513
v 0.671066 0.460185 -0.362608
v 0.651665 0.341773 -0.000250
v 0.506350 0.230763 0.105326
v 0.506350 0.230763 -0.105826
v 0.324696 0.131889 0.104715
v 0.172317 0.079178 -0.000250
v 0.324696 0.131889 -0.105215
v -0.092686 0.318312 0.627847
v 0.051787 0.428679 0.732813
v -0.137238 0.460185 0.749926
v 0.056078 0.230762 0.513921
v 0.256897 0.230762 0.448670
v 0.201393 0.341772 0.619498
v 0.444214 0.318312 0.453395
v 0.552013 0.460185 0.525972
v 0.389031 0.428679 0.623234
v -0.076693 0.098797 0.235853
v -0.070994 0.093567 0.218313
v -0.072627 0.110077 0.223339
v 0.568412 0.385745 0.412706
v 0.557955 0.371588 0.405108
v 0.554554 0.388402 0.402637
v -0.031159 0.527776 0.803012
v -0.012244 0.525018 0.801559
v -0.021591 0.533699 0.789826
v 0.758798 0.525019 0.259189
v 0.754334 0.527777 0.277627
v 0.744751 0.533700 0.264452
v 0.568412 0.385745 -0.413206
v 0.557955 0.371588 -0.405608
v 0.554554 0.388402 -0.403137
v -0.248233 0.098798 -0.000250
v -0.229790 0.093568 -0.000250
v -0.235075 0.110077 -0.000250
v -0.773565 0.527779 0.218313
v -0.766338 0.525020 0.235854
v -0.758068 0.533702 0.223339
v -0.076693 0.098797 -0.236353
v -0.070994 0.093567 -0.218813
v -0.072627 0.110077 -0.223839
v -0.446895 0.527777 -0.668432
v -0.461344 0.525018 -0.656139
v -0.446886 0.533700 -0.652141
v 0.497398 0.527777 -0.631771
v 0.481241 0.525018 -0.641714
v 0.481906 0.533699 -0.626728
v 0.806212 0.773276 0.405109
v 0.798226 0.757592 0.412707
v 0.789652 0.768799 0.402638
v 0.888514 1.230354 -0.135329
v 0.890509 1.214669 -0.146170
v 0.875660 1.219147 -0.138435
v -0.136374 0.773276 0.891746
v -0.146067 0.757591 0.886498
v -0.139141 0.768799 0.875233
v 0.403048 1.230356 0.803014
v 0.413974 1.214671 0.801561
v 0.402030 1.219148 0.789829
v -0.890467 0.773278 0.145670
v -0.888473 0.757593 0.134829
v -0.875618 0.768801 0.137935
v -0.629181 1.226329 0.621459
v -0.634630 1.214671 0.641215
v -0.627162 1.219148 0.626230
v -0.413932 0.773276 -0.802061
v -0.403006 0.757592 -0.803514
v -0.401988 0.768799 -0.790329
v -0.798184 1.230355 -0.413207
v -0.806170 1.214671 -0.405609
v -0.789610 1.219148 -0.403138
v 0.634672 0.773276 -0.641715
v 0.639430 0.757592 -0.631772
v 0.627204 0.768799 -0.626730
v 0.146109 1.230356 -0.886998
v 0.136416 1.214671 -0.892246
v 0.139183 1.219148 -0.875733
v 0.440127 1.452842 0.657133
v 0.461386 1.462929 0.655639
v 0.446928 1.454247 0.651641
v -0.497356 1.460171 0.631271
v -0.481200 1.462929 0.641214
v -0.481865 1.454248 0.626228
v -0.754292 1.460170 -0.278127
v -0.758756 1.462929 -0.259689
v -0.744709 1.454247 -0.264952
v 0.031201 1.460171 -0.803512
v 0.012286 1.462929 -0.802059
v 0.021633 1.454248 -0.790327
v 0.773607 1.460168 -0.218813
v 0.766380 1.462927 -0.236354
v 0.758110 1.454246 -0.223839
v 0.213129 1.616359 0.655638
v 0.217123 1.602203 0.667931
v 0.211830 1.599546 0.651640
v 0.229832 1.894379 -0.000250
v 0.248275 1.889149 -0.000250
v 0.235117 1.877870 -0.000250
v -0.557913 1.616359 0.405108
v -0.568370 1.602202 0.412706
v -0.554512 1.599545 0.402637
v -0.557913 1.616359 -0.405608
v -0.568370 1.602202 -0.413206
v -0.554512 1.599545 -0.403137
v 0.213129 1.616359 -0.656138
v 0.217123 1.602203 -0.668431
v 0.211830 1.599546 -0.652140
v -0.213087 0.371588 0.655638
v -0.217081 0.385745 0.667931
v -0.211788 0.388401 0.651640
v 0.185943 0.093567 0.134829
v 0.200863 0.098797 0.145669
v 0.190218 0.110077 0.137935
v 0.481241 0.525018 0.641214
v 0.497398 0.527777 0.631271
v 0.481906 0.533699 0.626228
v 0.758798 0.525019 -0.259689
v 0.754334 0.527777 -0.278127
v 0.744751 0.533700 -0.264952
v 0.200863 0.098797 -0.146169
v 0.185943 0.093567 -0.135329
v 0.190218 0.110076 -0.138435
v -0.689623 0.371590 -0.000250
v -0.702549 0.385747 -0.000250
v -0.685419 0.388404 -0.000250
v -0.461344 0.525018 0.655639
v -0.446895 0.527777 0.667932
v -0.446886 0.533700 0.651641
v -0.213087 0.371588 -0.656138
v -0.217081 0.385744 -0.668431
v -0.211788 0.388401 -0.652140
v -0.766338 0.525020 -0.236354
v -0.773565 0.527779 -0.218813
v -0.758068 0.533702 -0.223839
v -0.012244 0.525018 -0.802059
v -0.031159 0.527776 -0.803512
v -0.021591 0.533699 -0.790326
v 0.890509 1.214669 0.145670
v 0.888514 1.230354 0.134829
v 0.875660 1.219147 0.137935
v 0.806212 0.773276 -0.405609
v 0.798226 0.757592 -0.413207
v 0.789652 0.768799 -0.403138
v 0.136416 1.214671 0.891746
v 0.146109 1.230356 0.886498
v 0.139183 1.219148 0.875233
v 0.634672 0.773276 0.641215
v 0.639429 0.757592 0.631272
v 0.627204 0.768799 0.626229
v -0.806170 1.214671 0.405109
v -0.798184 1.230356 0.412707
v -0.789610 1.219148 0.402638
v -0.413932 0.773276 0.801561
v -0.403006 0.757592 0.803014
v -0.401988 0.768799 0.789829
v -0.634630 1.214671 -0.641715
v -0.639388 1.230356 -0.631772
v -0.627162 1.219148 -0.626730
v -0.890467 0.773278 -0.146170
v -0.888472 0.757593 -0.135329
v -0.875618 0.768801 -0.138435
v 0.413974 1.214671 -0.802061
v 0.403048 1.230356 -0.803514
v 0.402030 1.219148 -0.790329
v -0.136374 0.773276 -0.892245
v -0.146067 0.757591 -0.886998
v -0.139141 0.768799 -0.875732
v 0.766380 1.462927 0.235854
v 0.773607 1.460168 0.218313
v 0.758110 1.454246 0.223339
v 0.012286 1.462929 0.801559
v 0.030363 1.452842 0.790272
v 0.021633 1.454248 0.789827
v -0.758756 1.462929 0.259189
v -0.742435 1.452842 0.272893
v -0.744709 1.454247 0.264452
v -0.481200 1.462929 -0.641714
v -0.497356 1.460171 -0.631771
v -0.481864 1.454248 -0.626728
v 0.461386 1.462929 -0.656139
v 0.446937 1.460170 -0.668432
v 0.446928 1.454247 -0.652141
v 0.076735 1.889150 0.235853
v 0.071036 1.894380 0.218313
v 0.072668 1.877870 0.223339
v 0.689665 1.616357 -0.000250
v 0.702591 1.602200 -0.000250
v 0.685461 1.599543 -0.000250
v -0.200821 1.889150 0.145669
v -0.185901 1.894380 0.134829
v -0.190176 1.877871 0.137935
v -0.200821 1.889150 -0.146169
v -0.185901 1.894380 -0.135329
v -0.190176 1.877871 -0.138435
v 0.076735 1.889150 -0.236353
v 0.071035 1.894380 -0.218813
v 0.072668 1.877870 -0.223839
v 0.344582 1.815861 -0.238768
v 0.333340 1.815861 -0.254240
v 0.333363 1.803172 -0.242437
v 0.586069 1.659667 -0.254241
v 0.581042 1.669721 -0.238768
v 0.574710 1.654012 -0.242437
v 0.422679 1.659668 -0.479126
v 0.406410 1.669723 -0.479126
v 0.407943 1.654013 -0.471970
v -0.120350 1.815862 -0.401652
v -0.138539 1.815862 -0.395742
v -0.127306 1.803173 -0.392115
v -0.060444 1.659669 -0.636100
v -0.047282 1.669724 -0.626538
v -0.052728 1.654014 -0.621649
v -0.324811 1.659669 -0.550201
v -0.329839 1.669723 -0.534728
v -0.322560 1.654014 -0.533974
v -0.418933 1.815862 -0.009813
v -0.418933 1.815862 0.009313
v -0.412013 1.803173 -0.000250
v -0.623394 1.659668 -0.139235
v -0.610233 1.669723 -0.148798
v -0.607267 1.654013 -0.142108
v -0.623394 1.659668 0.138735
v -0.610233 1.669723 0.148298
v -0.607267 1.654013 0.141608
v -0.138539 1.815862 0.395242
v -0.120350 1.815862 0.401152
v -0.127306 1.803173 0.391615
v -0.324811 1.659669 0.549701
v -0.329839 1.669723 0.534228
v -0.322560 1.654014 0.533475
v -0.060444 1.659669 0.635600
v -0.047282 1.669723 0.626038
v -0.052728 1.654014 0.621150
v 0.333340 1.815861 0.253740
v 0.344582 1.815861 0.238268
v 0.333363 1.803172 0.241937
v 0.422679 1.659668 0.478626
v 0.406410 1.669723 0.478626
v 0.407942 1.654013 0.471470
v 0.586069 1.659667 0.253741
v 0.581042 1.669722 0.238268
v 0.574710 1.654012 0.241937
v 0.797102 1.237603 -0.395743
v 0.788968 1.253872 -0.401653
v 0.780730 1.241975 -0.392117
v 0.740702 1.001141 -0.550203
v 0.751943 1.001141 -0.534731
v 0.734637 1.000626 -0.533977
v 0.622471 1.237603 -0.636103
v 0.625578 1.253872 -0.626540
v 0.613962 1.241976 -0.621652
v -0.129808 1.237604 -0.880532
v -0.137942 1.253873 -0.874622
v -0.131419 1.241976 -0.863840
v -0.294135 1.001141 -0.874624
v -0.275946 1.001141 -0.880534
v -0.280577 1.000626 -0.863842
v -0.412366 1.237604 -0.788723
v -0.402312 1.253873 -0.788723
v -0.401252 1.241976 -0.776165
v -0.877298 1.237603 -0.148798
v -0.874191 1.253872 -0.139236
v -0.861921 1.241976 -0.142108
v -0.922459 1.001142 0.009313
v -0.922459 1.001142 -0.009813
v -0.908015 1.000627 -0.000250
v -0.877298 1.237603 0.148298
v -0.874191 1.253872 0.138736
v -0.861921 1.241976 0.141608
v -0.412366 1.237604 0.788223
v -0.402312 1.253873 0.788223
v -0.401252 1.241976 0.775666
v -0.275946 1.001141 0.880034
v -0.294135 1.001141 0.874124
v -0.280577 1.000626 0.863342
v -0.129808 1.237604 0.880032
v -0.137942 1.253873 0.874122
v -0.131419 1.241976 0.863340
v 0.622471 1.237603 0.635603
v 0.625578 1.253872 0.626040
v 0.613962 1.241976 0.621152
v 0.751943 1.001141 0.534231
v 0.740702 1.001141 0.549703
v 0.734637 1.000626 0.533477
v 0.797102 1.237603 0.395243
v 0.788968 1.253872 0.401153
v 0.780730 1.241975 0.391617
v 0.294177 0.986806 -0.874624
v 0.275988 0.986806 -0.880534
v 0.280619 0.987321 -0.863842
v 0.402354 0.734075 -0.788723
v 0.412408 0.750343 -0.788723
v 0.401294 0.745971 -0.776165
v 0.137984 0.734075 -0.874622
v 0.129850 0.750343 -0.880533
v 0.131460 0.745971 -0.863840
v -0.740660 0.986806 -0.550203
v -0.751902 0.986806 -0.534731
v -0.734595 0.987321 -0.533977
v -0.625536 0.734075 -0.626540
v -0.622429 0.750344 -0.636103
v -0.613921 0.745972 -0.621652
v -0.788926 0.734076 -0.401653
v -0.797061 0.750344 -0.395743
v -0.780688 0.745972 -0.392117
v -0.751902 0.986806 0.534231
v -0.740660 0.986806 0.549703
v -0.734595 0.987321 0.533477
v -0.788926 0.734076 0.401153
v -0.797061 0.750344 0.395243
v -0.780688 0.745972 0.391617
v -0.625536 0.734075 0.626040
v -0.622429 0.750344 0.635603
v -0.613921 0.745972 0.621152
v 0.275988 0.986806 0.880034
v 0.294177 0.986806 0.874124
v 0.280619 0.987321 0.863342
v 0.137984 0.734075 0.874123
v 0.129850 0.750343 0.880033
v 0.131460 0.745971 0.863340
v 0.402354 0.734075 0.788223
v 0.412408 0.750343 0.788223
v 0.401294 0.745971 0.775665
v 0.922501 0.986806 0.009313
v 0.922501 0.986806 -0.009813
v 0.908056 0.987321 -0.000250
v 0.874233 0.734075 0.138736
v 0.877340 0.750344 0.148298
v 0.861963 0.745972 0.141608
v 0.874233 0.734075 -0.139236
v 0.877340 0.750344 -0.148798
v 0.861962 0.745972 -0.142108
v 0.329880 0.318224 -0.534728
v 0.324853 0.328278 -0.550201
v 0.322601 0.333933 -0.533974
v 0.120392 0.172085 -0.401652
v 0.138581 0.172085 -0.395742
v 0.127348 0.184774 -0.392115
v 0.047324 0.318224 -0.626538
v 0.060486 0.328278 -0.636100
v 0.052770 0.333933 -0.621649
v -0.406368 0.318224 -0.479126
v -0.422637 0.328279 -0.479126
v -0.407901 0.333934 -0.471970
v -0.344540 0.172086 -0.238768
v -0.333299 0.172086 -0.254240
v -0.333321 0.184775 -0.242437
v -0.581000 0.318226 -0.238768
v -0.586028 0.328280 -0.254241
v -0.574668 0.333935 -0.242437
v -0.581000 0.318226 0.238268
v -0.586028 0.328280 0.253741
v -0.574668 0.333935 0.241937
v -0.333299 0.172086 0.253740
v -0.344540 0.172086 0.238268
v -0.333321 0.184775 0.241937
v -0.406368 0.318224 0.478626
v -0.422637 0.328279 0.478626
v -0.407901 0.333934 0.471470
v 0.623436 0.328279 -0.139235
v 0.610275 0.318224 -0.148798
v 0.607308 0.333934 -0.142108
v 0.610274 0.318224 0.148298
v 0.623436 0.328279 0.138735
v 0.607308 0.333934 0.141608
v 0.418975 0.172085 0.009313
v 0.418975 0.172085 -0.009813
v 0.412055 0.184774 -0.000250
v 0.047324 0.318224 0.626038
v 0.060486 0.328278 0.635600
v 0.052770 0.333933 0.621149
v 0.138581 0.172085 0.395242
v 0.120392 0.172085 0.401152
v 0.127348 0.184774 0.391615
v 0.329880 0.318224 0.534228
v 0.324853 0.328278 0.549701
v 0.322601 0.333933 0.533475
v 0.082435 0.103327 0.253391
v 0.096331 0.108646 0.265288
v 0.078186 0.108646 0.271183
v 0.087602 0.119636 0.255292
v 0.084216 0.120304 0.258871
v 0.085667 0.122055 0.263336
v 0.079374 0.119636 0.257966
v 0.126553 0.096386 0.207752
v 0.141189 0.101623 0.218939
v 0.131788 0.112820 0.209632
v 0.113450 0.130785 0.317906
v 0.095266 0.130785 0.323814
v 0.102639 0.144137 0.315571
v 0.014652 0.101623 0.260054
v 0.019917 0.096386 0.242400
v 0.016787 0.112820 0.246998
v 0.658573 0.402677 0.284447
v 0.648984 0.388746 0.275679
v 0.662114 0.398776 0.266140
v 0.643975 0.405232 0.275693
v 0.646593 0.406100 0.271556
v 0.645574 0.403486 0.267406
v 0.649929 0.409781 0.271367
v 0.623443 0.391642 0.336616
v 0.613254 0.377512 0.328659
v 0.608705 0.394216 0.327831
v 0.635870 0.358597 0.225970
v 0.649028 0.368649 0.216411
v 0.632494 0.373618 0.217998
v 0.704817 0.447461 0.262135
v 0.700607 0.450590 0.280555
v 0.691920 0.457787 0.267372
v -0.215740 0.103328 0.156509
v -0.222760 0.108647 0.173401
v -0.233975 0.108647 0.157966
v -0.215952 0.119637 0.162010
v -0.220401 0.120305 0.159896
v -0.224199 0.122055 0.162655
v -0.221037 0.119637 0.155011
v -0.158701 0.096386 0.184365
v -0.164818 0.101624 0.201741
v -0.158871 0.112821 0.189924
v -0.267513 0.130786 0.205941
v -0.278752 0.130786 0.190473
v -0.268634 0.144138 0.194939
v -0.243023 0.101624 0.094103
v -0.224606 0.096387 0.093654
v -0.229946 0.112821 0.092099
v -0.215740 0.103328 -0.157009
v -0.233974 0.108647 -0.158466
v -0.222760 0.108647 -0.173901
v -0.221037 0.119637 -0.155511
v -0.220401 0.120305 -0.160396
v -0.224199 0.122055 -0.163155
v -0.215952 0.119637 -0.162510
v -0.224606 0.096387 -0.094154
v -0.243023 0.101624 -0.094603
v -0.229946 0.112821 -0.092599
v -0.278752 0.130786 -0.190973
v -0.267513 0.130786 -0.206441
v -0.268633 0.144138 -0.195439
v -0.164818 0.101624 -0.202241
v -0.158701 0.096386 -0.184865
v -0.158871 0.112821 -0.190424
v 0.082435 0.103327 -0.253891
v 0.078186 0.108646 -0.271683
v 0.096331 0.108646 -0.265788
v 0.079374 0.119636 -0.258466
v 0.084216 0.120304 -0.259371
v 0.085667 0.122054 -0.263836
v 0.087602 0.119636 -0.255792
v 0.019917 0.096386 -0.242900
v 0.014652 0.101623 -0.260554
v 0.016787 0.112820 -0.247498
v 0.095266 0.130785 -0.324314
v 0.113450 0.130785 -0.318406
v 0.102639 0.144137 -0.316071
v 0.141189 0.101623 -0.219439
v 0.126553 0.096386 -0.208252
v 0.131788 0.112820 -0.210132
v 0.823403 0.669375 0.284447
v 0.828475 0.667953 0.266140
v 0.831574 0.684183 0.275679
v 0.813183 0.673930 0.271368
v 0.814983 0.678560 0.271557
v 0.816866 0.680641 0.267406
v 0.814588 0.681290 0.275693
v 0.799345 0.610352 0.280555
v 0.804027 0.607985 0.262135
v 0.789023 0.614903 0.267372
v 0.849570 0.693131 0.216411
v 0.852676 0.709395 0.225971
v 0.837731 0.705697 0.217999
v 0.825643 0.721165 0.328660
v 0.817562 0.705732 0.336617
v 0.808669 0.717764 0.327832
v -0.016304 0.669375 0.870808
v 0.002675 0.667953 0.869974
v -0.005440 0.684182 0.875870
v -0.007022 0.673930 0.857046
v -0.006646 0.678560 0.858817
v -0.002116 0.680640 0.859325
v -0.010702 0.681289 0.859720
v -0.020035 0.610351 0.846725
v -0.001070 0.607985 0.845486
v -0.010688 0.614902 0.832835
v 0.056489 0.693131 0.874670
v 0.048357 0.709394 0.880578
v 0.051321 0.705697 0.863901
v -0.057660 0.721164 0.886601
v -0.067725 0.705732 0.881375
v -0.062118 0.717763 0.870202
v -0.833452 0.669377 0.253392
v -0.826794 0.667955 0.271184
v -0.834909 0.684184 0.265289
v -0.817495 0.673931 0.257967
v -0.819063 0.678562 0.258872
v -0.818146 0.680642 0.263336
v -0.821175 0.681291 0.255293
v -0.811701 0.610353 0.242401
v -0.804662 0.607987 0.260055
v -0.795602 0.614904 0.246999
v -0.814630 0.693132 0.323815
v -0.822762 0.709396 0.317907
v -0.805985 0.705698 0.315572
v -0.861252 0.721166 0.218940
v -0.859391 0.705733 0.207752
v -0.847032 0.717765 0.209633
v -0.498764 0.669375 -0.714548
v -0.513628 0.667953 -0.702718
v -0.510529 0.684183 -0.712257
v -0.498184 0.673930 -0.697959
v -0.499529 0.678560 -0.699170
v -0.503492 0.680640 -0.696918
v -0.496779 0.681289 -0.702285
v -0.481589 0.610351 -0.697258
v -0.496204 0.607985 -0.685108
v -0.480987 0.614902 -0.680526
v -0.559925 0.693131 -0.674885
v -0.556819 0.709395 -0.684445
v -0.549414 0.705697 -0.669211
v -0.474589 0.721165 -0.751633
v -0.463374 0.705732 -0.753321
v -0.461343 0.717763 -0.740986
v 0.525228 0.669375 -0.695352
v 0.509384 0.667953 -0.705833
v 0.519414 0.684182 -0.705833
v 0.509630 0.673930 -0.689674
v 0.510366 0.678560 -0.691328
v 0.507000 0.680640 -0.694401
v 0.514178 0.681289 -0.689674
v 0.514091 0.610351 -0.673675
v 0.498020 0.607985 -0.683819
v 0.498365 0.614902 -0.667931
v 0.468607 0.693131 -0.741263
v 0.478659 0.709395 -0.741263
v 0.466458 0.705697 -0.729513
v 0.567968 0.721164 -0.683820
v 0.573039 0.705732 -0.673675
v 0.561935 0.717763 -0.667932
v 0.740990 0.834205 0.538091
v 0.748395 0.850544 0.531681
v 0.737181 0.850544 0.547116
v 0.732963 0.844544 0.526913
v 0.730790 0.846951 0.530681
v 0.731221 0.851932 0.530994
v 0.727878 0.844544 0.533912
v 0.768194 0.804471 0.488559
v 0.776039 0.820375 0.481327
v 0.760118 0.814867 0.477257
v 0.752407 0.909937 0.534570
v 0.741169 0.909937 0.550038
v 0.735114 0.910935 0.533823
v 0.697835 0.820375 0.588967
v 0.702288 0.804471 0.579270
v 0.689044 0.814867 0.575083
v -0.283002 0.834205 0.870809
v -0.274617 0.850544 0.875871
v -0.292762 0.850544 0.869976
v -0.274851 0.844544 0.859721
v -0.279106 0.846951 0.858818
v -0.279271 0.851932 0.859326
v -0.283079 0.844543 0.857048
v -0.227487 0.804470 0.881375
v -0.218185 0.820375 0.886602
v -0.219234 0.814866 0.870203
v -0.276126 0.909937 0.880580
v -0.294309 0.909937 0.874671
v -0.280759 0.910935 0.863902
v -0.344723 0.820375 0.845488
v -0.334125 0.804471 0.846727
v -0.334235 0.814867 0.832837
v -0.915866 0.834206 -0.000250
v -0.918090 0.850545 0.009289
v -0.918090 0.850545 -0.009789
v -0.902802 0.844545 0.004076
v -0.903258 0.846952 -0.000250
v -0.903792 0.851934 -0.000250
v -0.902802 0.844545 -0.004576
v -0.908760 0.804472 0.055812
v -0.910857 0.820376 0.066274
v -0.895584 0.814868 0.060209
v -0.923033 0.909938 0.009310
v -0.923033 0.909938 -0.009810
v -0.908604 0.910936 -0.000250
v -0.910857 0.820376 -0.066774
v -0.908760 0.804472 -0.056312
v -0.895584 0.814868 -0.060709
v -0.283002 0.834205 -0.871309
v -0.292762 0.850544 -0.870476
v -0.274617 0.850544 -0.876371
v -0.283079 0.844543 -0.857548
v -0.279106 0.846951 -0.859318
v -0.279271 0.851932 -0.859826
v -0.274851 0.844544 -0.860221
v -0.334125 0.804471 -0.847227
v -0.344723 0.820375 -0.845988
v -0.334235 0.814866 -0.833336
v -0.294309 0.909937 -0.875171
v -0.276126 0.909937 -0.881079
v -0.280759 0.910935 -0.864402
v -0.218185 0.820375 -0.887102
v -0.227487 0.804470 -0.881875
v -0.219234 0.814866 -0.870703
v 0.740990 0.834205 -0.538591
v 0.737181 0.850544 -0.547616
v 0.748395 0.850544 -0.532181
v 0.727878 0.844544 -0.534412
v 0.730790 0.846951 -0.531181
v 0.731221 0.851932 -0.531494
v 0.732963 0.844544 -0.527413
v 0.702288 0.804471 -0.579770
v 0.697835 0.820375 -0.589467
v 0.689043 0.814867 -0.575583
v 0.741169 0.909937 -0.550538
v 0.752407 0.909937 -0.535070
v 0.735114 0.910935 -0.534323
v 0.776039 0.820375 -0.481827
v 0.768194 0.804471 -0.489059
v 0.760118 0.814867 -0.477757
v 0.365456 1.585270 0.617163
v 0.379081 1.589171 0.604433
v 0.362852 1.599201 0.604433
v 0.366151 1.578166 0.601500
v 0.363340 1.581847 0.599692
v 0.364956 1.584461 0.595735
v 0.358791 1.582715 0.601500
v 0.401750 1.537357 0.638720
v 0.415983 1.540487 0.626294
v 0.402471 1.530160 0.622950
v 0.397725 1.619298 0.556509
v 0.381461 1.629350 0.556509
v 0.383416 1.614329 0.548075
v 0.302804 1.610435 0.626293
v 0.306370 1.596305 0.638720
v 0.299610 1.593731 0.622950
v -0.474250 1.585271 0.538089
v -0.457933 1.589171 0.547114
v -0.462948 1.599202 0.531679
v -0.459139 1.578167 0.533910
v -0.458288 1.581848 0.530679
v -0.454026 1.584462 0.530993
v -0.461413 1.582715 0.526911
v -0.483537 1.537358 0.579269
v -0.467321 1.540487 0.588965
v -0.468316 1.530161 0.575081
v -0.406594 1.619299 0.550036
v -0.411620 1.629351 0.534568
v -0.402994 1.614330 0.533821
v -0.502294 1.610435 0.481325
v -0.513010 1.596305 0.488557
v -0.500100 1.593731 0.477255
v -0.658532 1.585270 -0.284947
v -0.662072 1.589171 -0.266640
v -0.648942 1.599201 -0.276179
v -0.649887 1.578166 -0.271867
v -0.646551 1.581847 -0.272056
v -0.645532 1.584461 -0.267906
v -0.643933 1.582715 -0.276193
v -0.700565 1.537357 -0.281054
v -0.704775 1.540486 -0.262635
v -0.691878 1.530160 -0.267872
v -0.648986 1.619298 -0.216911
v -0.635828 1.629350 -0.226470
v -0.632452 1.614329 -0.218498
v -0.613212 1.610435 -0.329159
v -0.623401 1.596305 -0.337116
v -0.608663 1.593731 -0.328331
v 0.067279 1.585271 -0.714546
v 0.048774 1.589172 -0.712255
v 0.061903 1.599202 -0.702716
v 0.057511 1.578167 -0.702282
v 0.058722 1.581848 -0.699168
v 0.055089 1.584462 -0.696916
v 0.063464 1.582715 -0.697957
v 0.050588 1.537358 -0.753319
v 0.031769 1.540487 -0.751631
v 0.040735 1.530161 -0.740984
v 0.005522 1.619299 -0.684443
v 0.018680 1.629351 -0.674883
v 0.012141 1.614330 -0.669208
v 0.123332 1.610435 -0.685107
v 0.127751 1.596305 -0.697256
v 0.123951 1.593732 -0.680524
v 0.700144 1.585268 -0.157010
v 0.692247 1.589169 -0.173902
v 0.687232 1.599199 -0.158467
v 0.685462 1.578164 -0.162510
v 0.682875 1.581845 -0.160396
v 0.679610 1.584459 -0.163156
v 0.683188 1.582713 -0.155511
v 0.731862 1.537355 -0.184865
v 0.724441 1.540485 -0.202242
v 0.717086 1.530158 -0.190424
v 0.652431 1.619297 -0.206442
v 0.647405 1.629348 -0.190974
v 0.639987 1.614327 -0.195439
v 0.689467 1.610432 -0.094603
v 0.702388 1.596303 -0.094154
v 0.685300 1.593729 -0.092599
v 0.234016 1.879300 -0.158466
v 0.222802 1.879301 -0.173901
v 0.215782 1.884619 -0.157009
v 0.224241 1.865892 -0.163155
v 0.220443 1.867642 -0.160396
v 0.215994 1.868310 -0.162510
v 0.221079 1.868310 -0.155511
v 0.278793 1.857162 -0.190973
v 0.267555 1.857162 -0.206441
v 0.268675 1.843809 -0.195439
v 0.164860 1.886323 -0.202241
v 0.158742 1.891561 -0.184865
v 0.158913 1.875126 -0.190424
v 0.224648 1.891561 -0.094154
v 0.243065 1.886323 -0.094603
v 0.229988 1.875126 -0.092599
v 0.454706 1.729676 -0.318793
v 0.459726 1.719635 -0.334245
v 0.443479 1.729676 -0.334245
v 0.449770 1.713350 -0.321592
v 0.445622 1.714978 -0.323997
v 0.444616 1.713350 -0.328686
v 0.442311 1.717960 -0.321592
v 0.508347 1.707320 -0.286818
v 0.513376 1.697263 -0.302294
v 0.503119 1.691026 -0.289751
v 0.445917 1.697263 -0.395141
v 0.429644 1.707320 -0.395141
v 0.430819 1.691027 -0.389262
v 0.399476 1.767656 -0.302294
v 0.410721 1.767656 -0.286817
v 0.398486 1.755693 -0.289751
v 0.379081 1.589171 -0.604933
v 0.365456 1.585270 -0.617663
v 0.362852 1.599201 -0.604933
v 0.366151 1.578166 -0.602000
v 0.363340 1.581847 -0.600192
v 0.358791 1.582715 -0.602000
v 0.364956 1.584461 -0.596235
v 0.415983 1.540487 -0.626794
v 0.401750 1.537357 -0.639220
v 0.402471 1.530160 -0.623450
v 0.306370 1.596305 -0.639220
v 0.302804 1.610435 -0.626793
v 0.299610 1.593731 -0.623450
v 0.381461 1.629350 -0.557009
v 0.397725 1.619298 -0.557009
v 0.383416 1.614329 -0.548575
v -0.078144 1.879301 -0.271683
v -0.096289 1.879301 -0.265788
v -0.082394 1.884620 -0.253891
v -0.085625 1.865893 -0.263836
v -0.084174 1.867643 -0.259371
v -0.087560 1.868311 -0.255792
v -0.079332 1.868311 -0.258466
v -0.095224 1.857162 -0.324314
v -0.113408 1.857162 -0.318406
v -0.102597 1.843810 -0.316071
v -0.141147 1.886324 -0.219439
v -0.126512 1.891562 -0.208252
v -0.131746 1.875127 -0.210132
v -0.019875 1.891562 -0.242900
v -0.014611 1.886324 -0.260554
v -0.016746 1.875127 -0.247498
v -0.162429 1.729677 -0.531114
v -0.175573 1.719636 -0.540664
v -0.180594 1.729677 -0.525212
v -0.166616 1.713351 -0.527285
v -0.170186 1.714979 -0.524083
v -0.174956 1.713351 -0.524575
v -0.168921 1.717962 -0.520191
v -0.115443 1.707321 -0.572249
v -0.128608 1.697264 -0.581814
v -0.119849 1.691028 -0.568183
v -0.237757 1.697264 -0.546349
v -0.242785 1.707321 -0.530872
v -0.236831 1.691028 -0.530173
v -0.163804 1.767657 -0.473489
v -0.145610 1.767657 -0.479401
v -0.152181 1.755694 -0.468672
v -0.457933 1.589171 -0.547614
v -0.474250 1.585271 -0.538589
v -0.462948 1.599202 -0.532179
v -0.459139 1.578167 -0.534410
v -0.458288 1.581848 -0.531179
v -0.461413 1.582715 -0.527411
v -0.454026 1.584462 -0.531492
v -0.467321 1.540487 -0.589465
v -0.483537 1.537358 -0.579769
v -0.468316 1.530161 -0.575581
v -0.513011 1.596305 -0.489057
v -0.502294 1.610435 -0.481825
v -0.500101 1.593731 -0.477755
v -0.411620 1.629351 -0.535068
v -0.406594 1.619299 -0.550536
v -0.402994 1.614330 -0.534321
v -0.282283 1.879301 -0.009789
v -0.282283 1.879301 0.009289
v -0.266675 1.884620 -0.000250
v -0.277131 1.865892 -0.000250
v -0.272437 1.867643 -0.000250
v -0.270079 1.868311 0.004076
v -0.270080 1.868311 -0.004576
v -0.337616 1.857162 -0.009810
v -0.337616 1.857162 0.009310
v -0.332055 1.843810 -0.000250
v -0.252065 1.886324 0.066274
v -0.236902 1.891561 0.055812
v -0.240308 1.875127 0.060209
v -0.236902 1.891561 -0.056312
v -0.252065 1.886324 -0.066774
v -0.240308 1.875127 -0.060709
v -0.555062 1.729676 -0.009800
v -0.568206 1.719635 -0.000250
v -0.555062 1.729676 0.009300
v -0.552715 1.713351 -0.004635
v -0.550773 1.714979 -0.000250
v -0.552715 1.713351 0.004135
v -0.546680 1.717961 -0.000250
v -0.579664 1.707320 -0.067197
v -0.592829 1.697263 -0.057632
v -0.577159 1.691027 -0.061751
v -0.592829 1.697263 0.057132
v -0.579664 1.707321 0.066697
v -0.577159 1.691027 0.061251
v -0.500683 1.767656 0.009315
v -0.500683 1.767656 -0.009815
v -0.492509 1.755694 -0.000250
v -0.662072 1.589171 0.266140
v -0.658532 1.585270 0.284447
v -0.648942 1.599201 0.275679
v -0.649887 1.578166 0.271367
v -0.646551 1.581847 0.271556
v -0.643933 1.582714 0.275693
v -0.645532 1.584461 0.267405
v -0.704775 1.540487 0.262135
v -0.700565 1.537357 0.280555
v -0.691878 1.530160 0.267372
v -0.623401 1.596305 0.336616
v -0.613212 1.610435 0.328659
v -0.608663 1.593731 0.327831
v -0.635828 1.629350 0.225970
v -0.648986 1.619298 0.216411
v -0.632452 1.614329 0.217998
v -0.096289 1.879301 0.265288
v -0.078144 1.879301 0.271183
v -0.082394 1.884620 0.253391
v -0.085625 1.865893 0.263336
v -0.084174 1.867643 0.258871
v -0.079332 1.868311 0.257966
v -0.087560 1.868311 0.255292
v -0.113408 1.857162 0.317906
v -0.095224 1.857162 0.323814
v -0.102597 1.843810 0.315571
v -0.014611 1.886324 0.260054
v -0.019875 1.891561 0.242400
v -0.016746 1.875127 0.246998
v -0.126512 1.891562 0.207752
v -0.141147 1.886324 0.218939
v -0.131746 1.875127 0.209632
v -0.180594 1.729677 0.524712
v -0.175573 1.719636 0.540164
v -0.162429 1.729677 0.530614
v -0.174956 1.713351 0.524075
v -0.170186 1.714979 0.523583
v -0.166616 1.713351 0.526785
v -0.168921 1.717962 0.519691
v -0.242785 1.707321 0.530373
v -0.237757 1.697264 0.545849
v -0.236831 1.691028 0.529673
v -0.128608 1.697264 0.581314
v -0.115443 1.707321 0.571749
v -0.119849 1.691028 0.567683
v -0.145610 1.767657 0.478901
v -0.163804 1.767657 0.472989
v -0.152181 1.755694 0.468172
v 0.048774 1.589171 0.711755
v 0.067279 1.585271 0.714046
v 0.061903 1.599202 0.702216
v 0.057511 1.578167 0.701783
v 0.058722 1.581848 0.698668
v 0.063464 1.582715 0.697457
v 0.055089 1.584462 0.696416
v 0.031769 1.540487 0.751131
v 0.050588 1.537358 0.752819
v 0.040735 1.530161 0.740484
v 0.127751 1.596305 0.696756
v 0.123332 1.610435 0.684607
v 0.123950 1.593732 0.680024
v 0.018680 1.629351 0.674383
v 0.005522 1.619299 0.683943
v 0.012141 1.614330 0.668708
v 0.222802 1.879301 0.173401
v 0.234016 1.879300 0.157966
v 0.215782 1.884619 0.156509
v 0.224241 1.865892 0.162655
v 0.220443 1.867642 0.159896
v 0.221079 1.868310 0.155011
v 0.215994 1.868310 0.162010
v 0.267555 1.857162 0.205941
v 0.278793 1.857162 0.190473
v 0.268675 1.843809 0.194939
v 0.243065 1.886323 0.094103
v 0.224648 1.891561 0.093654
v 0.229988 1.875126 0.092099
v 0.158742 1.891561 0.184365
v 0.164860 1.886323 0.201741
v 0.158913 1.875126 0.189924
v 0.443479 1.729676 0.333745
v 0.459726 1.719635 0.333745
v 0.454706 1.729676 0.318293
v 0.444616 1.713350 0.328186
v 0.445622 1.714978 0.323497
v 0.449770 1.713350 0.321092
v 0.442311 1.717960 0.321092
v 0.429644 1.707320 0.394641
v 0.445917 1.697263 0.394641
v 0.430819 1.691027 0.388762
v 0.513376 1.697263 0.301794
v 0.508347 1.707320 0.286318
v 0.503119 1.691026 0.289251
v 0.410721 1.767656 0.286317
v 0.399476 1.767656 0.301794
v 0.398486 1.755693 0.289251
v 0.692247 1.589169 0.173402
v 0.700144 1.585268 0.156510
v 0.687232 1.599199 0.157967
v 0.685462 1.578164 0.162010
v 0.682875 1.581845 0.159896
v 0.683188 1.582713 0.155011
v 0.679610 1.584459 0.162656
v 0.724441 1.540485 0.201742
v 0.731862 1.537355 0.184365
v 0.717086 1.530158 0.189924
v 0.702388 1.596303 0.093654
v 0.689467 1.610432 0.094103
v 0.685300 1.593729 0.092099
v 0.647405 1.629348 0.190474
v 0.652431 1.619297 0.205942
v 0.639987 1.614327 0.194939
v 0.834951 1.303763 -0.265789
v 0.826836 1.319993 -0.271684
v 0.833493 1.318571 -0.253892
v 0.818188 1.307305 -0.263836
v 0.819105 1.309386 -0.259372
v 0.817537 1.314016 -0.258467
v 0.821217 1.306656 -0.255793
v 0.822804 1.278551 -0.318407
v 0.814672 1.294815 -0.324315
v 0.806027 1.282249 -0.316072
v 0.804704 1.379961 -0.260555
v 0.811743 1.377594 -0.242901
v 0.795644 1.373043 -0.247499
v 0.859433 1.282214 -0.208252
v 0.861293 1.266781 -0.219440
v 0.847074 1.270182 -0.210133
v 0.738823 1.161444 -0.525214
v 0.727596 1.161444 -0.540666
v 0.730699 1.177691 -0.531116
v 0.721700 1.159186 -0.524578
v 0.721022 1.164180 -0.524086
v 0.717970 1.166645 -0.527287
v 0.723124 1.166645 -0.520193
v 0.746640 1.095820 -0.530875
v 0.735396 1.095820 -0.546351
v 0.729404 1.093859 -0.530175
v 0.686582 1.193447 -0.581816
v 0.689690 1.209720 -0.572251
v 0.677087 1.198493 -0.568186
v 0.757148 1.209720 -0.479403
v 0.765285 1.193447 -0.473492
v 0.749387 1.198493 -0.468674
v 0.510571 1.303765 -0.712257
v 0.498806 1.318572 -0.714548
v 0.513670 1.319994 -0.702718
v 0.496821 1.306658 -0.702285
v 0.499571 1.309387 -0.699170
v 0.498226 1.314017 -0.697959
v 0.503534 1.307307 -0.696918
v 0.474631 1.266783 -0.751633
v 0.463416 1.282215 -0.753321
v 0.461385 1.270184 -0.740986
v 0.481631 1.377596 -0.697258
v 0.496246 1.379962 -0.685108
v 0.481029 1.373045 -0.680526
v 0.559967 1.294816 -0.674885
v 0.556861 1.278552 -0.684445
v 0.549456 1.282250 -0.669211
v 0.005481 1.303765 -0.876370
v -0.002633 1.319994 -0.870474
v 0.016346 1.318572 -0.871308
v 0.002158 1.307307 -0.859825
v 0.006688 1.309387 -0.859317
v 0.007064 1.314018 -0.857546
v 0.010744 1.306658 -0.860220
v -0.048315 1.278553 -0.881078
v -0.056447 1.294817 -0.875170
v -0.051279 1.282250 -0.864401
v 0.001112 1.379963 -0.845986
v 0.020077 1.377596 -0.847225
v 0.010729 1.373045 -0.833335
v 0.067767 1.282215 -0.881875
v 0.057702 1.266783 -0.887101
v 0.062160 1.270184 -0.870702
v -0.270951 1.161445 -0.865114
v -0.289116 1.161445 -0.859212
v -0.279075 1.177692 -0.859212
v -0.275637 1.159187 -0.848632
v -0.275378 1.164181 -0.847836
v -0.279367 1.166646 -0.845922
v -0.271027 1.166646 -0.848632
v -0.273919 1.095820 -0.874298
v -0.292112 1.095820 -0.868387
v -0.278579 1.093859 -0.857690
v -0.340926 1.193448 -0.832921
v -0.330869 1.209721 -0.832921
v -0.330896 1.198493 -0.819679
v -0.221719 1.209721 -0.868386
v -0.213583 1.193448 -0.874298
v -0.213913 1.198493 -0.857689
v -0.519372 1.303765 -0.705833
v -0.525186 1.318572 -0.695352
v -0.509342 1.319994 -0.705833
v -0.514136 1.306658 -0.689674
v -0.510324 1.309387 -0.691328
v -0.509588 1.314017 -0.689674
v -0.506958 1.307307 -0.694401
v -0.567927 1.266783 -0.683820
v -0.572997 1.282215 -0.673675
v -0.561893 1.270184 -0.667932
v -0.514050 1.377596 -0.673675
v -0.497979 1.379962 -0.683819
v -0.498323 1.373045 -0.667931
v -0.468565 1.294817 -0.741263
v -0.478617 1.278553 -0.741263
v -0.466416 1.282250 -0.729513
v -0.831532 1.303764 -0.276179
v -0.828433 1.319994 -0.266640
v -0.823361 1.318572 -0.284947
v -0.816824 1.307307 -0.267906
v -0.814941 1.309387 -0.272057
v -0.813141 1.314017 -0.271867
v -0.814547 1.306658 -0.276193
v -0.852634 1.278552 -0.226471
v -0.849528 1.294816 -0.216911
v -0.837689 1.282250 -0.218499
v -0.803985 1.379962 -0.262635
v -0.799303 1.377596 -0.281055
v -0.788982 1.373045 -0.267872
v -0.817520 1.282215 -0.337117
v -0.825601 1.266782 -0.329160
v -0.808627 1.270184 -0.328332
v -0.906250 1.161445 -0.009800
v -0.906250 1.161445 0.009300
v -0.903147 1.177691 -0.000250
v -0.892023 1.159186 -0.000250
v -0.891186 1.164181 -0.000250
v -0.890598 1.166646 0.004134
v -0.890598 1.166646 -0.004634
v -0.915902 1.095820 -0.009815
v -0.915902 1.095820 0.009315
v -0.901547 1.093859 -0.000250
v -0.897256 1.193447 0.066697
v -0.894149 1.209720 0.057133
v -0.881563 1.198493 0.061251
v -0.894149 1.209720 -0.057633
v -0.897256 1.193447 -0.067197
v -0.881563 1.198493 -0.061751
v -0.831532 1.303764 0.275679
v -0.823361 1.318572 0.284447
v -0.828433 1.319994 0.266140
v -0.814547 1.306658 0.275693
v -0.814941 1.309387 0.271557
v -0.813141 1.314017 0.271368
v -0.816824 1.307307 0.267406
v -0.825601 1.266782 0.328660
v -0.817520 1.282215 0.336617
v -0.808627 1.270184 0.327832
v -0.799303 1.377596 0.280555
v -0.803985 1.379962 0.262135
v -0.788982 1.373045 0.267372
v -0.849528 1.294816 0.216411
v -0.852634 1.278552 0.225971
v -0.837689 1.282250 0.217998
v -0.519372 1.303765 0.705333
v -0.509342 1.319994 0.705333
v -0.525186 1.318572 0.694852
v -0.506958 1.307307 0.693901
v -0.510324 1.309387 0.690828
v -0.509588 1.314018 0.689174
v -0.514136 1.306658 0.689174
v -0.478617 1.278553 0.740763
v -0.468565 1.294817 0.740763
v -0.466416 1.282250 0.729013
v -0.497979 1.379962 0.683319
v -0.514050 1.377596 0.673175
v -0.498323 1.373045 0.667432
v -0.572997 1.282215 0.673175
v -0.567926 1.266783 0.683320
v -0.561894 1.270184 0.667432
v -0.289116 1.161445 0.858712
v -0.270951 1.161445 0.864614
v -0.279075 1.177692 0.858712
v -0.275637 1.159187 0.848132
v -0.275378 1.164181 0.847336
v -0.271027 1.166646 0.848132
v -0.279366 1.166646 0.845422
v -0.292112 1.095820 0.867887
v -0.273919 1.095820 0.873798
v -0.278579 1.093859 0.857190
v -0.213583 1.193448 0.873798
v -0.221719 1.209721 0.867886
v -0.213913 1.198493 0.857189
v -0.330869 1.209721 0.832421
v -0.340926 1.193448 0.832421
v -0.330896 1.198493 0.819179
v 0.005481 1.303765 0.875870
v 0.016346 1.318572 0.870808
v -0.002633 1.319994 0.869974
v 0.010744 1.306658 0.859720
v 0.006688 1.309388 0.858817
v 0.007064 1.314018 0.857046
v 0.002158 1.307307 0.859325
v 0.057702 1.266783 0.886601
v 0.067767 1.282216 0.881375
v 0.062160 1.270184 0.870202
v 0.020077 1.377596 0.846725
v 0.001112 1.379963 0.845486
v 0.010729 1.373045 0.832835
v -0.056447 1.294817 0.874670
v -0.048315 1.278553 0.880578
v -0.051279 1.282250 0.863901
v 0.510571 1.303765 0.711757
v 0.513670 1.319994 0.702218
v 0.498806 1.318572 0.714048
v 0.503534 1.307307 0.696418
v 0.499571 1.309387 0.698670
v 0.498226 1.314017 0.697459
v 0.496821 1.306658 0.701784
v 0.556861 1.278552 0.683945
v 0.559967 1.294816 0.674385
v 0.549456 1.282250 0.668711
v 0.496246 1.379962 0.684608
v 0.481631 1.377596 0.696758
v 0.481029 1.373045 0.680026
v 0.463416 1.282215 0.752821
v 0.474631 1.266783 0.751134
v 0.461385 1.270184 0.740486
v 0.727596 1.161444 0.540166
v 0.738823 1.161444 0.524714
v 0.730699 1.177691 0.530616
v 0.721699 1.159186 0.524078
v 0.721022 1.164181 0.523586
v 0.723124 1.166646 0.519693
v 0.717970 1.166646 0.526787
v 0.735396 1.095820 0.545851
v 0.746640 1.095820 0.530375
v 0.729404 1.093859 0.529675
v 0.765285 1.193447 0.472992
v 0.757148 1.209720 0.478903
v 0.749387 1.198493 0.468174
v 0.689690 1.209720 0.571751
v 0.686582 1.193447 0.581316
v 0.677087 1.198493 0.567686
v 0.834951 1.303763 0.265289
v 0.833493 1.318571 0.253392
v 0.826836 1.319993 0.271184
v 0.821217 1.306656 0.255293
v 0.819105 1.309386 0.258872
v 0.817537 1.314016 0.257967
v 0.818188 1.307305 0.263336
v 0.861293 1.266781 0.218940
v 0.859433 1.282214 0.207752
v 0.847074 1.270182 0.209633
v 0.811743 1.377594 0.242401
v 0.804704 1.379961 0.260055
v 0.795644 1.373043 0.246999
v 0.814672 1.294815 0.323815
v 0.822804 1.278551 0.317907
v 0.806027 1.282249 0.315572
v 0.292803 1.137403 -0.870476
v 0.274659 1.137403 -0.876371
v 0.283044 1.153742 -0.871309
v 0.279313 1.136015 -0.859826
v 0.279148 1.140997 -0.859318
v 0.274893 1.143404 -0.860221
v 0.283121 1.143404 -0.857548
v 0.294351 1.078010 -0.875171
v 0.276167 1.078010 -0.881079
v 0.280800 1.077013 -0.864402
v 0.218227 1.167572 -0.887102
v 0.227529 1.183477 -0.881875
v 0.219275 1.173081 -0.870703
v 0.334167 1.183477 -0.847227
v 0.344765 1.167572 -0.845988
v 0.334277 1.173081 -0.833336
v 0.289158 0.826502 -0.859212
v 0.279116 0.810255 -0.859212
v 0.270993 0.826502 -0.865114
v 0.279408 0.821301 -0.845922
v 0.275420 0.823766 -0.847836
v 0.271069 0.821301 -0.848632
v 0.275679 0.828761 -0.848632
v 0.340968 0.794499 -0.832921
v 0.330911 0.778227 -0.832921
v 0.330938 0.789454 -0.819679
v 0.221761 0.778227 -0.868386
v 0.213625 0.794499 -0.874298
v 0.213955 0.789454 -0.857689
v 0.273960 0.892127 -0.874298
v 0.292154 0.892127 -0.868387
v 0.278621 0.894088 -0.857690
v 0.002675 0.667953 -0.870474
v -0.016304 0.669375 -0.871308
v -0.005440 0.684182 -0.876370
v -0.007022 0.673930 -0.857546
v -0.006646 0.678560 -0.859317
v -0.010702 0.681289 -0.860220
v -0.002116 0.680640 -0.859825
v -0.001070 0.607985 -0.845986
v -0.020035 0.610351 -0.847225
v -0.010688 0.614902 -0.833335
v -0.067725 0.705732 -0.881875
v -0.057660 0.721164 -0.887101
v -0.062118 0.717763 -0.870702
v 0.048357 0.709394 -0.881078
v 0.056489 0.693131 -0.875170
v 0.051321 0.705697 -0.864401
v -0.737139 1.137403 -0.547615
v -0.748353 1.137403 -0.532181
v -0.740948 1.153742 -0.538591
v -0.731180 1.136015 -0.531494
v -0.730748 1.140996 -0.531180
v -0.732921 1.143404 -0.527413
v -0.727836 1.143404 -0.534412
v -0.741127 1.078010 -0.550538
v -0.752365 1.078010 -0.535070
v -0.735072 1.077013 -0.534323
v -0.775997 1.167572 -0.481827
v -0.768152 1.183477 -0.489058
v -0.760076 1.173081 -0.477756
v -0.702246 1.183477 -0.579770
v -0.697793 1.167572 -0.589467
v -0.689002 1.173081 -0.575583
v -0.727555 0.826503 -0.540666
v -0.730657 0.810256 -0.531116
v -0.738781 0.826503 -0.525214
v -0.717928 0.821302 -0.527287
v -0.720981 0.823767 -0.524086
v -0.723082 0.821302 -0.520193
v -0.721658 0.828761 -0.524578
v -0.686540 0.794500 -0.581816
v -0.689648 0.778227 -0.572251
v -0.677046 0.789454 -0.568186
v -0.757106 0.778227 -0.479403
v -0.765243 0.794500 -0.473492
v -0.749345 0.789454 -0.468674
v -0.746598 0.892127 -0.530875
v -0.735354 0.892127 -0.546351
v -0.729362 0.894088 -0.530175
v -0.826794 0.667955 -0.271684
v -0.833452 0.669377 -0.253892
v -0.834909 0.684184 -0.265789
v -0.817495 0.673931 -0.258467
v -0.819063 0.678562 -0.259372
v -0.821175 0.681291 -0.255793
v -0.818146 0.680642 -0.263836
v -0.804662 0.607987 -0.260555
v -0.811701 0.610353 -0.242901
v -0.795602 0.614904 -0.247499
v -0.859391 0.705733 -0.208252
v -0.861252 0.721166 -0.219440
v -0.847032 0.717765 -0.210133
v -0.822762 0.709396 -0.318407
v -0.814630 0.693132 -0.324315
v -0.805985 0.705698 -0.316072
v -0.748353 1.137403 0.531681
v -0.737139 1.137403 0.547116
v -0.740948 1.153742 0.538091
v -0.731179 1.136015 0.530994
v -0.730748 1.140996 0.530681
v -0.727836 1.143404 0.533912
v -0.732921 1.143404 0.526913
v -0.752365 1.078010 0.534570
v -0.741127 1.078010 0.550038
v -0.735072 1.077013 0.533823
v -0.697793 1.167572 0.588967
v -0.702246 1.183477 0.579271
v -0.689002 1.173081 0.575083
v -0.768152 1.183477 0.488559
v -0.775997 1.167572 0.481327
v -0.760076 1.173081 0.477256
v -0.738781 0.826503 0.524714
v -0.730657 0.810256 0.530616
v -0.727555 0.826503 0.540166
v -0.723082 0.821302 0.519693
v -0.720980 0.823767 0.523586
v -0.717928 0.821302 0.526787
v -0.721658 0.828761 0.524078
v -0.765243 0.794500 0.472992
v -0.757106 0.778227 0.478903
v -0.749345 0.789454 0.468174
v -0.689648 0.778227 0.571752
v -0.686540 0.794500 0.581316
v -0.677046 0.789454 0.567686
v -0.735354 0.892127 0.545851
v -0.746598 0.892127 0.530375
v -0.729363 0.894088 0.529675
v -0.513628 0.667953 0.702218
v -0.498764 0.669375 0.714048
v -0.510529 0.684183 0.711757
v -0.498184 0.673930 0.697459
v -0.499530 0.678560 0.698670
v -0.496779 0.681289 0.701784
v -0.503492 0.680640 0.696418
v -0.496204 0.607985 0.684608
v -0.481589 0.610351 0.696758
v -0.480987 0.614902 0.680026
v -0.463374 0.705732 0.752821
v -0.474589 0.721165 0.751134
v -0.461343 0.717763 0.740486
v -0.556819 0.709395 0.683945
v -0.559925 0.693131 0.674385
v -0.549414 0.705697 0.668711
v 0.274659 1.137403 0.875871
v 0.292803 1.137403 0.869976
v 0.283044 1.153742 0.870809
v 0.279313 1.136015 0.859326
v 0.279148 1.140996 0.858818
v 0.283121 1.143404 0.857047
v 0.274893 1.143404 0.859721
v 0.276167 1.078010 0.880580
v 0.294351 1.078010 0.874671
v 0.280800 1.077013 0.863902
v 0.344765 1.167572 0.845488
v 0.334167 1.183477 0.846727
v 0.334277 1.173081 0.832836
v 0.227529 1.183477 0.881375
v 0.218227 1.167572 0.886602
v 0.219275 1.173081 0.870203
v 0.270993 0.826502 0.864614
v 0.279116 0.810255 0.858712
v 0.289158 0.826502 0.858712
v 0.271069 0.821301 0.848132
v 0.275420 0.823766 0.847336
v 0.279408 0.821301 0.845422
v 0.275679 0.828761 0.848132
v 0.213625 0.794499 0.873798
v 0.221761 0.778227 0.867886
v 0.213955 0.789454 0.857189
v 0.330911 0.778227 0.832421
v 0.340968 0.794499 0.832421
v 0.330938 0.789454 0.819179
v 0.292154 0.892127 0.867887
v 0.270081 0.893712 0.859687
v 0.278621 0.894088 0.857190
v 0.509384 0.667953 0.705333
v 0.525228 0.669375 0.694852
v 0.519414 0.684182 0.705333
v 0.509630 0.673930 0.689174
v 0.510366 0.678560 0.690828
v 0.514178 0.681289 0.689174
v 0.507000 0.680640 0.693901
v 0.498020 0.607985 0.683319
v 0.514091 0.610351 0.673175
v 0.498365 0.614902 0.667432
v 0.573039 0.705732 0.673175
v 0.567968 0.721164 0.683320
v 0.561935 0.717763 0.667432
v 0.478659 0.709395 0.740763
v 0.468607 0.693131 0.740763
v 0.466458 0.705697 0.729013
v 0.918131 1.137402 0.009289
v 0.918131 1.137402 -0.009789
v 0.915908 1.153741 -0.000250
v 0.903834 1.136014 -0.000250
v 0.903300 1.140995 -0.000250
v 0.902844 1.143402 -0.004576
v 0.902844 1.143402 0.004076
v 0.923075 1.078009 0.009310
v 0.923075 1.078009 -0.009810
v 0.908646 1.077012 -0.000250
v 0.910899 1.167571 -0.066774
v 0.908802 1.183475 -0.056312
v 0.895626 1.173079 -0.060709
v 0.908802 1.183475 0.055812
v 0.910899 1.167571 0.066274
v 0.895626 1.173079 0.060209
v 0.906292 0.826503 0.009300
v 0.903189 0.810256 -0.000250
v 0.906292 0.826503 -0.009800
v 0.890640 0.821302 0.004135
v 0.891228 0.823767 -0.000250
v 0.890640 0.821302 -0.004635
v 0.892065 0.828761 -0.000250
v 0.897298 0.794500 0.066697
v 0.894190 0.778227 0.057133
v 0.881605 0.789454 0.061251
v 0.894190 0.778227 -0.057633
v 0.897298 0.794500 -0.067197
v 0.881605 0.789454 -0.061751
v 0.915944 0.892127 -0.009815
v 0.915944 0.892127 0.009315
v 0.901588 0.894088 -0.000250
v 0.828475 0.667953 -0.266640
v 0.823403 0.669375 -0.284947
v 0.831574 0.684183 -0.276179
v 0.813183 0.673930 -0.271867
v 0.814983 0.678560 -0.272057
v 0.814588 0.681290 -0.276193
v 0.816866 0.680641 -0.267906
v 0.804027 0.607985 -0.262635
v 0.799345 0.610352 -0.281055
v 0.789023 0.614902 -0.267872
v 0.817562 0.705732 -0.337117
v 0.825643 0.721165 -0.329160
v 0.808669 0.717764 -0.328332
v 0.852676 0.709395 -0.226471
v 0.849570 0.693131 -0.216911
v 0.837731 0.705697 -0.218498
v 0.462990 0.388745 -0.532179
v 0.457975 0.398776 -0.547614
v 0.474292 0.402676 -0.538589
v 0.454068 0.403486 -0.531492
v 0.458330 0.406100 -0.531179
v 0.459181 0.409780 -0.534410
v 0.461455 0.405232 -0.527411
v 0.411662 0.358597 -0.535068
v 0.406636 0.368648 -0.550536
v 0.403036 0.373618 -0.534321
v 0.467363 0.447460 -0.589465
v 0.483579 0.450589 -0.579769
v 0.468358 0.457787 -0.575581
v 0.513052 0.391642 -0.489057
v 0.502336 0.377512 -0.481825
v 0.500143 0.394216 -0.477755
v 0.180636 0.258270 -0.525212
v 0.162471 0.258270 -0.531114
v 0.175615 0.268311 -0.540664
v 0.168963 0.269986 -0.520191
v 0.170228 0.272968 -0.524083
v 0.166658 0.274596 -0.527285
v 0.174998 0.274596 -0.524575
v 0.163846 0.220290 -0.473489
v 0.145652 0.220290 -0.479401
v 0.152223 0.232253 -0.468671
v 0.115485 0.280626 -0.572249
v 0.128650 0.290683 -0.581814
v 0.119891 0.296919 -0.568183
v 0.237798 0.290683 -0.546349
v 0.242827 0.280626 -0.530873
v 0.236873 0.296919 -0.530173
v -0.061862 0.388745 -0.702716
v -0.067237 0.402676 -0.714546
v -0.048732 0.398776 -0.712255
v -0.063423 0.405232 -0.697957
v -0.058680 0.406099 -0.699168
v -0.057469 0.409780 -0.702282
v -0.055047 0.403485 -0.696916
v -0.123290 0.377512 -0.685107
v -0.127710 0.391642 -0.697256
v -0.123909 0.394215 -0.680524
v -0.050546 0.450589 -0.753319
v -0.031727 0.447460 -0.751631
v -0.040693 0.457786 -0.740984
v -0.005480 0.368648 -0.684443
v -0.018638 0.358596 -0.674883
v -0.012099 0.373618 -0.669208
v -0.362810 0.388746 -0.604933
v -0.379039 0.398776 -0.604933
v -0.365414 0.402677 -0.617663
v -0.364914 0.403486 -0.596235
v -0.363299 0.406100 -0.600192
v -0.366109 0.409781 -0.602000
v -0.358749 0.405232 -0.602000
v -0.381419 0.358597 -0.557009
v -0.397683 0.368649 -0.557009
v -0.383374 0.373618 -0.548575
v -0.415941 0.447460 -0.626794
v -0.401708 0.450590 -0.639220
v -0.402429 0.457787 -0.623450
v -0.306328 0.391642 -0.639220
v -0.302762 0.377512 -0.626793
v -0.299568 0.394216 -0.623450
v -0.443437 0.258271 -0.334245
v -0.454664 0.258271 -0.318793
v -0.459684 0.268312 -0.334245
v -0.442269 0.269987 -0.321592
v -0.445580 0.272969 -0.323997
v -0.449728 0.274597 -0.321592
v -0.444574 0.274597 -0.328686
v -0.399435 0.220291 -0.302294
v -0.410679 0.220291 -0.286817
v -0.398444 0.232254 -0.289751
v -0.508305 0.280627 -0.286818
v -0.513334 0.290685 -0.302294
v -0.503077 0.296921 -0.289751
v -0.445875 0.290684 -0.395141
v -0.429603 0.280627 -0.395141
v -0.430777 0.296920 -0.389262
v -0.687190 0.388748 -0.158467
v -0.700102 0.402679 -0.157010
v -0.692205 0.398778 -0.173902
v -0.683146 0.405234 -0.155511
v -0.682833 0.406102 -0.160396
v -0.685420 0.409783 -0.162510
v -0.679569 0.403488 -0.163156
v -0.689425 0.377515 -0.094603
v -0.702346 0.391644 -0.094154
v -0.685258 0.394218 -0.092599
v -0.731820 0.450592 -0.184865
v -0.724399 0.447462 -0.202242
v -0.717044 0.457789 -0.190424
v -0.652389 0.368650 -0.206442
v -0.647363 0.358599 -0.190974
v -0.639945 0.373620 -0.195439
v -0.687190 0.388748 0.157967
v -0.692205 0.398778 0.173402
v -0.700102 0.402679 0.156510
v -0.679569 0.403488 0.162656
v -0.682833 0.406102 0.159896
v -0.685420 0.409783 0.162010
v -0.683146 0.405234 0.155011
v -0.647363 0.358599 0.190474
v -0.652389 0.368650 0.205942
v -0.639945 0.373620 0.194939
v -0.724399 0.447462 0.201742
v -0.731820 0.450592 0.184365
v -0.717044 0.457789 0.189924
v -0.702346 0.391644 0.093654
v -0.689425 0.377515 0.094103
v -0.685258 0.394218 0.092099
v -0.454664 0.258271 0.318293
v -0.443437 0.258271 0.333745
v -0.459684 0.268312 0.333745
v -0.442269 0.269987 0.321092
v -0.445580 0.272969 0.323497
v -0.444574 0.274597 0.328186
v -0.449728 0.274597 0.321092
v -0.410679 0.220291 0.286317
v -0.399435 0.220291 0.301794
v -0.398444 0.232254 0.289251
v -0.429603 0.280627 0.394641
v -0.445875 0.290684 0.394641
v -0.430777 0.296920 0.388762
v -0.513334 0.290685 0.301794
v -0.508305 0.280627 0.286318
v -0.503077 0.296921 0.289251
v -0.362810 0.388746 0.604433
v -0.365414 0.402677 0.617163
v -0.379039 0.398776 0.604433
v -0.358750 0.405232 0.601500
v -0.363299 0.406100 0.599692
v -0.366109 0.409781 0.601500
v -0.364914 0.403486 0.595735
v -0.302762 0.377512 0.626293
v -0.306328 0.391642 0.638720
v -0.299568 0.394216 0.622950
v -0.401708 0.450590 0.638720
v -0.415941 0.447461 0.626294
v -0.402429 0.457787 0.622950
v -0.397683 0.368649 0.556509
v -0.381419 0.358597 0.556509
v -0.383374 0.373618 0.548075
v 0.662114 0.398776 -0.266640
v 0.648984 0.388746 -0.276179
v 0.658573 0.402677 -0.284947
v 0.645574 0.403486 -0.267905
v 0.646593 0.406100 -0.272056
v 0.643975 0.405233 -0.276193
v 0.649929 0.409781 -0.271867
v 0.649028 0.368649 -0.216911
v 0.635870 0.358597 -0.226470
v 0.632494 0.373618 -0.218498
v 0.613254 0.377512 -0.329159
v 0.623443 0.391642 -0.337116
v 0.608705 0.394216 -0.328331
v 0.700607 0.450590 -0.281054
v 0.704817 0.447461 -0.262635
v 0.691920 0.457787 -0.267872
v 0.568248 0.268312 -0.000250
v 0.555104 0.258271 0.009300
v 0.555104 0.258271 -0.009800
v 0.552756 0.274596 0.004135
v 0.550815 0.272968 -0.000250
v 0.546722 0.269986 -0.000250
v 0.552756 0.274596 -0.004635
v 0.592871 0.290684 0.057132
v 0.579706 0.280627 0.066697
v 0.577201 0.296920 0.061251
v 0.500725 0.220291 0.009315
v 0.500725 0.220291 -0.009815
v 0.492551 0.232253 -0.000250
v 0.579706 0.280627 -0.067197
v 0.592871 0.290684 -0.057632
v 0.577201 0.296920 -0.061751
v 0.282325 0.108646 0.009289
v 0.266717 0.103327 -0.000250
v 0.282325 0.108646 -0.009789
v 0.270121 0.119636 0.004076
v 0.272478 0.120304 -0.000250
v 0.270121 0.119636 -0.004576
v 0.277173 0.122055 -0.000250
v 0.252107 0.101623 0.066274
v 0.236944 0.096386 0.055812
v 0.240350 0.112820 0.060209
v 0.236944 0.096386 -0.056312
v 0.252107 0.101623 -0.066774
v 0.240350 0.112820 -0.060709
v 0.337658 0.130785 -0.009810
v 0.337658 0.130785 0.009310
v 0.332097 0.144137 -0.000250
v -0.061862 0.388745 0.702216
v -0.048732 0.398776 0.711755
v -0.067237 0.402676 0.714046
v -0.055047 0.403485 0.696416
v -0.058680 0.406099 0.698668
v -0.057469 0.409780 0.701782
v -0.063423 0.405232 0.697457
v -0.018638 0.358596 0.674383
v -0.005480 0.368648 0.683943
v -0.012099 0.373617 0.668708
v -0.031727 0.447460 0.751131
v -0.050546 0.450589 0.752819
v -0.040693 0.457786 0.740484
v -0.127710 0.391642 0.696756
v -0.123290 0.377512 0.684607
v -0.123908 0.394216 0.680024
v 0.162471 0.258270 0.530614
v 0.180636 0.258270 0.524712
v 0.175615 0.268311 0.540164
v 0.168963 0.269985 0.519691
v 0.170228 0.272968 0.523583
v 0.174998 0.274596 0.524075
v 0.166658 0.274596 0.526785
v 0.145652 0.220290 0.478901
v 0.163846 0.220290 0.472989
v 0.152223 0.232253 0.468172
v 0.242827 0.280626 0.530373
v 0.237798 0.290683 0.545849
v 0.236873 0.296919 0.529673
v 0.128650 0.290683 0.581314
v 0.115485 0.280626 0.571749
v 0.119891 0.296919 0.567683
v 0.462990 0.388745 0.531679
v 0.474292 0.402676 0.538089
v 0.457975 0.398776 0.547114
v 0.461455 0.405232 0.526911
v 0.458330 0.406100 0.530679
v 0.459181 0.409780 0.533910
v 0.454068 0.403485 0.530992
v 0.502336 0.377512 0.481325
v 0.513052 0.391642 0.488557
v 0.500142 0.394216 0.477255
v 0.483579 0.450589 0.579269
v 0.467363 0.447460 0.588965
v 0.468358 0.457787 0.575081
v 0.406636 0.368648 0.550036
v 0.411662 0.358597 0.534568
v 0.403036 0.373618 0.533821
vn 0.5899 -0.7572 0.2804
vn 0.9138 -0.4039 -0.0421
vn 0.9539 -0.1915 0.2310
vn 0.8043 -0.2922 0.5175
vn -0.0066 -0.9129 0.4081
vn 0.1027 -0.9847 -0.1409
vn 0.4280 -0.8974 -0.1076
vn 0.5304 -0.8197 0.2162
vn 0.0543 -0.9844 0.1671
vn 0.4701 -0.7358 0.4875
vn 0.2348 -0.6500 0.7227
vn -0.0938 -0.7358 0.6707
vn -0.0000 -1.0000 -0.0000
vn 0.1088 -0.9909 0.0790
vn -0.0415 -0.9909 0.1279
vn 0.3315 -0.9122 0.2409
vn -0.1295 -0.9871 -0.0941
vn -0.1022 -0.9847 -0.1412
vn 0.3861 -0.9129 0.1324
vn -0.1266 -0.9122 0.3897
vn 0.0495 -0.9871 -0.1523
vn 0.4253 -0.8507 0.3090
vn 0.2829 -0.8719 0.3997
vn 0.2452 -0.9129 0.3263
vn 0.2942 -0.6518 0.6990
vn 0.4110 -0.8952 0.1722
vn 0.4724 -0.8640 0.1741
vn 0.3794 -0.6180 0.6885
vn 0.5453 -0.7387 0.3962
vn -0.1625 -0.8507 0.5000
vn 0.0061 -0.8719 0.4897
vn -0.2083 -0.7387 0.6411
vn -0.3183 -0.7358 0.5977
vn -0.1422 -0.9844 0.1033
vn 0.2837 -0.8293 0.4815
vn -0.2689 -0.7552 0.5978
vn -0.2847 -0.7883 0.5454
vn -0.2345 -0.9129 0.3340
vn -0.5561 -0.8197 -0.1368
vn -0.2830 -0.8974 -0.3386
vn -0.0003 -0.9847 -0.1743
vn 0.7721 -0.6180 0.1481
vn 0.6100 -0.4406 0.6586
vn 0.3479 -0.6545 0.6713
vn 0.3115 -0.8640 0.3955
vn 0.7216 -0.5674 0.3966
vn 0.3606 -0.9255 0.1160
vn 0.5105 -0.8406 -0.1812
vn 0.7686 -0.6138 -0.1804
vn 0.7236 -0.4472 0.5257
vn 0.6684 -0.5634 0.4856
vn 0.7772 -0.4803 0.4066
vn 0.1360 -0.5212 0.8425
vn -0.4245 -0.3972 0.8137
vn -0.4379 -0.4406 0.7837
vn 0.0978 -0.6180 0.7800
vn 0.8433 -0.5212 0.1310
vn 0.6427 -0.3972 0.6552
vn 0.5554 -0.8048 0.2093
vn 0.5118 -0.7745 0.3718
vn 0.4676 -0.8719 -0.1456
vn 0.4308 -0.7883 0.4393
vn 0.3695 -0.8197 0.4376
vn 0.3861 -0.9129 -0.1324
vn 0.6002 -0.5674 0.5637
vn 0.2218 -0.9255 0.3070
vn 0.2906 -0.9333 0.2111
vn 0.8506 -0.5257 -0.0000
vn 0.7557 -0.6518 0.0638
vn 0.8360 -0.5167 -0.1851
vn 0.8927 -0.4129 -0.1804
vn 0.8302 -0.3917 0.3966
vn 0.5456 -0.8293 0.1211
vn 0.8752 -0.4574 -0.1573
vn 0.8955 -0.4333 -0.1017
vn -0.3901 -0.9129 -0.1198
vn -0.0417 -0.8197 -0.5712
vn 0.2346 -0.8974 -0.3738
vn 0.1657 -0.9847 -0.0541
vn -0.3901 -0.9129 0.1198
vn 0.1657 -0.9847 0.0541
vn 0.2346 -0.8974 0.3738
vn -0.0417 -0.8197 0.5712
vn -0.6148 -0.6500 0.4467
vn -0.6668 -0.7358 0.1181
vn -0.1344 -0.9909 -0.0000
vn 0.7722 -0.2982 0.5610
vn 0.7407 -0.2922 0.6050
vn 0.4490 -0.7572 0.4743
vn -0.4098 -0.9122 -0.0000
vn 0.1601 -0.9871 -0.0000
vn -0.2927 -0.8719 0.3926
vn -0.5739 -0.6518 0.4958
vn -0.0368 -0.8952 0.4441
vn -0.0196 -0.8640 0.5031
vn -0.5376 -0.6180 0.5736
vn -0.5257 -0.8507 -0.0000
vn -0.4638 -0.8719 0.1571
vn -0.6741 -0.7387 -0.0000
vn -0.6668 -0.7358 -0.1181
vn -0.1422 -0.9844 -0.1033
vn -0.3702 -0.8293 0.4186
vn -0.6517 -0.7552 -0.0710
vn -0.6067 -0.7883 -0.1023
vn -0.0066 -0.9129 -0.4081
vn 0.5304 -0.8197 -0.2162
vn 0.4280 -0.8974 0.1076
vn 0.1027 -0.9847 0.1409
vn -0.2345 -0.9129 -0.3340
vn -0.0003 -0.9847 0.1743
vn -0.2830 -0.8974 0.3386
vn -0.5561 -0.8197 0.1368
vn -0.6148 -0.6500 -0.4467
vn -0.3183 -0.7358 -0.5977
vn -0.0415 -0.9909 -0.1279
vn -0.7592 -0.5212 0.3897
vn -0.9050 -0.3972 -0.1523
vn -0.8806 -0.4406 -0.1743
vn -0.7117 -0.6180 0.3340
vn -0.1266 -0.9122 -0.3897
vn 0.0495 -0.9871 0.1523
vn -0.4638 -0.8719 -0.1571
vn -0.6489 -0.6518 -0.3926
vn -0.4337 -0.8952 0.1023
vn -0.4845 -0.8640 0.1368
vn -0.7117 -0.6180 -0.3340
vn -0.1625 -0.8507 -0.5000
vn -0.2927 -0.8719 -0.3926
vn -0.2083 -0.7387 -0.6411
vn -0.0938 -0.7358 -0.6707
vn 0.0543 -0.9844 -0.1671
vn -0.5125 -0.8293 -0.2227
vn -0.1338 -0.7552 -0.6417
vn -0.0902 -0.7883 -0.6086
vn 0.8981 -0.4142 0.1481
vn 0.9121 0.1078 0.3955
vn 0.7409 -0.0185 0.6713
vn 0.6669 -0.3485 0.6586
vn 0.2452 -0.9129 -0.3263
vn -0.1658 -0.9847 0.0536
vn -0.4095 -0.8974 -0.1645
vn -0.3020 -0.8197 -0.4866
vn 0.2348 -0.6500 -0.7227
vn 0.4701 -0.7358 -0.4875
vn 0.1088 -0.9909 -0.0790
vn -0.6053 -0.5212 -0.6017
vn -0.1348 -0.3972 -0.9078
vn -0.1064 -0.4406 -0.8914
vn -0.5376 -0.6180 -0.5736
vn 0.3315 -0.9122 -0.2409
vn -0.1022 -0.9847 0.1412
vn -0.1295 -0.9871 0.0941
vn 0.0061 -0.8719 -0.4897
vn 0.1729 -0.6518 -0.7385
vn -0.2313 -0.8952 -0.3809
vn -0.2799 -0.8640 -0.4185
vn 0.0978 -0.6180 -0.7800
vn 0.4253 -0.8507 -0.3090
vn 0.2829 -0.8719 -0.3997
vn -0.8262 -0.5634 -0.0000
vn -0.3592 -0.9332 -0.0000
vn -0.3599 -0.9255 0.1181
vn -0.8169 -0.5674 0.1033
vn 0.0535 -0.8293 -0.5563
vn 0.5690 -0.7552 -0.3256
vn 0.5510 -0.7883 -0.2739
vn 0.1367 -0.4142 0.8999
vn -0.0943 0.1078 0.9897
vn -0.4095 -0.0185 0.9121
vn -0.4203 -0.3485 0.8378
vn 0.9411 -0.1890 0.2804
vn 0.6210 -0.5887 0.5175
vn 0.5979 -0.7676 0.2310
vn 0.7699 -0.6367 -0.0421
vn 0.9801 -0.0807 -0.1812
vn 0.9890 0.0914 0.1160
vn 0.8028 -0.3459 0.4856
vn 0.5118 -0.7745 -0.3718
vn 0.7722 -0.2982 -0.5610
vn 0.8043 -0.2922 -0.5175
vn 0.5899 -0.7572 -0.2804
vn 0.9216 -0.1114 0.3718
vn 0.6121 -0.5573 0.5610
vn 0.9209 -0.3845 0.0638
vn 0.9682 -0.1369 -0.2094
vn 0.7880 -0.6072 0.1017
vn 0.7699 -0.6367 0.0421
vn 0.9411 -0.1890 -0.2804
vn 0.9511 -0.0000 0.3090
vn 0.9682 -0.1369 0.2094
vn 0.9647 0.1574 0.2111
vn 0.9270 0.2155 0.3070
vn 0.7759 -0.2831 0.5637
vn 0.9464 -0.3230 -0.0000
vn 0.9437 0.1712 0.2832
vn 0.9308 0.1402 0.3377
vn -0.8136 -0.4142 0.4081
vn -0.9704 0.1078 0.2162
vn -0.9940 -0.0185 -0.1076
vn -0.9266 -0.3485 -0.1408
vn 0.0241 -0.1890 0.9817
vn -0.3002 -0.5887 0.7505
vn -0.0350 -0.7676 0.6400
vn 0.2780 -0.6367 0.7192
vn -0.1207 -0.3917 0.9121
vn 0.4475 -0.4129 0.7933
vn 0.4752 -0.0807 0.8762
vn 0.1953 0.0914 0.9765
vn -0.2764 -0.4472 0.8506
vn -0.1465 -0.4803 0.8648
vn -0.2138 -0.3459 0.9136
vn -0.0689 -0.1114 0.9914
vn -0.3444 -0.5573 0.7555
vn 0.2629 -0.5257 0.8090
vn 0.2239 -0.3845 0.8956
vn 0.4983 -0.1369 0.8561
vn 0.1468 -0.6072 0.7809
vn 0.1979 -0.6367 0.7453
vn 0.5575 -0.1890 0.8084
vn -0.1542 -0.5674 0.8089
vn 0.4091 -0.6138 0.6752
vn 0.4343 -0.5166 0.7379
vn -0.0000 -0.0000 1.0000
vn 0.1001 -0.1369 0.9855
vn 0.0973 0.1574 0.9827
vn -0.0056 0.2155 0.9765
vn -0.2964 -0.2831 0.9122
vn 0.2925 -0.3231 0.9001
vn 0.0223 0.1712 0.9850
vn -0.0335 0.1402 0.9895
vn -0.6395 -0.4142 -0.6477
vn -0.5055 0.1078 -0.8561
vn -0.2049 -0.0185 -0.9786
vn -0.1524 -0.3485 -0.9248
vn -0.9262 -0.1890 0.3263
vn -0.8066 -0.5887 -0.0536
vn -0.6195 -0.7676 0.1645
vn -0.5981 -0.6367 0.4866
vn -0.9048 -0.3917 0.1671
vn -0.6162 -0.4129 0.6707
vn -0.6864 -0.0807 0.7227
vn -0.8683 0.0914 0.4875
vn -0.8944 -0.4472 -0.0000
vn -0.8677 -0.4803 0.1279
vn -0.9349 -0.3459 0.0790
vn -0.9641 -0.1114 0.2409
vn -0.8250 -0.5573 -0.0941
vn -0.6882 -0.5257 0.5000
vn -0.7825 -0.3845 0.4897
vn -0.6603 -0.1369 0.7385
vn -0.6973 -0.6072 0.3809
vn -0.6477 -0.6367 0.4185
vn -0.5965 -0.1890 0.7800
vn -0.5157 -0.6138 0.5977
vn -0.5675 -0.5166 0.6411
vn -0.9511 -0.0000 0.3090
vn -0.9064 -0.1369 0.3997
vn -0.9046 0.1574 0.3962
vn -0.9304 0.2155 0.2965
vn -0.9591 -0.2831 -0.0000
vn -0.7656 -0.3230 0.5563
vn -0.9299 0.1712 0.3256
vn -0.9515 0.1402 0.2739
vn 0.4184 -0.4142 -0.8084
vn 0.6580 0.1078 -0.7453
vn 0.8674 -0.0185 -0.4972
vn 0.8325 -0.3485 -0.4307
vn -0.5965 -0.1890 -0.7800
vn -0.1983 -0.5887 -0.7837
vn -0.3479 -0.7676 -0.5383
vn -0.6477 -0.6367 -0.4185
vn -0.4385 -0.3917 -0.8089
vn -0.8283 -0.4129 -0.3788
vn -0.8995 -0.0807 -0.4295
vn -0.7319 0.0914 -0.6752
vn -0.2764 -0.4472 -0.8506
vn -0.3897 -0.4803 -0.7857
vn -0.3641 -0.3459 -0.8648
vn 0.3852 -0.5212 -0.7616
vn 0.8217 -0.3972 -0.4087
vn 0.8149 -0.4406 -0.3766
vn 0.3794 -0.6180 -0.6885
vn -0.5270 -0.1114 -0.8425
vn -0.1654 -0.5573 -0.8137
vn -0.6882 -0.5257 -0.5000
vn -0.7075 -0.3845 -0.5929
vn -0.9064 -0.1369 -0.3997
vn -0.5777 -0.6072 -0.5454
vn -0.5981 -0.6367 -0.4866
vn -0.9262 -0.1890 -0.3263
vn -0.3507 -0.5674 -0.7450
vn -0.7278 -0.6138 -0.3058
vn -0.7851 -0.5167 -0.3416
vn -0.5878 -0.0000 -0.8090
vn -0.6603 -0.1369 -0.7385
vn -0.6563 0.1574 -0.7379
vn -0.5695 0.2155 -0.7933
vn -0.2964 -0.2831 -0.9122
vn -0.7656 -0.3230 -0.5563
vn -0.5970 0.1712 -0.7838
vn -0.5545 0.1402 -0.8203
vn 0.8781 -0.0630 0.4744
vn 0.4696 -0.0361 0.8821
vn 0.4014 -0.3745 0.8358
vn 0.5926 -0.5318 0.6050
vn 0.5575 -0.1890 -0.8084
vn 0.6840 -0.5887 -0.4307
vn 0.4045 -0.7676 -0.4972
vn 0.1979 -0.6367 -0.7453
vn 0.6338 -0.3917 -0.6670
vn 0.1043 -0.4129 -0.9048
vn 0.1305 -0.0807 -0.9882
vn 0.4160 0.0914 -0.9048
vn 0.7236 -0.4472 -0.5257
vn 0.6269 -0.4803 -0.6135
vn 0.7099 -0.3459 -0.6135
vn 0.6384 -0.1114 -0.7616
vn 0.7227 -0.5573 -0.4087
vn 0.2629 -0.5257 -0.8090
vn 0.3453 -0.3845 -0.8561
vn 0.1001 -0.1369 -0.9855
vn 0.3402 -0.6072 -0.7180
vn 0.2780 -0.6367 -0.7192
vn 0.0241 -0.1890 -0.9817
vn 0.6002 -0.5674 -0.5637
vn 0.0659 -0.6138 -0.7867
vn 0.0823 -0.5167 -0.8522
vn 0.5878 -0.0000 -0.8090
vn 0.4983 -0.1369 -0.8561
vn 0.4989 0.1574 -0.8522
vn 0.5785 0.2155 -0.7867
vn 0.7759 -0.2831 -0.5637
vn 0.2925 -0.3231 -0.9001
vn 0.5609 0.1712 -0.8100
vn 0.6088 0.1402 -0.7809
vn -0.1798 -0.0630 0.9817
vn -0.6938 -0.0361 0.7192
vn -0.6709 -0.3745 0.6400
vn -0.3923 -0.5318 0.7505
vn 0.7225 -0.0630 0.6885
vn 0.7585 -0.5318 0.3766
vn 0.9190 -0.3745 0.1234
vn 0.9841 -0.0361 0.1741
vn 0.7453 0.3890 0.5415
vn 0.5785 0.2155 0.7867
vn 0.7099 -0.3459 0.6135
vn 0.9641 0.1114 -0.2409
vn 0.8250 0.5573 0.0941
vn 0.8350 0.5318 0.1412
vn 0.9892 0.0630 -0.1324
vn 0.6384 -0.1114 0.7616
vn 0.6840 -0.5887 0.4307
vn 0.7227 -0.5573 0.4087
vn 0.8856 0.0283 0.4635
vn 0.7825 0.3845 0.4897
vn 0.9515 -0.1402 0.2739
vn 0.9704 -0.1078 0.2162
vn 0.8136 0.4142 0.4081
vn 0.5878 -0.0000 0.8090
vn 0.7145 0.0283 0.6990
vn -0.8028 0.3459 0.4856
vn -0.9647 -0.1574 0.2111
vn -0.9270 -0.2155 0.3070
vn -0.7608 0.2790 0.5859
vn 0.8686 0.1171 0.4815
vn 0.4632 0.0965 0.8810
vn 0.4680 0.0327 0.8831
vn -0.9892 -0.0630 0.1324
vn -0.8984 -0.0361 -0.4376
vn -0.8160 -0.3745 -0.4403
vn -0.8350 -0.5318 -0.1412
vn -0.4316 -0.0630 0.8999
vn -0.1238 -0.5318 0.8378
vn 0.1666 -0.3745 0.9121
vn 0.1385 -0.0361 0.9897
vn -0.2847 0.3890 0.8762
vn -0.5695 0.2155 0.7933
vn -0.3641 -0.3459 0.8648
vn 0.5270 0.1114 0.8425
vn 0.1654 0.5573 0.8137
vn 0.1238 0.5318 0.8378
vn 0.4316 0.0630 0.8999
vn -0.5270 -0.1114 0.8425
vn -0.1983 -0.5887 0.7837
vn -0.1654 -0.5573 0.8137
vn -0.1672 0.0283 0.9855
vn -0.2239 0.3845 0.8956
vn 0.0335 -0.1402 0.9895
vn 0.0943 -0.1078 0.9897
vn -0.1367 0.4142 0.8999
vn -0.5878 -0.0000 0.8090
vn -0.4440 0.0283 0.8956
vn -0.7099 0.3459 -0.6135
vn -0.4989 -0.1574 -0.8522
vn -0.5785 -0.2155 -0.7867
vn -0.7759 0.2831 -0.5637
vn -0.1895 0.1171 0.9749
vn -0.6948 0.0965 0.7127
vn -0.6953 0.0327 0.7180
vn -0.4316 -0.0630 -0.8999
vn 0.1385 -0.0361 -0.9897
vn 0.1666 -0.3745 -0.9121
vn -0.1238 -0.5318 -0.8378
vn -0.9892 -0.0630 -0.1324
vn -0.8350 -0.5318 0.1412
vn -0.8160 -0.3745 0.4403
vn -0.8984 -0.0361 0.4376
vn -0.9213 0.3890 -0.0000
vn -0.9304 0.2155 -0.2965
vn -0.9349 -0.3459 -0.0790
vn -0.6384 0.1114 0.7616
vn -0.7227 0.5573 0.4087
vn -0.7585 0.5318 0.3766
vn -0.7225 0.0630 0.6885
vn -0.9641 -0.1114 -0.2409
vn -0.8066 -0.5887 0.0536
vn -0.8250 -0.5573 0.0941
vn -0.9889 0.0283 0.1456
vn -0.9209 0.3845 0.0638
vn -0.9308 -0.1402 0.3377
vn -0.9121 -0.1078 0.3955
vn -0.8981 0.4142 0.1481
vn -0.9511 -0.0000 -0.3090
vn -0.9889 0.0283 -0.1456
vn 0.3641 0.3459 -0.8648
vn 0.6563 -0.1574 -0.7379
vn 0.5695 -0.2155 -0.7933
vn 0.2964 0.2831 -0.9122
vn -0.9857 0.1171 0.1211
vn -0.8926 0.0965 -0.4405
vn -0.8977 0.0327 -0.4393
vn 0.7225 -0.0630 -0.6885
vn 0.9841 -0.0361 -0.1741
vn 0.9190 -0.3745 -0.1234
vn 0.7585 -0.5318 -0.3766
vn -0.1798 -0.0630 -0.9817
vn -0.3923 -0.5318 -0.7505
vn -0.6709 -0.3745 -0.6400
vn -0.6938 -0.0361 -0.7192
vn -0.2847 0.3890 -0.8762
vn -0.0056 0.2155 -0.9765
vn -0.2138 -0.3459 -0.9136
vn -0.9216 0.1114 -0.3718
vn -0.6121 0.5573 -0.5610
vn -0.5926 0.5318 -0.6050
vn -0.8781 0.0630 -0.4744
vn -0.0689 -0.1114 -0.9914
vn -0.3002 -0.5887 -0.7505
vn -0.3444 -0.5573 -0.7555
vn -0.4440 0.0283 -0.8956
vn -0.3453 0.3845 -0.8561
vn -0.6088 -0.1402 -0.7809
vn -0.6580 -0.1078 -0.7453
vn -0.4184 0.4142 -0.8084
vn -0.0000 -0.0000 -1.0000
vn -0.1672 0.0283 -0.9855
vn 0.8677 0.4803 0.1279
vn 0.5675 0.5166 0.6411
vn 0.6162 0.4129 0.6707
vn 0.9048 0.3917 0.1671
vn -0.4197 0.1171 -0.9001
vn 0.1431 0.0965 -0.9850
vn 0.1404 0.0327 -0.9895
vn 0.5376 0.6180 0.5736
vn 0.0196 0.8640 0.5031
vn -0.1131 0.6545 0.7476
vn 0.1064 0.4406 0.8914
vn 0.8781 -0.0630 -0.4744
vn 0.5926 -0.5318 -0.6050
vn 0.4014 -0.3745 -0.8358
vn 0.4696 -0.0361 -0.8821
vn 0.7453 0.3890 -0.5415
vn 0.9270 0.2155 -0.3070
vn 0.8028 -0.3459 -0.4856
vn 0.0689 0.1114 -0.9914
vn 0.3444 0.5573 -0.7555
vn 0.3923 0.5318 -0.7505
vn 0.1798 0.0630 -0.9817
vn 0.9216 -0.1114 -0.3718
vn 0.6210 -0.5887 -0.5175
vn 0.6121 -0.5573 -0.5610
vn 0.7145 0.0283 -0.6990
vn 0.7075 0.3845 -0.5929
vn 0.5545 -0.1402 -0.8203
vn 0.5055 -0.1078 -0.8561
vn 0.6395 0.4142 -0.6477
vn 0.9511 -0.0000 -0.3090
vn 0.8856 0.0283 -0.4635
vn 0.2138 0.3459 0.9136
vn -0.0973 -0.1574 0.9827
vn 0.0056 -0.2155 0.9765
vn 0.2964 0.2831 0.9122
vn 0.7263 0.1171 -0.6773
vn 0.9810 0.0965 -0.1683
vn 0.9845 0.0327 -0.1722
vn -0.3794 0.6180 0.6885
vn -0.4724 0.8640 0.1741
vn -0.7460 0.6544 0.1234
vn -0.8149 0.4406 0.3766
vn 0.3124 0.7572 0.5736
vn 0.3465 0.2922 0.8914
vn 0.6359 0.1915 0.7476
vn 0.7641 0.4039 0.5031
vn 0.3886 0.5225 0.7590
vn 0.7150 0.5680 0.4076
vn 0.5195 0.8406 0.1535
vn 0.2235 0.9255 0.3058
vn 0.2956 0.4533 0.8409
vn 0.4117 0.4859 0.7710
vn 0.2773 0.5510 0.7871
vn -0.3852 0.5212 0.7616
vn -0.8217 0.3972 0.4087
vn -0.8325 0.3485 0.4307
vn -0.4184 0.4142 0.8084
vn 0.1955 0.7745 0.6016
vn 0.2950 0.2982 0.9078
vn 0.6882 0.5257 0.5000
vn 0.5739 0.6518 0.4958
vn 0.6053 0.5212 0.6017
vn 0.5724 0.8048 0.1571
vn 0.6647 0.4333 0.6086
vn 0.7145 0.4039 0.5712
vn 0.6421 0.7572 0.1198
vn 0.4265 0.4466 0.7865
vn 0.7602 0.4776 0.4404
vn 0.7012 0.5256 0.4817
vn 0.1625 0.8507 0.5000
vn 0.3263 0.8048 0.4958
vn 0.1110 0.9333 0.3416
vn -0.0011 0.9255 0.3788
vn 0.1328 0.5558 0.8207
vn 0.5762 0.7020 0.4186
vn 0.0511 0.9206 0.3872
vn 0.0368 0.8952 0.4441
vn -0.7721 0.6180 -0.1481
vn -0.3115 0.8640 -0.3955
vn -0.3479 0.6545 -0.6713
vn -0.6100 0.4406 -0.6586
vn -0.4490 0.7572 0.4743
vn -0.7407 0.2922 0.6050
vn -0.5145 0.1915 0.8358
vn -0.2423 0.4039 0.8821
vn -0.6002 0.5674 0.5637
vn -0.0659 0.6138 0.7867
vn 0.0146 0.8406 0.5415
vn -0.2218 0.9255 0.3070
vn -0.7236 0.4472 0.5257
vn -0.6269 0.4803 0.6135
vn -0.6684 0.5634 0.4856
vn -0.8433 0.5212 -0.1310
vn -0.6427 0.3972 -0.6552
vn -0.6669 0.3485 -0.6586
vn -0.8981 0.4142 -0.1481
vn -0.5118 0.7745 0.3718
vn -0.7722 0.2982 0.5610
vn -0.2629 0.5257 0.8090
vn -0.2942 0.6518 0.6990
vn 0.0275 0.8048 0.5929
vn -0.3734 0.4333 0.8203
vn -0.3225 0.4039 0.8561
vn 0.0844 0.7572 0.6477
vn -0.6453 0.3673 0.6699
vn -0.1043 0.4129 0.9048
vn -0.0823 0.5167 0.8522
vn -0.4253 0.8507 0.3090
vn -0.3707 0.8048 0.4635
vn -0.2906 0.9333 0.2111
vn -0.3606 0.9255 0.1160
vn -0.7395 0.5558 0.3799
vn -0.2201 0.7020 0.6773
vn -0.3524 0.9206 0.1682
vn -0.4110 0.8952 0.1722
vn -0.0978 0.6180 -0.7800
vn 0.2799 0.8640 -0.4185
vn 0.5309 0.6545 -0.5383
vn 0.4379 0.4406 -0.7837
vn -0.5899 0.7572 -0.2804
vn -0.8043 0.2922 -0.5175
vn -0.9539 0.1915 -0.2310
vn -0.9138 0.4039 0.0421
vn -0.7216 0.5674 -0.3966
vn -0.7686 0.6138 0.1804
vn -0.5105 0.8406 0.1812
vn -0.3606 0.9255 -0.1160
vn -0.7236 0.4472 -0.5257
vn -0.7772 0.4803 -0.4066
vn -0.6684 0.5634 -0.4856
vn -0.1360 0.5212 -0.8425
vn 0.4245 0.3972 -0.8137
vn 0.4203 0.3485 -0.8378
vn -0.1367 0.4142 -0.8999
vn -0.5118 0.7745 -0.3718
vn -0.7722 0.2982 -0.5610
vn -0.8506 0.5257 -0.0000
vn -0.7557 0.6518 -0.0638
vn -0.5554 0.8048 0.2093
vn -0.8955 0.4333 -0.1017
vn -0.9138 0.4039 -0.0421
vn -0.5899 0.7572 0.2804
vn -0.8302 0.3917 -0.3966
vn -0.8927 0.4129 0.1804
vn -0.8360 0.5167 0.1851
vn -0.4253 0.8507 -0.3090
vn -0.5554 0.8048 -0.2093
vn -0.2906 0.9333 -0.2111
vn -0.2218 0.9255 -0.3070
vn -0.6002 0.5674 -0.5637
vn -0.7122 0.7020 -0.0000
vn -0.2689 0.9206 -0.2832
vn -0.2908 0.8952 -0.3377
vn 0.7117 0.6180 -0.3340
vn 0.4845 0.8640 0.1368
vn 0.6761 0.6544 0.3386
vn 0.8806 0.4406 0.1743
vn 0.0844 0.7572 -0.6477
vn 0.2436 0.2922 -0.9248
vn -0.0751 0.1915 -0.9786
vn -0.3225 0.4039 -0.8561
vn 0.1542 0.5674 -0.8089
vn -0.4091 0.6138 -0.6752
vn -0.3301 0.8406 -0.4295
vn -0.0011 0.9255 -0.3788
vn 0.2764 0.4472 -0.8506
vn 0.1465 0.4803 -0.8648
vn 0.2553 0.5634 -0.7857
vn 0.7592 0.5212 -0.3897
vn 0.9050 0.3972 0.1523
vn 0.9266 0.3485 0.1408
vn 0.8136 0.4142 -0.4081
vn 0.1955 0.7745 -0.6016
vn 0.2950 0.2982 -0.9078
vn -0.2629 0.5257 -0.8090
vn -0.1729 0.6518 -0.7385
vn -0.3707 0.8048 -0.4635
vn -0.1800 0.4333 -0.8831
vn -0.2423 0.4039 -0.8821
vn -0.4490 0.7572 -0.4743
vn 0.1207 0.3917 -0.9122
vn -0.4475 0.4129 -0.7933
vn -0.4343 0.5167 -0.7379
vn 0.1625 0.8507 -0.5000
vn 0.0275 0.8048 -0.5929
vn 0.1110 0.9333 -0.3416
vn 0.2235 0.9255 -0.3058
vn 0.3507 0.5674 -0.7450
vn -0.2201 0.7020 -0.6773
vn 0.1862 0.9206 -0.3433
vn 0.2313 0.8952 -0.3809
vn 0.2345 0.9129 -0.3340
vn 0.0003 0.9847 0.1743
vn 0.2830 0.8974 0.3386
vn 0.5561 0.8197 0.1368
vn 0.6421 0.7572 -0.1198
vn 0.9548 0.2922 -0.0541
vn 0.9075 0.1915 -0.3738
vn 0.7145 0.4039 -0.5712
vn 0.8169 0.5674 -0.1033
vn 0.5157 0.6138 -0.5977
vn 0.3065 0.8406 -0.4467
vn 0.3599 0.9255 -0.1181
vn 0.8944 0.4472 -0.0000
vn 0.8677 0.4803 -0.1279
vn 0.8262 0.5634 -0.0000
vn 0.2436 0.2922 0.9248
vn 0.6326 0.7745 -0.0000
vn 0.9548 0.2922 0.0541
vn 0.9545 0.2982 -0.0000
vn 0.6882 0.5257 -0.5000
vn 0.6489 0.6518 -0.3926
vn 0.3263 0.8048 -0.4958
vn 0.7843 0.4333 -0.4441
vn 0.7641 0.4039 -0.5031
vn 0.3124 0.7572 -0.5736
vn 0.9048 0.3917 -0.1671
vn 0.6162 0.4129 -0.6707
vn 0.5675 0.5166 -0.6411
vn 0.5257 0.8507 -0.0000
vn 0.5724 0.8048 -0.1571
vn -0.1088 0.9909 0.0790
vn -0.5453 0.7387 0.3962
vn -0.4701 0.7358 0.4875
vn -0.0543 0.9844 0.1671
vn 0.5762 0.7020 -0.4186
vn 0.3840 0.9206 0.0710
vn 0.4337 0.8952 0.1023
vn 0.0511 0.9206 -0.3872
vn 0.0895 0.9939 -0.0650
vn 0.1422 0.9844 -0.1033
vn 0.6668 0.7358 -0.1181
vn 0.6148 0.6500 -0.4467
vn 0.3183 0.7358 -0.5977
vn 0.3901 0.9129 -0.1198
vn 0.0417 0.8197 -0.5712
vn -0.2346 0.8974 -0.3738
vn -0.1657 0.9847 -0.0541
vn 0.4638 0.8719 -0.1571
vn 0.4098 0.9122 -0.0000
vn 0.2927 0.8719 -0.3926
vn 0.6067 0.7883 0.1023
vn 0.6517 0.7552 0.0710
vn 0.3702 0.8293 -0.4186
vn 0.1344 0.9909 -0.0000
vn 0.1422 0.9844 0.1033
vn 0.6668 0.7358 0.1181
vn 0.6741 0.7387 -0.0000
vn 0.1266 0.9122 -0.3897
vn 0.5125 0.8293 -0.2227
vn 0.1338 0.7552 -0.6417
vn 0.0902 0.7883 -0.6086
vn -0.0000 1.0000 -0.0000
vn 0.0415 0.9909 -0.1279
vn -0.8043 0.2922 0.5175
vn 0.0066 0.9129 -0.4081
vn -0.1027 0.9847 0.1409
vn -0.0495 0.9871 0.1523
vn 0.5195 0.8406 -0.1535
vn 0.7278 0.6138 -0.3058
vn 0.8489 0.5245 -0.0650
vn 0.8005 0.4574 -0.3872
vn 0.6156 0.4574 -0.6417
vn 0.3242 0.5245 -0.7873
vn 0.6647 0.4333 -0.6086
vn 0.5739 0.6518 -0.4958
vn -0.0061 0.8719 -0.4897
vn -0.0535 0.8293 -0.5563
vn -0.5690 0.7552 -0.3256
vn -0.5510 0.7883 -0.2739
vn 0.5376 0.6180 -0.5736
vn 0.0196 0.8640 -0.5031
vn 0.0368 0.8952 -0.4441
vn -0.2452 0.9129 -0.3263
vn 0.1658 0.9847 0.0536
vn 0.4095 0.8974 -0.1645
vn 0.3020 0.8197 -0.4866
vn 0.6359 0.1915 -0.7476
vn 0.3465 0.2922 -0.8914
vn 0.1064 0.4406 -0.8914
vn -0.1131 0.6545 -0.7476
vn 0.6053 0.5212 -0.6017
vn 0.0415 0.9909 0.1279
vn 0.2083 0.7387 0.6411
vn 0.3183 0.7358 0.5977
vn 0.3897 0.4803 -0.7857
vn -0.2553 -0.5634 0.7857
vn -0.1110 -0.9333 0.3416
vn 0.0011 -0.9255 0.3788
vn 0.1524 0.3485 -0.9248
vn 0.1348 0.3972 -0.9078
vn -0.3524 0.9206 -0.1682
vn -0.0342 0.9939 -0.1052
vn -0.0543 0.9844 -0.1671
vn 0.0938 0.7358 -0.6707
vn -0.2348 0.6500 -0.7227
vn -0.4701 0.7358 -0.4875
vn -0.5304 0.8197 -0.2162
vn -0.4280 0.8974 0.1076
vn -0.2829 0.8719 -0.3997
vn 0.2847 0.7883 -0.5454
vn 0.2689 0.7552 -0.5978
vn -0.2837 0.8293 -0.4815
vn -0.3315 0.9122 -0.2409
vn 0.2083 0.7387 -0.6411
vn -0.1088 0.9909 -0.0790
vn -0.3861 0.9129 -0.1324
vn 0.1022 0.9847 0.1412
vn 0.1295 0.9871 0.0941
vn 0.0146 0.8406 -0.5415
vn -0.0659 0.6138 -0.7867
vn 0.2005 0.5245 -0.8275
vn -0.1209 0.4574 -0.8810
vn -0.4201 0.4574 -0.7838
vn -0.6486 0.5245 -0.5516
vn -0.3734 0.4333 -0.8203
vn -0.2942 0.6518 -0.6990
vn -0.4676 0.8719 -0.1456
vn -0.5456 0.8293 -0.1211
vn -0.4854 0.7552 0.4405
vn -0.4308 0.7883 0.4393
vn -0.3794 0.6180 -0.6885
vn -0.4724 0.8640 -0.1741
vn -0.4110 0.8952 -0.1722
vn -0.3861 0.9129 0.1324
vn 0.1022 0.9847 -0.1412
vn -0.0299 0.8974 -0.4403
vn -0.3695 0.8197 -0.4376
vn -0.5145 0.1915 -0.8358
vn -0.7407 0.2922 -0.6050
vn -0.8149 0.4406 -0.3766
vn -0.7460 0.6544 -0.1234
vn -0.3852 0.5212 -0.7616
vn 0.7851 0.5167 -0.3416
vn 0.8283 0.4129 -0.3788
vn 0.4385 0.3917 -0.8089
vn -0.6269 0.4803 -0.6135
vn -0.8325 0.3485 -0.4307
vn -0.8217 0.3972 -0.4087
vn -0.2689 0.9206 0.2832
vn -0.1106 0.9939 -0.0000
vn -0.1757 0.9844 -0.0000
vn -0.6089 0.7358 -0.2964
vn -0.7599 0.6500 -0.0000
vn -0.6089 0.7358 0.2964
vn -0.3695 0.8197 0.4376
vn -0.0299 0.8974 0.4403
vn -0.4676 0.8719 0.1456
vn -0.4308 0.7883 -0.4393
vn -0.4854 0.7552 -0.4405
vn -0.5456 0.8293 0.1211
vn -0.3315 0.9122 0.2409
vn -0.5453 0.7387 -0.3962
vn -0.2452 0.9129 0.3263
vn 0.1659 0.9847 -0.0536
vn 0.1295 0.9871 -0.0941
vn -0.5105 0.8406 -0.1812
vn -0.8033 0.5848 -0.1129
vn -0.7250 0.5245 -0.4464
vn -0.8752 0.4574 -0.1573
vn -0.8752 0.4574 0.1573
vn -0.7250 0.5245 0.4464
vn -0.8955 0.4333 0.1017
vn -0.7557 0.6518 0.0638
vn -0.2829 0.8719 0.3997
vn -0.2837 0.8293 0.4815
vn 0.2689 0.7552 0.5978
vn 0.2847 0.7883 0.5454
vn -0.7721 0.6180 0.1481
vn -0.3115 0.8640 0.3955
vn -0.2908 0.8952 0.3377
vn 0.0066 0.9129 0.4081
vn -0.1027 0.9847 -0.1409
vn -0.4280 0.8974 -0.1076
vn -0.5304 0.8197 0.2162
vn -0.9539 0.1915 0.2310
vn -0.6100 0.4406 0.6586
vn -0.3479 0.6545 0.6713
vn -0.8433 0.5212 0.1310
vn -0.0823 0.5167 -0.8522
vn -0.1043 0.4129 -0.9048
vn -0.6338 0.3917 -0.6670
vn -0.7889 0.4875 0.3742
vn -0.6669 0.3485 0.6586
vn -0.6427 0.3972 0.6552
vn 0.1862 0.9206 0.3433
vn -0.0342 0.9939 0.1052
vn -0.2348 0.6500 0.7227
vn 0.0938 0.7358 0.6707
vn 0.3020 0.8197 0.4866
vn 0.4095 0.8974 0.1645
vn -0.0061 0.8719 0.4897
vn -0.5510 0.7883 0.2739
vn -0.5690 0.7552 0.3256
vn -0.0535 0.8293 0.5563
vn 0.1266 0.9122 0.3897
vn 0.3592 0.9332 -0.0000
vn 0.3599 0.9255 0.1181
vn 0.8169 0.5674 0.1033
vn 0.2345 0.9129 0.3340
vn 0.0003 0.9847 -0.1743
vn -0.0495 0.9871 -0.1523
vn -0.3301 0.8406 0.4295
vn -0.3556 0.5848 0.7291
vn -0.6486 0.5245 0.5516
vn -0.4201 0.4574 0.7838
vn -0.1209 0.4574 0.8810
vn 0.2005 0.5245 0.8275
vn -0.1800 0.4333 0.8831
vn -0.1729 0.6518 0.7385
vn 0.2927 0.8719 0.3926
vn 0.3702 0.8293 0.4186
vn 0.6517 0.7552 -0.0710
vn 0.6067 0.7883 -0.1023
vn -0.0978 0.6180 0.7800
vn 0.2799 0.8640 0.4185
vn 0.2313 0.8952 0.3809
vn 0.3901 0.9129 0.1198
vn -0.1657 0.9847 0.0541
vn -0.2346 0.8974 0.3738
vn 0.0417 0.8197 0.5712
vn -0.0751 0.1915 0.9786
vn 0.4379 0.4406 0.7837
vn 0.5309 0.6545 0.5383
vn -0.1360 0.5212 0.8425
vn -0.8490 0.5247 -0.0623
vn -0.8823 0.4569 -0.1129
vn -0.8278 0.4129 0.3799
vn 0.1121 0.4875 0.8659
vn -0.1601 0.9871 -0.0000
vn 0.4203 0.3485 0.8378
vn 0.4245 0.3972 0.8137
vn 0.3840 0.9206 -0.0710
vn 0.0895 0.9939 0.0650
vn 0.6148 0.6500 0.4467
vn 0.5561 0.8197 -0.1368
vn 0.2830 0.8974 -0.3386
vn 0.4638 0.8719 0.1571
vn 0.0902 0.7883 0.6086
vn 0.1338 0.7552 0.6417
vn 0.5125 0.8293 0.2227
vn 0.3065 0.8406 0.4467
vn 0.5157 0.6138 0.5977
vn 0.3242 0.5245 0.7873
vn 0.6156 0.4574 0.6417
vn 0.8005 0.4574 0.3872
vn 0.8489 0.5245 0.0650
vn 0.7843 0.4333 0.4441
vn 0.6489 0.6518 0.3926
vn 0.9064 0.1369 -0.3997
vn 0.8686 0.1171 -0.4815
vn 0.5552 0.5783 -0.5978
vn 0.5777 0.6072 -0.5454
vn 0.7117 0.6180 0.3340
vn 0.4845 0.8640 -0.1368
vn 0.4337 0.8952 -0.1023
vn 0.9940 0.0185 0.1076
vn 0.9704 -0.1078 -0.2162
vn 0.9075 0.1915 0.3738
vn 0.8806 0.4406 -0.1743
vn 0.6761 0.6545 -0.3386
vn 0.7592 0.5212 0.3897
vn -0.3216 0.5247 0.7882
vn -0.3800 0.4569 0.8042
vn 0.1055 0.4129 0.9047
vn 0.9266 0.3485 -0.1408
vn 0.9050 0.3972 -0.1523
vn 0.7401 0.5783 -0.3433
vn 0.9042 0.4139 -0.1052
vn 0.8683 -0.0914 -0.4875
vn 0.6864 0.0807 -0.7227
vn 0.9262 0.1890 -0.3263
vn 0.5981 0.6367 -0.4866
vn 0.6195 0.7676 -0.1645
vn 0.8066 0.5887 0.0536
vn 0.7825 0.3845 -0.4897
vn 0.9515 -0.1402 -0.2739
vn 0.9299 -0.1712 -0.3256
vn 0.7656 0.3230 -0.5563
vn 0.9349 0.3459 -0.0790
vn 0.9591 0.2831 -0.0000
vn 0.9304 -0.2155 -0.2964
vn 0.9046 -0.1574 -0.3962
vn 0.8995 0.0807 -0.4295
vn 0.7319 -0.0914 -0.6752
vn 0.7592 -0.3455 -0.5516
vn 0.5970 -0.1712 -0.7838
vn 0.4632 0.0965 -0.8810
vn 0.3795 0.4139 -0.8275
vn 0.4680 0.0327 -0.8831
vn 0.6603 0.1369 -0.7385
vn -0.1001 0.1369 -0.9855
vn -0.1895 0.1171 -0.9749
vn -0.3970 0.5783 -0.7127
vn -0.3402 0.6072 -0.7180
vn 0.5965 0.1890 -0.7800
vn 0.6477 0.6367 -0.4185
vn 0.6973 0.6072 -0.3809
vn 0.4095 0.0185 -0.9121
vn 0.0943 -0.1078 -0.9897
vn 0.2049 0.0185 -0.9786
vn 0.1983 0.5887 -0.7837
vn 0.3479 0.7676 -0.5383
vn 0.5270 0.1114 -0.8425
vn 0.0973 0.1574 -0.9827
vn 0.1953 0.0914 -0.9765
vn -0.1207 -0.3917 -0.9121
vn 0.4316 0.0630 -0.8999
vn 0.1238 0.5318 -0.8378
vn 0.1654 0.5573 -0.8137
vn -0.0978 0.5783 -0.8100
vn 0.1794 0.4139 -0.8925
vn -0.1953 -0.0914 -0.9765
vn -0.4752 0.0807 -0.8762
vn -0.0241 0.1890 -0.9817
vn -0.2780 0.6367 -0.7192
vn 0.0350 0.7676 -0.6400
vn 0.3002 0.5887 -0.7505
vn -0.2239 0.3845 -0.8956
vn 0.0335 -0.1402 -0.9895
vn -0.0223 -0.1712 -0.9850
vn -0.2925 0.3230 -0.9001
vn 0.2138 0.3459 -0.9136
vn 0.0056 -0.2155 -0.9765
vn -0.0973 -0.1574 -0.9827
vn 0.1348 0.3972 0.9078
vn 0.1524 0.3485 0.9248
vn 0.6395 0.4142 0.6477
vn -0.1305 0.0807 -0.9882
vn -0.4160 -0.0914 -0.9048
vn -0.2900 -0.3455 -0.8925
vn -0.5609 -0.1712 -0.8100
vn -0.6948 0.0965 -0.7127
vn -0.6697 0.4139 -0.6166
vn -0.6953 0.0327 -0.7180
vn -0.4983 0.1369 -0.8561
vn -0.9682 0.1369 -0.2094
vn -0.9857 0.1171 -0.1211
vn -0.8005 0.5783 0.1573
vn -0.7880 0.6072 0.1017
vn -0.5575 0.1890 -0.8084
vn -0.1979 0.6367 -0.7453
vn -0.1468 0.6072 -0.7809
vn -0.7409 0.0185 -0.6713
vn -0.9121 -0.1078 -0.3955
vn -0.8674 0.0185 -0.4972
vn -0.6840 0.5887 -0.4307
vn -0.4045 0.7676 -0.4972
vn -0.6384 0.1114 -0.7616
vn -0.9046 0.1574 -0.3962
vn -0.8683 0.0914 -0.4875
vn -0.9048 -0.3917 -0.1671
vn -0.7225 0.0630 -0.6885
vn -0.7585 0.5318 -0.3766
vn -0.7227 0.5573 -0.4087
vn -0.8005 0.5783 -0.1573
vn -0.7934 0.4139 -0.4464
vn -0.9890 -0.0914 -0.1160
vn -0.9801 0.0807 0.1812
vn -0.9411 0.1890 -0.2804
vn -0.7699 0.6367 0.0421
vn -0.5979 0.7676 -0.2310
vn -0.6210 0.5887 -0.5175
vn -0.9209 0.3845 -0.0638
vn -0.9308 -0.1402 -0.3377
vn -0.9437 -0.1712 -0.2832
vn -0.9464 0.3230 -0.0000
vn -0.8028 0.3459 -0.4856
vn -0.9270 -0.2155 -0.3070
vn -0.9647 -0.1574 -0.2111
vn -0.9801 0.0807 -0.1812
vn -0.9890 -0.0914 0.1160
vn -0.9384 -0.3455 -0.0000
vn -0.9437 -0.1712 0.2832
vn -0.8926 0.0965 0.4405
vn -0.7934 0.4139 0.4464
vn -0.8977 0.0327 0.4393
vn -0.9682 0.1369 0.2094
vn -0.4983 0.1369 0.8561
vn -0.4197 0.1171 0.9001
vn -0.0978 0.5783 0.8100
vn -0.1468 0.6072 0.7809
vn -0.9411 0.1890 0.2804
vn -0.7699 0.6367 -0.0421
vn -0.7880 0.6072 -0.1017
vn -0.8674 0.0185 0.4972
vn -0.6580 -0.1078 0.7453
vn -0.7409 0.0185 0.6713
vn -0.6210 0.5887 0.5175
vn -0.5979 0.7676 0.2310
vn -0.9216 0.1114 0.3718
vn -0.6563 0.1574 0.7379
vn -0.7319 0.0914 0.6752
vn -0.4385 -0.3917 0.8089
vn -0.8781 0.0630 0.4744
vn -0.5926 0.5318 0.6050
vn -0.6121 0.5573 0.5610
vn -0.3970 0.5783 0.7127
vn -0.6697 0.4139 0.6166
vn -0.4826 -0.0565 0.8740
vn -0.1305 0.0807 0.9882
vn -0.5575 0.1890 0.8084
vn -0.1979 0.6367 0.7453
vn -0.4045 0.7676 0.4972
vn -0.6840 0.5887 0.4307
vn -0.3453 0.3845 0.8561
vn -0.6088 -0.1402 0.7809
vn -0.5609 -0.1712 0.8100
vn -0.2925 0.3230 0.9001
vn -0.7042 0.3183 0.6346
vn -0.5861 -0.1356 0.7988
vn -0.5601 -0.0530 0.8267
vn -0.4752 0.0807 0.8762
vn -0.1953 -0.0914 0.9765
vn -0.2900 -0.3455 0.8925
vn -0.0223 -0.1712 0.9850
vn 0.1431 0.0965 0.9850
vn 0.1794 0.4139 0.8925
vn 0.1404 0.0327 0.9895
vn -0.1001 0.1369 0.9855
vn 0.6603 0.1369 0.7385
vn 0.7263 0.1171 0.6773
vn 0.7401 0.5783 0.3433
vn 0.6973 0.6072 0.3809
vn -0.0241 0.1890 0.9817
vn -0.2780 0.6367 0.7192
vn -0.3402 0.6072 0.7180
vn 0.2049 0.0185 0.9786
vn 0.5055 -0.1078 0.8561
vn 0.4095 0.0185 0.9121
vn 0.3002 0.5887 0.7505
vn 0.0350 0.7676 0.6400
vn 0.0689 0.1114 0.9914
vn 0.4989 0.1574 0.8522
vn 0.4160 0.0914 0.9048
vn 0.6338 -0.3917 0.6670
vn 0.1798 0.0630 0.9817
vn 0.3923 0.5318 0.7505
vn 0.3444 0.5573 0.7555
vn 0.5552 0.5783 0.5978
vn 0.3795 0.4139 0.8275
vn 0.7319 -0.0914 0.6752
vn 0.8995 0.0807 0.4295
vn 0.5965 0.1890 0.7800
vn 0.6477 0.6367 0.4185
vn 0.3479 0.7676 0.5383
vn 0.1983 0.5887 0.7837
vn 0.7075 0.3845 0.5929
vn 0.5545 -0.1402 0.8203
vn 0.5970 -0.1712 0.7838
vn 0.7656 0.3230 0.5563
vn 0.3688 0.3680 0.8535
vn 0.5695 -0.2155 0.7933
vn 0.6563 -0.1574 0.7379
vn 0.6864 0.0807 0.7227
vn 0.8683 -0.0914 0.4875
vn 0.7592 -0.3455 0.5516
vn 0.9299 -0.1712 0.3256
vn 0.9810 0.0965 0.1683
vn 0.9042 0.4139 0.1052
vn 0.9845 0.0327 0.1722
vn 0.9064 0.1369 0.3997
vn 0.4440 -0.0283 -0.8956
vn 0.4197 -0.1171 -0.9001
vn -0.1431 -0.0965 -0.9850
vn -0.1404 -0.0327 -0.9895
vn 0.9262 0.1890 0.3263
vn 0.5981 0.6367 0.4866
vn 0.5777 0.6072 0.5454
vn 0.6709 0.3745 -0.6400
vn 0.6938 0.0361 -0.7192
vn 0.9940 0.0185 -0.1076
vn 0.8066 0.5887 -0.0536
vn 0.6195 0.7676 0.1645
vn 0.9641 0.1114 0.2409
vn 0.9647 0.1574 -0.2111
vn 0.9890 0.0914 -0.1160
vn 0.8302 -0.3917 -0.3966
vn 0.9349 0.3459 0.0790
vn 0.9892 0.0630 0.1324
vn 0.8350 0.5318 -0.1412
vn 0.8250 0.5573 -0.0941
vn 0.0223 0.1712 -0.9850
vn 0.2900 0.3455 -0.8925
vn 0.2847 -0.3890 -0.8762
vn -0.1385 0.0361 -0.9897
vn -0.1666 0.3745 -0.9121
vn 0.1672 -0.0283 -0.9855
vn 0.6953 -0.0327 -0.7180
vn 0.6948 -0.0965 -0.7127
vn 0.1895 -0.1171 -0.9749
vn 0.4752 -0.0807 -0.8762
vn 0.4475 -0.4129 -0.7933
vn 0.6697 -0.4139 -0.6166
vn 0.3970 -0.5783 -0.7127
vn 0.0978 -0.5783 -0.8100
vn -0.1794 -0.4139 -0.8925
vn 0.1468 -0.6072 -0.7809
vn 0.2239 -0.3845 -0.8956
vn -0.7145 -0.0283 -0.6990
vn -0.7263 -0.1171 -0.6773
vn -0.9810 -0.0965 -0.1683
vn -0.9845 -0.0327 -0.1722
vn 0.1367 -0.4142 -0.8999
vn -0.0943 0.1078 -0.9897
vn -0.0335 0.1402 -0.9895
vn -0.4014 0.3745 -0.8358
vn -0.4696 0.0361 -0.8821
vn -0.0350 -0.7676 -0.6400
vn -0.4203 -0.3485 -0.8378
vn -0.4095 -0.0185 -0.9121
vn 0.1360 -0.5212 -0.8425
vn 0.9046 -0.1574 0.3962
vn 0.9304 -0.2155 0.2965
vn -0.1465 -0.4803 -0.8648
vn -0.4379 -0.4406 -0.7837
vn -0.4245 -0.3972 -0.8137
vn -0.9299 0.1712 -0.3256
vn -0.7592 0.3455 -0.5516
vn -0.7453 -0.3890 -0.5415
vn -0.9841 0.0361 -0.1741
vn -0.9190 0.3745 -0.1234
vn -0.8856 -0.0283 -0.4635
vn -0.4680 -0.0327 -0.8831
vn -0.4632 -0.0965 -0.8810
vn -0.8686 -0.1171 -0.4815
vn -0.6864 -0.0807 -0.7227
vn -0.6162 -0.4129 -0.6707
vn -0.3795 -0.4139 -0.8275
vn -0.5552 -0.5783 -0.5978
vn -0.7401 -0.5783 -0.3433
vn -0.9042 -0.4139 -0.1052
vn -0.6973 -0.6072 -0.3809
vn -0.7825 -0.3845 -0.4897
vn -0.8856 -0.0283 0.4635
vn -0.8686 -0.1171 0.4815
vn -0.4632 -0.0965 0.8810
vn -0.4680 -0.0327 0.8831
vn -0.8136 -0.4142 -0.4081
vn -0.9704 0.1078 -0.2162
vn -0.9515 0.1402 -0.2739
vn -0.9190 0.3745 0.1234
vn -0.9841 0.0361 0.1741
vn -0.6195 -0.7676 -0.1645
vn -0.9266 -0.3485 0.1408
vn -0.9940 -0.0185 0.1076
vn -0.7592 -0.5212 -0.3897
vn 0.4343 -0.5166 -0.7379
vn 0.4091 -0.6138 -0.6752
vn -0.1542 -0.5674 -0.8089
vn -0.8677 -0.4803 -0.1279
vn -0.8806 -0.4406 0.1743
vn -0.9050 -0.3972 0.1523
vn -0.5970 0.1712 0.7838
vn -0.7592 0.3455 0.5516
vn -0.7453 -0.3890 0.5415
vn -0.4696 0.0361 0.8821
vn -0.4014 0.3745 0.8358
vn -0.7145 -0.0283 0.6990
vn -0.9845 -0.0327 0.1722
vn -0.9810 -0.0965 0.1683
vn -0.7263 -0.1171 0.6773
vn -0.8995 -0.0807 0.4295
vn -0.8283 -0.4129 0.3788
vn -0.9042 -0.4139 0.1052
vn -0.7401 -0.5783 0.3433
vn -0.5552 -0.5783 0.5978
vn -0.3795 -0.4139 0.8275
vn -0.5777 -0.6072 0.5454
vn -0.7075 -0.3845 0.5929
vn 0.1826 -0.0430 0.9822
vn 0.2209 -0.1125 0.9688
vn 0.6011 -0.0856 0.7946
vn 0.6410 -0.0696 0.7643
vn -0.6395 -0.4142 0.6477
vn -0.5055 0.1078 0.8561
vn -0.5545 0.1402 0.8203
vn -0.1666 0.3745 0.9121
vn -0.1385 0.0361 0.9897
vn -0.3479 -0.7676 0.5383
vn -0.1524 -0.3485 0.9248
vn -0.2049 -0.0185 0.9786
vn -0.6053 -0.5212 0.6017
vn -0.2553 -0.5634 -0.7857
vn -0.1110 -0.9333 -0.3416
vn -0.2235 -0.9255 -0.3058
vn -0.3897 -0.4803 0.7857
vn -0.1064 -0.4406 0.8914
vn -0.1348 -0.3972 0.9078
vn 0.5609 0.1712 0.8100
vn 0.2900 0.3455 0.8925
vn 0.2847 -0.3890 0.8762
vn 0.6938 0.0361 0.7192
vn 0.6709 0.3745 0.6400
vn 0.4440 -0.0283 0.8956
vn -0.1404 -0.0327 0.9895
vn -0.1431 -0.0965 0.9850
vn 0.4197 -0.1171 0.9001
vn 0.1305 -0.0807 0.9882
vn 0.1043 -0.4129 0.9048
vn -0.1794 -0.4139 0.8925
vn 0.0978 -0.5783 0.8100
vn 0.4194 -0.5546 0.7187
vn 0.6266 -0.3528 0.6950
vn 0.3402 -0.6072 0.7180
vn 0.3453 -0.3845 0.8561
vn 0.9889 -0.0283 0.1456
vn 0.9857 -0.1171 0.1211
vn 0.8926 -0.0965 -0.4405
vn 0.8977 -0.0327 -0.4393
vn 0.4184 -0.4142 0.8084
vn 0.6580 0.1078 0.7453
vn 0.6088 0.1402 0.7809
vn 0.8160 0.3745 0.4403
vn 0.8984 0.0361 0.4376
vn 0.4045 -0.7676 0.4972
vn 0.8325 -0.3485 0.4307
vn 0.8674 -0.0185 0.4972
vn 0.3852 -0.5212 0.7616
vn 0.7772 -0.4803 -0.4066
vn 0.8360 -0.5167 0.1851
vn 0.7686 -0.6138 0.1804
vn 0.7216 -0.5674 -0.3966
vn 0.6269 -0.4803 0.6135
vn 0.8149 -0.4406 0.3766
vn 0.8217 -0.3972 0.4087
vn 0.9437 0.1712 -0.2832
vn 0.9384 0.3455 -0.0000
vn 0.9213 -0.3890 -0.0000
vn 0.8984 0.0361 -0.4376
vn 0.8160 0.3745 -0.4403
vn 0.9889 -0.0283 -0.1456
vn 0.8977 -0.0327 0.4393
vn 0.8926 -0.0965 0.4405
vn 0.9857 -0.1171 -0.1211
vn 0.9801 -0.0807 0.1812
vn 0.8927 -0.4129 0.1804
vn 0.7934 -0.4139 0.4464
vn 0.8005 -0.5783 0.1573
vn 0.8005 -0.5783 -0.1573
vn 0.7934 -0.4139 -0.4464
vn 0.7880 -0.6072 -0.1017
vn 0.9209 -0.3845 -0.0638
vn 0.3707 -0.8048 -0.4635
vn 0.2837 -0.8293 -0.4815
vn 0.1209 -0.4574 -0.8810
vn 0.1800 -0.4333 -0.8831
vn 0.8981 -0.4142 -0.1481
vn 0.9121 0.1078 -0.3955
vn 0.9308 0.1402 -0.3377
vn 0.7460 -0.6545 -0.1234
vn 0.4724 -0.8640 -0.1741
vn 0.5979 -0.7676 -0.2310
vn 0.6669 -0.3485 -0.6586
vn 0.7409 -0.0185 -0.6713
vn 0.8433 -0.5212 -0.1310
vn 0.5453 -0.7387 -0.3962
vn 0.6089 -0.7358 -0.2964
vn 0.1757 -0.9844 -0.0000
vn 0.7721 -0.6180 -0.1481
vn 0.6100 -0.4406 -0.6586
vn 0.6427 -0.3972 -0.6552
vn 0.4201 -0.4574 -0.7838
vn 0.6486 -0.5245 -0.5516
vn 0.2218 -0.9255 -0.3070
vn -0.0146 -0.8406 -0.5415
vn 0.4490 -0.7572 -0.4743
vn 0.2423 -0.4039 -0.8821
vn 0.5145 -0.1915 -0.8358
vn 0.7407 -0.2922 -0.6050
vn 0.2942 -0.6518 -0.6990
vn 0.4110 -0.8952 -0.1722
vn 0.3524 -0.9206 -0.1682
vn 0.2201 -0.7020 -0.6773
vn 0.6684 -0.5634 -0.4856
vn 0.3605 -0.9255 -0.1160
vn 0.2906 -0.9333 -0.2111
vn 0.3301 -0.8406 -0.4295
vn 0.0011 -0.9255 -0.3788
vn 0.0342 -0.9939 -0.1052
vn -0.1862 -0.9206 -0.3433
vn -0.2689 -0.7552 -0.5978
vn -0.2005 -0.5245 -0.8275
vn -0.2847 -0.7883 -0.5454
vn -0.0275 -0.8048 -0.5929
vn -0.3263 -0.8048 -0.4958
vn -0.3702 -0.8293 -0.4186
vn -0.8005 -0.4574 -0.3872
vn -0.7843 -0.4333 -0.4441
vn -0.0844 -0.7572 -0.6477
vn 0.3224 -0.4039 -0.8561
vn 0.3734 -0.4333 -0.8203
vn 0.1131 -0.6545 -0.7476
vn -0.0196 -0.8640 -0.5031
vn -0.5309 -0.6545 -0.5383
vn -0.2436 -0.2922 -0.9248
vn 0.0751 -0.1915 -0.9786
vn -0.1955 -0.7745 -0.6016
vn -0.5675 -0.5166 -0.6411
vn -0.5157 -0.6138 -0.5977
vn -0.8169 -0.5674 -0.1033
vn -0.3124 -0.7572 -0.5736
vn -0.3465 -0.2922 -0.8914
vn -0.2950 -0.2982 -0.9078
vn -0.6156 -0.4574 -0.6417
vn -0.3242 -0.5245 -0.7873
vn -0.5195 -0.8406 -0.1535
vn -0.7641 -0.4039 -0.5031
vn -0.6359 -0.1915 -0.7476
vn -0.5739 -0.6518 -0.4958
vn -0.0368 -0.8952 -0.4441
vn -0.0511 -0.9206 -0.3872
vn -0.5762 -0.7020 -0.4186
vn -0.3065 -0.8406 -0.4467
vn -0.3599 -0.9255 -0.1181
vn -0.0895 -0.9939 -0.0650
vn -0.3840 -0.9206 0.0710
vn -0.6517 -0.7552 0.0710
vn -0.8489 -0.5245 -0.0650
vn -0.6067 -0.7883 0.1023
vn -0.5724 -0.8048 -0.1571
vn -0.5724 -0.8048 0.1571
vn -0.5125 -0.8293 0.2227
vn -0.6156 -0.4574 0.6417
vn -0.6647 -0.4333 0.6086
vn -0.6421 -0.7572 -0.1198
vn -0.7145 -0.4039 -0.5712
vn -0.6647 -0.4333 -0.6086
vn -0.6761 -0.6544 -0.3386
vn -0.4845 -0.8640 -0.1368
vn -0.6761 -0.6544 0.3386
vn -0.9548 -0.2922 -0.0541
vn -0.9075 -0.1915 -0.3738
vn -0.6326 -0.7745 -0.0000
vn -0.7851 -0.5167 0.3416
vn -0.7278 -0.6138 0.3058
vn -0.3507 -0.5674 0.7450
vn -0.6421 -0.7572 0.1198
vn -0.9548 -0.2922 0.0541
vn -0.9545 -0.2982 -0.0000
vn -0.8005 -0.4574 0.3872
vn -0.8489 -0.5245 0.0650
vn -0.3065 -0.8406 0.4467
vn -0.7145 -0.4039 0.5712
vn -0.9075 -0.1915 0.3738
vn -0.6489 -0.6518 0.3926
vn -0.4337 -0.8952 -0.1023
vn -0.3840 -0.9206 -0.0710
vn -0.5762 -0.7020 0.4186
vn -0.5195 -0.8406 0.1535
vn -0.2235 -0.9255 0.3058
vn -0.0895 -0.9939 0.0650
vn -0.0511 -0.9206 0.3872
vn -0.1338 -0.7552 0.6417
vn -0.3242 -0.5245 0.7873
vn -0.0902 -0.7883 0.6086
vn -0.3263 -0.8048 0.4958
vn 0.7557 -0.6518 -0.0638
vn 0.7122 -0.7020 -0.0000
vn 0.2689 -0.9206 -0.2832
vn 0.2908 -0.8952 -0.3377
vn -0.3124 -0.7572 0.5736
vn -0.7641 -0.4039 0.5031
vn -0.7843 -0.4333 0.4441
vn 0.9539 -0.1915 -0.2310
vn 0.9138 -0.4039 0.0421
vn 0.1131 -0.6545 0.7476
vn -0.3465 -0.2922 0.8914
vn -0.6359 -0.1915 0.7476
vn -0.1955 -0.7745 0.6016
vn 0.6089 -0.7358 0.2964
vn -0.0844 -0.7572 0.6477
vn -0.2436 -0.2922 0.9248
vn -0.2950 -0.2982 0.9078
vn 0.4854 -0.7552 -0.4405
vn 0.7250 -0.5245 -0.4464
vn 0.5105 -0.8406 0.1812
vn 0.3115 -0.8640 -0.3955
vn 0.3479 -0.6544 -0.6713
vn 0.5554 -0.8048 -0.2093
vn 0.8955 -0.4333 0.1017
vn 0.8752 -0.4574 0.1573
vn 0.5456 -0.8293 -0.1211
vn 0.7599 -0.6500 -0.0000
vn 0.7250 -0.5245 0.4464
vn 0.4854 -0.7552 0.4405
vn 0.2689 -0.9206 0.2832
vn 0.1106 -0.9939 -0.0000
vn 0.2908 -0.8952 0.3377
vn 0.4676 -0.8719 0.1456
vn -0.0275 -0.8048 0.5929
vn 0.0535 -0.8293 0.5563
vn 0.4201 -0.4574 0.7838
vn 0.3734 -0.4333 0.8203
vn 0.3695 -0.8197 -0.4376
vn 0.4308 -0.7883 -0.4394
vn -0.5309 -0.6545 0.5383
vn -0.2799 -0.8640 0.4185
vn 0.0299 -0.8974 0.4403
vn 0.0299 -0.8974 -0.4403
vn 0.0823 -0.5167 0.8522
vn 0.0659 -0.6138 0.7867
vn -0.1658 -0.9847 -0.0536
vn 0.1209 -0.4574 0.8810
vn -0.2005 -0.5245 0.8275
vn 0.3301 -0.8406 0.4295
vn 0.3225 -0.4039 0.8561
vn 0.0751 -0.1915 0.9786
vn 0.1729 -0.6518 0.7385
vn -0.2313 -0.8952 0.3809
vn -0.1862 -0.9206 0.3433
vn 0.2201 -0.7020 0.6773
vn -0.0146 -0.8406 0.5415
vn 0.0342 -0.9939 0.1052
vn 0.3524 -0.9206 0.1682
vn 0.5690 -0.7552 0.3256
vn 0.6486 -0.5245 0.5516
vn 0.5510 -0.7883 0.2739
vn 0.3707 -0.8048 0.4635
vn -0.3020 -0.8197 0.4866
vn -0.4095 -0.8974 0.1645
vn 0.2423 -0.4039 0.8821
vn 0.1800 -0.4333 0.8831
vn 0.7460 -0.6545 0.1234
vn 0.5145 -0.1915 0.8358
vn -0.1052 -0.8521 0.5127
vn 0.1016 -0.9444 0.3126
vn 0.3864 -0.8521 0.3530
vn 0.0076 -0.9997 0.0233
vn 0.8185 -0.5745 0.0056
vn 0.7007 -0.6602 0.2703
vn 0.4628 -0.8463 0.2640
vn 0.7247 -0.4648 0.5087
vn -0.5201 -0.8521 0.0584
vn -0.2659 -0.9444 0.1932
vn -0.2163 -0.8521 0.4766
vn -0.0198 -0.9997 0.0144
vn -0.2163 -0.8521 -0.4766
vn -0.2659 -0.9444 -0.1932
vn -0.5201 -0.8521 -0.0584
vn -0.0198 -0.9997 -0.0144
vn 0.3864 -0.8521 -0.3530
vn 0.1016 -0.9444 -0.3126
vn -0.1052 -0.8521 -0.5127
vn 0.0076 -0.9997 -0.0233
vn 0.9639 -0.0355 0.2640
vn 0.9039 -0.3315 0.2703
vn 0.8799 -0.4751 0.0056
vn 0.7398 -0.4403 0.5087
vn 0.0468 -0.0355 0.9983
vn 0.0222 -0.3315 0.9432
vn 0.2666 -0.4751 0.8386
vn -0.2552 -0.4403 0.8608
vn -0.9350 -0.0355 0.3530
vn -0.8902 -0.3315 0.3126
vn -0.7151 -0.4751 0.5127
vn -0.8975 -0.4403 0.0233
vn -0.6246 -0.0355 -0.7801
vn -0.5724 -0.3315 -0.7500
vn -0.7086 -0.4751 -0.5217
vn -0.2995 -0.4403 -0.8464
vn 0.5490 -0.0355 -0.8351
vn 0.5364 -0.3315 -0.7761
vn 0.2772 -0.4751 -0.8351
vn 0.7124 -0.4403 -0.5464
vn 0.6293 0.0260 0.7767
vn 0.8023 -0.1284 0.5829
vn 0.9332 0.0260 0.3585
vn 0.7323 -0.4252 0.5320
vn -0.5442 0.0260 0.8386
vn -0.3064 -0.1284 0.9432
vn -0.0526 0.0260 0.9983
vn -0.2797 -0.4252 0.8608
vn -0.9657 0.0260 -0.2584
vn -0.9917 -0.1284 -0.0000
vn -0.9657 0.0260 0.2584
vn -0.9051 -0.4252 -0.0000
vn -0.0526 0.0260 -0.9983
vn -0.3064 -0.1284 -0.9432
vn -0.5442 0.0260 -0.8386
vn -0.2797 -0.4252 -0.8608
vn 0.9332 0.0260 -0.3585
vn 0.8023 -0.1284 -0.5829
vn 0.6293 0.0260 -0.7767
vn 0.7323 -0.4252 -0.5320
vn 0.2192 0.8463 0.4856
vn 0.4080 0.6602 0.6306
vn 0.6589 0.5745 0.4856
vn 0.2873 0.4648 0.8375
vn -0.3941 0.8463 0.3585
vn -0.4736 0.6602 0.5829
vn -0.2582 0.5745 0.7767
vn -0.7078 0.4648 0.5320
vn -0.4628 0.8463 -0.2640
vn -0.7007 0.6602 -0.2703
vn -0.8185 0.5745 -0.0056
vn -0.7247 0.4648 -0.5087
vn 0.1081 0.8463 -0.5217
vn 0.0405 0.6602 -0.7500
vn -0.2476 0.5745 -0.7801
vn 0.2599 0.4648 -0.8464
vn 0.5296 0.8463 -0.0584
vn 0.7258 0.6602 -0.1932
vn 0.6654 0.5745 -0.4766
vn 0.8853 0.4648 -0.0144
vn 0.0198 0.9997 -0.0144
vn 0.2659 0.9444 -0.1932
vn 0.2163 0.8521 -0.4766
vn 0.5201 0.8521 -0.0584
vn 0.2151 0.8493 -0.4820
vn 0.4911 0.7947 -0.3568
vn 0.6635 0.5722 -0.4821
vn 0.5249 0.8493 -0.0556
vn 0.2192 0.8463 -0.4856
vn 0.4080 0.6602 -0.6306
vn 0.2873 0.4648 -0.8375
vn 0.6589 0.5745 -0.4856
vn -0.0076 0.9997 -0.0233
vn -0.1016 0.9444 -0.3126
vn -0.3864 0.8521 -0.3530
vn 0.1052 0.8521 -0.5127
vn -0.3920 0.8493 -0.3535
vn -0.1876 0.7947 -0.5773
vn -0.2534 0.5722 -0.7800
vn 0.1093 0.8493 -0.5164
vn -0.3941 0.8463 -0.3585
vn -0.4736 0.6602 -0.5829
vn -0.7077 0.4648 -0.5320
vn -0.2582 0.5745 -0.7767
vn -0.0245 0.9997 -0.0000
vn -0.3287 0.9444 -0.0000
vn -0.4551 0.8521 0.2584
vn -0.4551 0.8521 -0.2584
vn -0.4573 0.8493 0.2636
vn -0.6071 0.7947 -0.0000
vn -0.8201 0.5722 -0.0000
vn -0.4573 0.8493 -0.2636
vn -0.4628 0.8463 0.2640
vn -0.7007 0.6602 0.2703
vn -0.7247 0.4648 0.5087
vn -0.8185 0.5745 0.0056
vn -0.0076 0.9997 0.0233
vn -0.1016 0.9444 0.3126
vn 0.1052 0.8521 0.5127
vn -0.3864 0.8521 0.3530
vn 0.1093 0.8493 0.5164
vn -0.1876 0.7947 0.5773
vn -0.2534 0.5722 0.7800
vn -0.3920 0.8493 0.3535
vn 0.1081 0.8463 0.5217
vn 0.0405 0.6602 0.7500
vn 0.2599 0.4648 0.8464
vn -0.2476 0.5745 0.7801
vn 0.0198 0.9997 0.0144
vn 0.2659 0.9444 0.1932
vn 0.5201 0.8521 0.0584
vn 0.2163 0.8521 0.4766
vn 0.5249 0.8493 0.0556
vn 0.4911 0.7947 0.3568
vn 0.6635 0.5722 0.4820
vn 0.2151 0.8493 0.4821
vn 0.5296 0.8463 0.0584
vn 0.7258 0.6602 0.1932
vn 0.8853 0.4648 0.0144
vn 0.6654 0.5745 0.4766
vn 0.8975 0.4403 -0.0233
vn 0.8901 0.3315 -0.3126
vn 0.7151 0.4751 -0.5127
vn 0.9350 0.0355 -0.3530
vn 0.7108 0.4776 -0.5164
vn 0.7947 0.1876 -0.5773
vn 0.6251 0.0292 -0.7800
vn 0.9350 0.0292 -0.3535
vn 0.7086 0.4751 -0.5217
vn 0.5724 0.3315 -0.7500
vn 0.2995 0.4403 -0.8464
vn 0.6246 0.0355 -0.7801
vn 0.2552 0.4403 -0.8608
vn -0.0222 0.3315 -0.9432
vn -0.2666 0.4751 -0.8386
vn -0.0468 0.0355 -0.9983
vn -0.2715 0.4776 -0.8356
vn -0.3035 0.1876 -0.9342
vn -0.5486 0.0292 -0.8356
vn -0.0473 0.0292 -0.9985
vn -0.2772 0.4751 -0.8351
vn -0.5364 0.3315 -0.7761
vn -0.7124 0.4403 -0.5464
vn -0.5489 0.0355 -0.8351
vn -0.7398 0.4403 -0.5087
vn -0.9039 0.3315 -0.2703
vn -0.8799 0.4751 -0.0056
vn -0.9639 0.0355 -0.2640
vn -0.8786 0.4776 -0.0000
vn -0.9822 0.1876 -0.0000
vn -0.9642 0.0292 0.2636
vn -0.9642 0.0292 -0.2636
vn -0.8799 0.4751 0.0056
vn -0.9039 0.3315 0.2703
vn -0.7398 0.4403 0.5087
vn -0.9639 0.0355 0.2640
vn -0.7124 0.4403 0.5464
vn -0.5364 0.3315 0.7761
vn -0.2772 0.4751 0.8351
vn -0.5489 0.0355 0.8351
vn -0.2715 0.4776 0.8356
vn -0.3035 0.1876 0.9342
vn -0.0473 0.0292 0.9985
vn -0.5486 0.0292 0.8356
vn -0.2666 0.4751 0.8386
vn -0.0222 0.3315 0.9432
vn 0.2552 0.4403 0.8608
vn -0.0468 0.0354 0.9983
vn 0.2995 0.4403 0.8464
vn 0.5724 0.3315 0.7500
vn 0.7086 0.4751 0.5217
vn 0.6246 0.0355 0.7801
vn 0.7108 0.4776 0.5164
vn 0.7947 0.1876 0.5774
vn 0.9350 0.0292 0.3535
vn 0.6251 0.0292 0.7800
vn 0.7151 0.4751 0.5127
vn 0.8902 0.3315 0.3126
vn 0.8975 0.4403 0.0233
vn 0.9350 0.0355 0.3530
vn 0.2797 0.4252 -0.8608
vn 0.3065 0.1284 -0.9432
vn 0.0526 -0.0260 -0.9983
vn 0.5442 -0.0260 -0.8386
vn 0.0473 -0.0292 -0.9985
vn 0.3035 -0.1876 -0.9342
vn 0.2715 -0.4776 -0.8356
vn 0.5486 -0.0292 -0.8356
vn 0.0468 -0.0355 -0.9983
vn 0.0222 -0.3315 -0.9432
vn -0.2552 -0.4403 -0.8608
vn 0.2666 -0.4751 -0.8386
vn -0.7323 0.4252 -0.5320
vn -0.8023 0.1284 -0.5829
vn -0.9332 -0.0260 -0.3585
vn -0.6293 -0.0260 -0.7767
vn -0.9350 -0.0292 -0.3535
vn -0.7946 -0.1876 -0.5774
vn -0.7108 -0.4776 -0.5164
vn -0.6251 -0.0292 -0.7800
vn -0.9350 -0.0355 -0.3530
vn -0.8901 -0.3315 -0.3126
vn -0.8975 -0.4403 -0.0233
vn -0.7151 -0.4751 -0.5127
vn -0.7323 0.4252 0.5320
vn -0.8023 0.1284 0.5829
vn -0.6293 -0.0260 0.7767
vn -0.9332 -0.0260 0.3585
vn -0.6251 -0.0292 0.7800
vn -0.7947 -0.1876 0.5773
vn -0.7108 -0.4776 0.5164
vn -0.9350 -0.0292 0.3535
vn -0.6246 -0.0355 0.7801
vn -0.5724 -0.3315 0.7500
vn -0.2995 -0.4403 0.8464
vn -0.7086 -0.4751 0.5217
vn 0.2797 0.4252 0.8608
vn 0.3065 0.1284 0.9432
vn 0.5442 -0.0260 0.8386
vn 0.0526 -0.0260 0.9983
vn 0.5486 -0.0292 0.8356
vn 0.3035 -0.1876 0.9342
vn 0.1971 -0.4211 0.8853
vn 0.0473 -0.0292 0.9985
vn 0.5489 -0.0355 0.8351
vn 0.5364 -0.3315 0.7761
vn 0.7124 -0.4403 0.5464
vn 0.2772 -0.4751 0.8351
vn 0.9051 0.4252 -0.0000
vn 0.9917 0.1284 -0.0000
vn 0.9657 -0.0260 -0.2584
vn 0.9657 -0.0260 0.2584
vn 0.9642 -0.0292 -0.2636
vn 0.9822 -0.1876 -0.0000
vn 0.8786 -0.4776 -0.0000
vn 0.9642 -0.0292 0.2636
vn 0.9639 -0.0355 -0.2640
vn 0.9039 -0.3315 -0.2703
vn 0.7398 -0.4403 -0.5087
vn 0.8799 -0.4751 -0.0056
vn 0.7078 -0.4648 -0.5320
vn 0.4736 -0.6602 -0.5829
vn 0.2582 -0.5745 -0.7767
vn 0.3941 -0.8463 -0.3585
vn 0.2534 -0.5722 -0.7800
vn 0.1876 -0.7947 -0.5773
vn -0.1093 -0.8493 -0.5164
vn 0.3920 -0.8493 -0.3535
vn 0.2476 -0.5745 -0.7801
vn -0.0405 -0.6602 -0.7500
vn -0.2599 -0.4648 -0.8464
vn -0.1081 -0.8463 -0.5217
vn -0.2873 -0.4648 -0.8375
vn -0.4080 -0.6602 -0.6306
vn -0.6589 -0.5745 -0.4856
vn -0.2192 -0.8463 -0.4856
vn -0.6635 -0.5722 -0.4821
vn -0.4911 -0.7947 -0.3568
vn -0.5249 -0.8493 -0.0556
vn -0.2151 -0.8493 -0.4820
vn -0.6654 -0.5745 -0.4766
vn -0.7258 -0.6602 -0.1932
vn -0.8853 -0.4648 -0.0144
vn -0.5296 -0.8463 -0.0584
vn -0.8853 -0.4648 0.0144
vn -0.7258 -0.6602 0.1932
vn -0.6654 -0.5745 0.4766
vn -0.5296 -0.8462 0.0584
vn -0.6635 -0.5722 0.4821
vn -0.4911 -0.7946 0.3568
vn -0.2151 -0.8493 0.4820
vn -0.5249 -0.8493 0.0556
vn -0.6589 -0.5745 0.4856
vn -0.4080 -0.6602 0.6306
vn -0.2873 -0.4648 0.8375
vn -0.2192 -0.8463 0.4856
vn 0.7247 -0.4648 -0.5087
vn 0.7008 -0.6602 -0.2703
vn 0.4628 -0.8463 -0.2640
vn 0.8185 -0.5745 -0.0056
vn 0.4573 -0.8493 -0.2636
vn 0.6071 -0.7947 -0.0000
vn 0.4573 -0.8493 0.2636
vn 0.8201 -0.5722 -0.0000
vn 0.4551 -0.8521 -0.2584
vn 0.3287 -0.9444 -0.0000
vn 0.0245 -0.9997 -0.0000
vn 0.4551 -0.8521 0.2584
vn -0.2599 -0.4648 0.8464
vn -0.0405 -0.6602 0.7500
vn 0.2476 -0.5745 0.7801
vn -0.1081 -0.8463 0.5217
vn 0.2534 -0.5722 0.7800
vn 0.1876 -0.7947 0.5773
vn 0.3920 -0.8493 0.3535
vn -0.1093 -0.8493 0.5164
vn 0.2582 -0.5745 0.7767
vn 0.4736 -0.6602 0.5829
vn 0.7078 -0.4648 0.5320
vn 0.3941 -0.8463 0.3585
vn 0.1533 -0.9628 0.2226
vn 0.1279 -0.9104 0.3935
vn 0.0068 -0.9628 0.2702
vn 0.2019 -0.9684 0.1467
vn 0.1486 -0.8769 0.4572
vn -0.0771 -0.9684 0.2373
vn 0.6574 -0.6585 0.3664
vn 0.6806 -0.7066 0.1938
vn 0.7633 -0.5776 0.2894
vn 0.6104 -0.6562 0.4435
vn 0.6599 -0.7400 0.1301
vn 0.8123 -0.5020 0.2969
vn -0.1643 -0.9628 0.2146
vn -0.3348 -0.9104 0.2432
vn -0.2548 -0.9628 0.0900
vn -0.3889 -0.8769 0.2826
vn -0.2495 -0.9684 -0.0000
vn -0.2548 -0.9628 -0.0900
vn -0.3348 -0.9104 -0.2432
vn -0.1643 -0.9628 -0.2146
vn -0.3889 -0.8769 -0.2826
vn -0.0771 -0.9684 -0.2373
vn 0.0068 -0.9628 -0.2702
vn 0.1279 -0.9104 -0.3935
vn 0.1533 -0.9628 -0.2226
vn 0.1486 -0.8769 -0.4572
vn 0.2019 -0.9684 -0.1467
vn 0.8580 -0.4245 0.2894
vn 0.9363 -0.2928 0.1938
vn 0.8830 -0.2935 0.3664
vn 0.9570 -0.2593 0.1301
vn 0.8600 -0.2525 0.4435
vn -0.0101 -0.4245 0.9054
vn 0.1050 -0.2928 0.9504
vn -0.0756 -0.2935 0.9530
vn -0.0313 -0.5020 0.8643
vn 0.1720 -0.2593 0.9504
vn -0.1561 -0.2525 0.9549
vn -0.8642 -0.4245 0.2702
vn -0.8714 -0.2928 0.3935
vn -0.9297 -0.2935 0.2226
vn -0.8317 -0.5020 0.2373
vn -0.8507 -0.2593 0.4572
vn -0.9564 -0.2525 0.1467
vn -0.5240 -0.4245 -0.7384
vn -0.6436 -0.2928 -0.7072
vn -0.4990 -0.2935 -0.8154
vn -0.4827 -0.5020 -0.7176
vn -0.6977 -0.2593 -0.6678
vn -0.4350 -0.2525 -0.8643
vn 0.5403 -0.4245 -0.7265
vn 0.4737 -0.2928 -0.8306
vn 0.6213 -0.2935 -0.7265
vn 0.5334 -0.5020 -0.6808
vn 0.4195 -0.2593 -0.8699
vn 0.6876 -0.2525 -0.6808
vn 0.8357 -0.1988 0.5120
vn 0.8085 -0.0370 0.5874
vn 0.7452 -0.1988 0.6366
vn 0.8084 0.0379 0.5874
vn 0.6876 -0.2525 0.6808
vn -0.2287 -0.1988 0.9530
vn -0.3088 -0.0370 0.9504
vn -0.3751 -0.1988 0.9054
vn -0.3088 0.0379 0.9504
vn -0.4350 -0.2525 0.8643
vn -0.9770 -0.1988 0.0770
vn -0.9993 -0.0370 -0.0000
vn -0.9770 -0.1988 -0.0770
vn -0.9993 0.0379 -0.0000
vn -0.9564 -0.2525 -0.1467
vn -0.3751 -0.1988 -0.9054
vn -0.3088 -0.0370 -0.9504
vn -0.2287 -0.1988 -0.9530
vn -0.3088 0.0379 -0.9504
vn -0.1561 -0.2525 -0.9549
vn 0.7452 -0.1988 -0.6366
vn 0.8085 -0.0370 -0.5874
vn 0.8357 -0.1988 -0.5120
vn 0.8084 0.0379 -0.5874
vn 0.8600 -0.2525 -0.4435
vn 0.3913 0.5336 0.7498
vn 0.4367 0.7066 0.5569
vn 0.3165 0.6585 0.6828
vn 0.3392 0.4664 0.8169
vn 0.4574 0.7400 0.4931
vn 0.2332 0.6562 0.7176
vn -0.5111 0.5776 0.6365
vn -0.3947 0.7066 0.5874
vn -0.5516 0.6585 0.5120
vn -0.5333 0.5020 0.6808
vn -0.3277 0.7400 0.5874
vn -0.6104 0.6562 0.4435
vn -0.7633 0.5776 -0.2894
vn -0.6806 0.7066 -0.1938
vn -0.6574 0.6585 -0.3664
vn -0.8123 0.5020 -0.2969
vn -0.6599 0.7400 -0.1301
vn -0.6104 0.6562 -0.4435
vn 0.0393 0.5776 -0.8154
vn -0.0260 0.7066 -0.7072
vn 0.1453 0.6585 -0.7384
vn 0.0313 0.5020 -0.8643
vn -0.0801 0.7400 -0.6678
vn 0.2332 0.6562 -0.7176
vn 0.7876 0.5776 -0.2146
vn 0.6645 0.7066 -0.2432
vn 0.7472 0.6585 -0.0900
vn 0.8317 0.5020 -0.2373
vn 0.6103 0.7400 -0.2826
vn 0.7546 0.6562 -0.0000
vn 0.3348 0.9104 -0.2432
vn 0.1643 0.9628 -0.2146
vn 0.2548 0.9628 -0.0900
vn 0.3889 0.8769 -0.2826
vn 0.0771 0.9684 -0.2373
vn 0.2495 0.9684 -0.0000
vn 0.5575 0.7671 -0.3173
vn 0.4741 0.7671 -0.4322
vn 0.4368 0.8417 -0.3173
vn 0.4574 0.7400 -0.4931
vn 0.4475 0.5776 -0.6828
vn 0.3165 0.6585 -0.6828
vn 0.4367 0.7066 -0.5569
vn 0.4827 0.5020 -0.7176
vn -0.1279 0.9104 -0.3935
vn -0.1533 0.9628 -0.2226
vn -0.0068 0.9628 -0.2702
vn -0.1486 0.8769 -0.4572
vn -0.2019 0.9684 -0.1467
vn -0.1295 0.7671 -0.6283
vn -0.2645 0.7671 -0.5844
vn -0.1668 0.8417 -0.5135
vn -0.3277 0.7400 -0.5874
vn -0.5111 0.5776 -0.6365
vn -0.5516 0.6585 -0.5120
vn -0.3947 0.7066 -0.5874
vn -0.5333 0.5020 -0.6808
vn -0.4138 0.9104 -0.0000
vn -0.2591 0.9628 0.0770
vn -0.2591 0.9628 -0.0770
vn -0.4808 0.8769 -0.0000
vn -0.2019 0.9684 0.1467
vn -0.6376 0.7671 -0.0710
vn -0.6376 0.7671 0.0710
vn -0.5399 0.8417 -0.0000
vn -0.6599 0.7400 0.1301
vn -0.7573 0.5336 0.3766
vn -0.6574 0.6585 0.3664
vn -0.6806 0.7066 0.1938
vn -0.7546 0.4664 0.4615
vn -0.1279 0.9104 0.3935
vn -0.0068 0.9628 0.2702
vn -0.1533 0.9628 0.2226
vn -0.1486 0.8769 0.4572
vn 0.0771 0.9684 0.2373
vn -0.2645 0.7671 0.5844
vn -0.1295 0.7671 0.6283
vn -0.1668 0.8417 0.5135
vn -0.0801 0.7400 0.6678
vn 0.1241 0.5336 0.8366
vn 0.1453 0.6585 0.7384
vn -0.0260 0.7066 0.7072
vn 0.2057 0.4664 0.8603
vn 0.3348 0.9104 0.2432
vn 0.2548 0.9628 0.0900
vn 0.1643 0.9628 0.2146
vn 0.3889 0.8769 0.2826
vn 0.4741 0.7671 0.4322
vn 0.5575 0.7671 0.3173
vn 0.4368 0.8417 0.3173
vn 0.6103 0.7400 0.2826
vn 0.7876 0.5776 0.2146
vn 0.7472 0.6585 0.0900
vn 0.6645 0.7066 0.2432
vn 0.8317 0.5020 0.2373
vn 0.8714 0.2928 -0.3935
vn 0.8642 0.4245 -0.2702
vn 0.9297 0.2935 -0.2226
vn 0.8507 0.2593 -0.4572
vn 0.9564 0.2525 -0.1467
vn 0.8044 0.1064 -0.5844
vn 0.7440 0.2272 -0.6283
vn 0.8275 0.2272 -0.5135
vn 0.6977 0.2593 -0.6678
vn 0.4990 0.2935 -0.8154
vn 0.5240 0.4245 -0.7384
vn 0.6436 0.2928 -0.7072
vn 0.4350 0.2525 -0.8643
vn -0.1050 0.2928 -0.9504
vn 0.0101 0.4245 -0.9054
vn 0.0756 0.2935 -0.9530
vn -0.1720 0.2593 -0.9504
vn 0.1561 0.2525 -0.9549
vn -0.3073 0.1064 -0.9457
vn -0.3676 0.2272 -0.9018
vn -0.2326 0.2272 -0.9457
vn -0.4195 0.2593 -0.8699
vn -0.6213 0.2935 -0.7265
vn -0.5403 0.4245 -0.7265
vn -0.4737 0.2928 -0.8306
vn -0.6876 0.2525 -0.6808
vn -0.9363 0.2928 -0.1938
vn -0.8580 0.4245 -0.2894
vn -0.8830 0.2935 -0.3664
vn -0.9570 0.2593 -0.1301
vn -0.8600 0.2525 -0.4435
vn -0.9943 0.1064 -0.0000
vn -0.9713 0.2272 0.0710
vn -0.9713 0.2272 -0.0710
vn -0.9570 0.2593 0.1301
vn -0.8830 0.2935 0.3664
vn -0.8159 0.4387 0.3766
vn -0.9363 0.2928 0.1938
vn -0.8600 0.2525 0.4435
vn -0.4737 0.2928 0.8306
vn -0.5403 0.4245 0.7265
vn -0.6653 0.3496 0.6596
vn -0.4195 0.2593 0.8699
vn -0.7177 0.3926 0.5751
vn -0.3073 0.1064 0.9457
vn -0.2326 0.2272 0.9457
vn -0.3676 0.2272 0.9018
vn -0.1720 0.2593 0.9504
vn 0.0756 0.2935 0.9530
vn 0.1060 0.4387 0.8923
vn -0.1050 0.2928 0.9504
vn 0.1561 0.2525 0.9549
vn 0.6436 0.2928 0.7072
vn 0.4387 0.4387 0.7842
vn 0.4990 0.2935 0.8154
vn 0.6977 0.2593 0.6678
vn 0.4350 0.2525 0.8643
vn 0.8044 0.1064 0.5844
vn 0.8275 0.2272 0.5135
vn 0.7440 0.2272 0.6283
vn 0.8507 0.2593 0.4572
vn 0.9297 0.2935 0.2226
vn 0.8642 0.4245 0.2702
vn 0.8714 0.2928 0.3935
vn 0.9564 0.2525 0.1467
vn 0.3088 0.0370 -0.9504
vn 0.2287 0.1988 -0.9530
vn 0.3751 0.1988 -0.9054
vn 0.3088 -0.0379 -0.9504
vn 0.3677 -0.2272 -0.9018
vn 0.2326 -0.2272 -0.9457
vn 0.3073 -0.1064 -0.9457
vn 0.1720 -0.2593 -0.9504
vn -0.0101 -0.4245 -0.9054
vn -0.0756 -0.2935 -0.9530
vn 0.1050 -0.2928 -0.9504
vn -0.0313 -0.5020 -0.8643
vn -0.8085 0.0370 -0.5874
vn -0.8357 0.1988 -0.5120
vn -0.7452 0.1988 -0.6365
vn -0.8084 -0.0379 -0.5874
vn -0.7440 -0.2272 -0.6283
vn -0.8275 -0.2272 -0.5135
vn -0.8044 -0.1064 -0.5844
vn -0.8507 -0.2593 -0.4572
vn -0.8642 -0.4245 -0.2702
vn -0.9297 -0.2935 -0.2226
vn -0.8714 -0.2928 -0.3935
vn -0.8317 -0.5020 -0.2373
vn -0.8085 0.0370 0.5874
vn -0.7421 0.2910 0.6039
vn -0.8357 0.1988 0.5120
vn -0.8084 -0.0379 0.5874
vn -0.8275 -0.2272 0.5135
vn -0.7440 -0.2272 0.6283
vn -0.8044 -0.1064 0.5844
vn -0.6977 -0.2593 0.6678
vn -0.5240 -0.4245 0.7384
vn -0.4990 -0.2935 0.8154
vn -0.6436 -0.2928 0.7072
vn -0.4827 -0.5020 0.7176
vn 0.3088 0.0370 0.9504
vn 0.3751 0.1988 0.9054
vn 0.2287 0.1988 0.9530
vn 0.2197 -0.0651 0.9734
vn 0.2326 -0.2272 0.9457
vn 0.3677 -0.2272 0.9018
vn 0.1344 -0.0968 0.9862
vn 0.4195 -0.2593 0.8699
vn 0.5403 -0.4245 0.7265
vn 0.6213 -0.2935 0.7265
vn 0.4737 -0.2928 0.8306
vn 0.5333 -0.5020 0.6808
vn 0.9993 0.0370 -0.0000
vn 0.9770 0.1988 -0.0770
vn 0.9770 0.1988 0.0770
vn 0.9993 -0.0379 -0.0000
vn 0.9713 -0.2272 0.0710
vn 0.9713 -0.2272 -0.0710
vn 0.9943 -0.1064 -0.0000
vn 0.9570 -0.2593 -0.1301
vn 0.8580 -0.4245 -0.2894
vn 0.8830 -0.2935 -0.3664
vn 0.9363 -0.2928 -0.1938
vn 0.8123 -0.5020 -0.2969
vn 0.3947 -0.7066 -0.5874
vn 0.5111 -0.5776 -0.6365
vn 0.5516 -0.6585 -0.5120
vn 0.3277 -0.7400 -0.5874
vn 0.6104 -0.6562 -0.4435
vn 0.1668 -0.8417 -0.5135
vn 0.1295 -0.7671 -0.6283
vn 0.2645 -0.7671 -0.5844
vn 0.0801 -0.7400 -0.6678
vn -0.1453 -0.6585 -0.7384
vn -0.0393 -0.5776 -0.8154
vn 0.0260 -0.7066 -0.7072
vn -0.2332 -0.6562 -0.7176
vn -0.4367 -0.7066 -0.5569
vn -0.4475 -0.5776 -0.6828
vn -0.3165 -0.6585 -0.6828
vn -0.4574 -0.7400 -0.4932
vn -0.4368 -0.8417 -0.3173
vn -0.5575 -0.7671 -0.3173
vn -0.4741 -0.7671 -0.4322
vn -0.6103 -0.7400 -0.2826
vn -0.7472 -0.6585 -0.0900
vn -0.7876 -0.5776 -0.2146
vn -0.6645 -0.7066 -0.2432
vn -0.7546 -0.6562 -0.0000
vn -0.6645 -0.7066 0.2432
vn -0.7876 -0.5776 0.2146
vn -0.7472 -0.6585 0.0900
vn -0.6103 -0.7400 0.2826
vn -0.4368 -0.8417 0.3173
vn -0.4741 -0.7671 0.4322
vn -0.5575 -0.7671 0.3173
vn -0.4574 -0.7400 0.4931
vn -0.3165 -0.6585 0.6828
vn -0.4475 -0.5776 0.6828
vn -0.4367 -0.7066 0.5569
vn -0.2332 -0.6562 0.7176
vn 0.6806 -0.7066 -0.1938
vn 0.6574 -0.6585 -0.3664
vn 0.7633 -0.5776 -0.2894
vn 0.6599 -0.7400 -0.1301
vn 0.6376 -0.7671 0.0710
vn 0.5399 -0.8417 -0.0000
vn 0.6376 -0.7671 -0.0710
vn 0.4808 -0.8769 -0.0000
vn 0.2591 -0.9628 0.0770
vn 0.2591 -0.9628 -0.0770
vn 0.4138 -0.9104 -0.0000
vn 0.0260 -0.7066 0.7072
vn -0.0393 -0.5776 0.8154
vn -0.1453 -0.6585 0.7384
vn 0.0801 -0.7400 0.6678
vn 0.1668 -0.8417 0.5135
vn 0.2645 -0.7671 0.5844
vn 0.1295 -0.7671 0.6283
vn 0.3277 -0.7400 0.5874
vn 0.5516 -0.6585 0.5120
vn 0.5111 -0.5776 0.6365
vn 0.3947 -0.7066 0.5874
vt 0.318340 0.111991
vt 0.327127 0.124311
vt 0.318301 0.129410
vt 0.309345 0.124205
vt 0.165247 0.062237
vt 0.171327 0.048340
vt 0.180313 0.053494
vt 0.180310 0.063687
vt 0.181819 0.032987
vt 0.190659 0.045429
vt 0.181819 0.050616
vt 0.172979 0.045429
vt 0.181819 0.000000
vt 0.193183 0.019683
vt 0.170455 0.019683
vt 0.329546 0.059048
vt 0.339959 0.041012
vt 0.353145 0.048340
vt 0.347065 0.062237
vt 0.147728 0.059048
vt 0.158141 0.041012
vt 0.171327 0.048340
vt 0.227273 0.078731
vt 0.201350 0.078799
vt 0.198391 0.062237
vt 0.215910 0.059048
vt 0.194800 0.134976
vt 0.203801 0.119386
vt 0.216849 0.126925
vt 0.210859 0.140694
vt 0.203557 0.037652
vt 0.136365 0.078731
vt 0.162288 0.078799
vt 0.920455 0.019683
vt 0.930829 0.037652
vt 0.917931 0.045429
vt 0.909091 0.032987
vt 0.198233 0.095497
vt 0.183306 0.093798
vt 0.183312 0.078736
vt 0.925663 0.062237
vt 0.910600 0.063687
vt 0.910597 0.053494
vt 0.919583 0.048340
vt 0.334597 0.140694
vt 0.319806 0.142378
vt 0.319796 0.132018
vt 0.328607 0.126925
vt 0.301611 0.140968
vt 0.307682 0.127091
vt 0.316575 0.132153
vt 0.316522 0.142403
vt 0.272728 0.157461
vt 0.284092 0.137778
vt 0.298651 0.157529
vt 0.155856 0.157461
vt 0.137995 0.157461
vt 0.137987 0.142378
vt 0.152779 0.140694
vt 0.337674 0.157461
vt 0.319813 0.157461
vt 0.319806 0.142378
vt 0.318182 0.078731
vt 0.331203 0.101147
vt 0.306819 0.098413
vt 0.383168 0.078799
vt 0.365130 0.078736
vt 0.365146 0.063687
vt 0.380209 0.062237
vt 0.261364 0.137778
vt 0.243845 0.140968
vt 0.237774 0.127091
vt 0.250990 0.119809
vt 0.363637 0.157461
vt 0.350656 0.134976
vt 0.316483 0.157467
vt 0.316538 0.172547
vt 0.301768 0.174228
vt 0.347223 0.095497
vt 0.353215 0.109274
vt 0.340168 0.116800
vt 0.743845 0.062237
vt 0.728782 0.063687
vt 0.728779 0.053494
vt 0.737765 0.048339
vt 0.892519 0.062237
vt 0.898599 0.048340
vt 0.907585 0.053494
vt 0.907582 0.063687
vt 0.917931 0.045429
vt 0.909091 0.050616
vt 0.900251 0.045429
vt 0.909091 0.000000
vt 0.897727 0.019683
vt 0.238637 0.098413
vt 0.249050 0.116449
vt 0.236111 0.124205
vt 0.227116 0.111991
vt 0.875000 0.059048
vt 0.885413 0.041012
vt 0.898599 0.048339
vt 0.954545 0.078731
vt 0.928622 0.078799
vt 0.943182 0.059048
vt 0.922073 0.134976
vt 0.931073 0.119386
vt 0.944121 0.126925
vt 0.938131 0.140694
vt 0.160081 0.037652
vt 0.863636 0.078731
vt 0.889560 0.078799
vt 0.738637 0.019683
vt 0.749011 0.037652
vt 0.736113 0.045429
vt 0.727273 0.032987
vt 0.925505 0.095497
vt 0.910578 0.093798
vt 0.910584 0.078736
vt 0.562027 0.062237
vt 0.546964 0.063687
vt 0.546961 0.053494
vt 0.555947 0.048340
vt 0.710701 0.062237
vt 0.716781 0.048340
vt 0.725767 0.053494
vt 0.725764 0.063687
vt 0.736113 0.045429
vt 0.727273 0.050616
vt 0.718433 0.045429
vt 0.727273 0.000000
vt 0.715909 0.019683
vt 0.883128 0.157461
vt 0.865267 0.157461
vt 0.865260 0.142378
vt 0.880051 0.140694
vt 0.693182 0.059048
vt 0.703595 0.041012
vt 0.716781 0.048340
vt 0.772727 0.078731
vt 0.746804 0.078799
vt 0.761364 0.059048
vt 0.740254 0.134976
vt 0.749255 0.119386
vt 0.762303 0.126925
vt 0.756314 0.140694
vt 0.900251 0.045429
vt 0.887353 0.037652
vt 0.681818 0.078731
vt 0.707742 0.078799
vt 0.556819 0.019683
vt 0.567193 0.037652
vt 0.554295 0.045429
vt 0.545455 0.032987
vt 0.743687 0.095497
vt 0.728760 0.093798
vt 0.728766 0.078736
vt 0.334597 0.174228
vt 0.328607 0.187997
vt 0.319796 0.182903
vt 0.319806 0.172544
vt 0.528883 0.062237
vt 0.534963 0.048340
vt 0.543949 0.053494
vt 0.543946 0.063687
vt 0.554295 0.045429
vt 0.545455 0.050616
vt 0.536615 0.045429
vt 0.545455 0.000000
vt 0.534091 0.019683
vt 0.701310 0.157461
vt 0.683449 0.157461
vt 0.683442 0.142378
vt 0.698233 0.140694
vt 0.397728 0.059048
vt 0.374129 0.048340
vt 0.387315 0.041012
vt 0.590909 0.078731
vt 0.564986 0.078799
vt 0.579546 0.059048
vt 0.558436 0.134976
vt 0.567437 0.119386
vt 0.580485 0.126925
vt 0.574495 0.140694
vt 0.718433 0.045429
vt 0.705535 0.037652
vt 0.500000 0.078731
vt 0.511364 0.059048
vt 0.525924 0.078799
vt 0.829546 0.137778
vt 0.839920 0.119809
vt 0.853136 0.127091
vt 0.847065 0.140968
vt 0.561869 0.095497
vt 0.546942 0.093798
vt 0.546948 0.078736
vt 0.152779 0.174228
vt 0.146789 0.187997
vt 0.137978 0.182903
vt 0.137987 0.172544
vt 0.318183 0.202658
vt 0.309329 0.190690
vt 0.318296 0.185502
vt 0.327113 0.190586
vt 0.316538 0.172547
vt 0.316582 0.182780
vt 0.307697 0.187859
vt 0.285709 0.179946
vt 0.420455 0.098413
vt 0.430868 0.116449
vt 0.417929 0.124205
vt 0.408934 0.111991
vt 0.305201 0.213707
vt 0.296271 0.198238
vt 0.309329 0.190690
vt 0.350656 0.179946
vt 0.396110 0.213706
vt 0.387109 0.198116
vt 0.400162 0.190586
vt 0.409092 0.202658
vt 0.316522 0.142403
vt 0.318183 0.236191
vt 0.331164 0.213706
vt 0.294607 0.195357
vt 0.281568 0.202944
vt 0.272728 0.190994
vt 0.363637 0.190994
vt 0.354702 0.203072
vt 0.341655 0.195536
vt 0.880051 0.174228
vt 0.874062 0.187997
vt 0.865250 0.182903
vt 0.865259 0.172544
vt 0.136364 0.202658
vt 0.127511 0.190690
vt 0.136478 0.185502
vt 0.145295 0.190586
vt 0.119950 0.174228
vt 0.134720 0.172547
vt 0.134764 0.182780
vt 0.125879 0.187859
vt 0.090910 0.157461
vt 0.116833 0.157529
vt 0.103931 0.179877
vt 0.319805 0.172544
vt 0.319813 0.157461
vt 0.123383 0.213707
vt 0.114452 0.198238
vt 0.181819 0.157461
vt 0.168838 0.179946
vt 0.214292 0.213706
vt 0.205291 0.198116
vt 0.218344 0.190586
vt 0.227274 0.202658
vt 0.119793 0.140968
vt 0.134704 0.142403
vt 0.134665 0.157467
vt 0.136364 0.236191
vt 0.149346 0.213706
vt 0.112792 0.195351
vt 0.099766 0.202917
vt 0.091068 0.190721
vt 0.181819 0.190994
vt 0.172884 0.203072
vt 0.159837 0.195536
vt 0.698233 0.174228
vt 0.692244 0.187997
vt 0.683432 0.182903
vt 0.683441 0.172544
vt 0.863637 0.202658
vt 0.854783 0.190690
vt 0.863750 0.185502
vt 0.872567 0.190586
vt 0.847223 0.174228
vt 0.861992 0.172547
vt 0.862036 0.182780
vt 0.853152 0.187859
vt 0.818182 0.157461
vt 0.844105 0.157529
vt 0.831163 0.179946
vt 0.569133 0.041012
vt 0.850655 0.213707
vt 0.841725 0.198238
vt 0.854783 0.190690
vt 0.909091 0.157461
vt 0.896110 0.179946
vt 0.941525 0.213775
vt 0.932560 0.198122
vt 0.945601 0.190611
vt 0.954388 0.202931
vt 0.861976 0.142403
vt 0.861937 0.157467
vt 0.863637 0.236191
vt 0.876618 0.213706
vt 0.840061 0.195357
vt 0.827022 0.202944
vt 0.818182 0.190994
vt 0.909091 0.190994
vt 0.900156 0.203072
vt 0.887109 0.195536
vt 0.516415 0.174228
vt 0.510425 0.187997
vt 0.501614 0.182903
vt 0.501624 0.172544
vt 0.681819 0.202658
vt 0.672965 0.190690
vt 0.681932 0.185502
vt 0.690749 0.190586
vt 0.665404 0.174228
vt 0.680174 0.172547
vt 0.680218 0.182780
vt 0.671333 0.187859
vt 0.636364 0.157461
vt 0.662287 0.157529
vt 0.649345 0.179946
vt 0.519492 0.157461
vt 0.501631 0.157461
vt 0.501624 0.142378
vt 0.516415 0.140694
vt 0.668837 0.213707
vt 0.659907 0.198238
vt 0.727273 0.157461
vt 0.714292 0.179946
vt 0.759746 0.213706
vt 0.750745 0.198116
vt 0.763797 0.190586
vt 0.772728 0.202658
vt 0.665247 0.140968
vt 0.680158 0.142403
vt 0.680119 0.157467
vt 0.681819 0.236191
vt 0.694800 0.213706
vt 0.658243 0.195357
vt 0.645204 0.202944
vt 0.636364 0.190994
vt 0.727273 0.190994
vt 0.718338 0.203072
vt 0.705291 0.195536
vt 0.289142 0.219424
vt 0.274223 0.221122
vt 0.274228 0.210944
vt 0.283204 0.205773
vt 0.500001 0.202658
vt 0.491147 0.190690
vt 0.500114 0.185502
vt 0.508931 0.190586
vt 0.483586 0.174228
vt 0.498356 0.172547
vt 0.498400 0.182780
vt 0.489515 0.187859
vt 0.454546 0.157461
vt 0.480469 0.157529
vt 0.467527 0.179946
vt 0.283204 0.205773
vt 0.487019 0.213707
vt 0.478088 0.198238
vt 0.545455 0.157461
vt 0.532474 0.179946
vt 0.577928 0.213706
vt 0.568927 0.198116
vt 0.581980 0.190586
vt 0.590910 0.202658
vt 0.483429 0.140968
vt 0.498340 0.142403
vt 0.498301 0.157467
vt 0.500001 0.236191
vt 0.512982 0.213706
vt 0.476425 0.195357
vt 0.463386 0.202944
vt 0.454546 0.190994
vt 0.545455 0.190994
vt 0.536520 0.203072
vt 0.523473 0.195536
vt 0.107324 0.219424
vt 0.092405 0.221122
vt 0.092410 0.210944
vt 0.101386 0.205773
vt 0.256314 0.219424
vt 0.262252 0.205773
vt 0.271228 0.210944
vt 0.271233 0.221122
vt 0.272728 0.208099
vt 0.263888 0.202944
vt 0.259747 0.179946
vt 0.396110 0.258676
vt 0.387179 0.274144
vt 0.374113 0.266609
vt 0.380051 0.252958
vt 0.240255 0.213707
vt 0.236127 0.190690
vt 0.249186 0.198238
vt 0.292220 0.236191
vt 0.285709 0.292437
vt 0.294710 0.276846
vt 0.307758 0.284385
vt 0.301768 0.298154
vt 0.294607 0.195357
vt 0.227274 0.236191
vt 0.253236 0.236191
vt 0.896070 0.292505
vt 0.887209 0.277031
vt 0.900235 0.269465
vt 0.908933 0.281661
vt 0.289142 0.252958
vt 0.274215 0.251259
vt 0.274218 0.236191
vt 0.834596 0.219424
vt 0.819677 0.221122
vt 0.819682 0.210945
vt 0.828658 0.205773
vt 0.074338 0.219698
vt 0.080418 0.205800
vt 0.089404 0.210954
vt 0.089401 0.221147
vt 0.099766 0.202917
vt 0.090916 0.208088
vt 0.082085 0.202917
vt 0.079546 0.177144
vt 0.214292 0.258676
vt 0.205361 0.274144
vt 0.192295 0.266609
vt 0.198233 0.252958
vt 0.965909 0.216509
vt 0.963383 0.190717
vt 0.976322 0.198472
vt 0.110402 0.236191
vt 0.103891 0.292437
vt 0.112892 0.276846
vt 0.125939 0.284385
vt 0.119950 0.298154
vt 0.125879 0.187859
vt 0.045455 0.236191
vt 0.056819 0.216509
vt 0.071378 0.236259
vt 0.714292 0.292436
vt 0.705394 0.277025
vt 0.718433 0.269438
vt 0.727273 0.281388
vt 0.107324 0.252958
vt 0.092397 0.251259
vt 0.092400 0.236191
vt 0.652778 0.219424
vt 0.637859 0.221122
vt 0.637864 0.210944
vt 0.646840 0.205773
vt 0.801768 0.219424
vt 0.807706 0.205773
vt 0.816682 0.210945
vt 0.816687 0.221122
vt 0.818182 0.208099
vt 0.809342 0.202944
vt 0.805201 0.179946
vt 0.943182 0.255874
vt 0.932769 0.273910
vt 0.919583 0.266582
vt 0.925663 0.252684
vt 0.785709 0.213707
vt 0.781581 0.190690
vt 0.794640 0.198238
vt 0.837674 0.236191
vt 0.831163 0.292437
vt 0.840164 0.276846
vt 0.853212 0.284385
vt 0.847223 0.298154
vt 0.853152 0.187859
vt 0.772728 0.236191
vt 0.798690 0.236191
vt 0.532474 0.292436
vt 0.523576 0.277025
vt 0.536615 0.269438
vt 0.545455 0.281388
vt 0.834596 0.252958
vt 0.819669 0.251259
vt 0.819672 0.236191
vt 0.470960 0.219424
vt 0.456041 0.221122
vt 0.456046 0.210944
vt 0.465022 0.205773
vt 0.619950 0.219424
vt 0.625888 0.205773
vt 0.634864 0.210945
vt 0.634869 0.221122
vt 0.645204 0.202944
vt 0.636364 0.208099
vt 0.627524 0.202944
vt 0.623383 0.179946
vt 0.759746 0.258676
vt 0.750816 0.274144
vt 0.737749 0.266609
vt 0.743687 0.252958
vt 0.603891 0.213707
vt 0.599763 0.190690
vt 0.612822 0.198238
vt 0.655856 0.236191
vt 0.649345 0.292437
vt 0.658346 0.276846
vt 0.671394 0.284385
vt 0.665404 0.298154
vt 0.671333 0.187859
vt 0.590910 0.236191
vt 0.616872 0.236191
vt 0.337714 0.314853
vt 0.319882 0.314915
vt 0.319827 0.299835
vt 0.334597 0.298154
vt 0.652778 0.252958
vt 0.637851 0.251259
vt 0.637854 0.236191
vt 0.243688 0.331688
vt 0.237698 0.345457
vt 0.228887 0.340364
vt 0.228896 0.330004
vt 0.438132 0.219424
vt 0.444070 0.205773
vt 0.453046 0.210945
vt 0.453051 0.221122
vt 0.463386 0.202944
vt 0.454546 0.208099
vt 0.445706 0.202944
vt 0.441565 0.179946
vt 0.577928 0.258676
vt 0.568998 0.274144
vt 0.555931 0.266609
vt 0.561869 0.252958
vt 0.422073 0.213707
vt 0.417945 0.190690
vt 0.431004 0.198238
vt 0.474038 0.236191
vt 0.467527 0.292437
vt 0.476528 0.276846
vt 0.489576 0.284385
vt 0.483586 0.298154
vt 0.409092 0.236191
vt 0.435054 0.236191
vt 0.168838 0.292436
vt 0.159940 0.277025
vt 0.172979 0.269438
vt 0.181819 0.281388
vt 0.470960 0.252958
vt 0.456033 0.251259
vt 0.456036 0.236191
vt 0.061869 0.331688
vt 0.055880 0.345457
vt 0.047068 0.340364
vt 0.047078 0.330004
vt 0.227431 0.360392
vt 0.218436 0.348177
vt 0.227392 0.342972
vt 0.236218 0.348071
vt 0.210702 0.331414
vt 0.225613 0.329980
vt 0.225666 0.340229
vt 0.216773 0.345291
vt 0.181819 0.314921
vt 0.207742 0.314853
vt 0.193183 0.334604
vt 0.064947 0.314921
vt 0.047085 0.314921
vt 0.047078 0.299838
vt 0.061869 0.298154
vt 0.215910 0.373969
vt 0.205497 0.355933
vt 0.218436 0.348177
vt 0.272728 0.314921
vt 0.259747 0.337406
vt 0.246765 0.314921
vt 0.305162 0.371235
vt 0.296197 0.355582
vt 0.309238 0.348071
vt 0.318025 0.360392
vt 0.210859 0.298154
vt 0.225629 0.299835
vt 0.225574 0.314915
vt 0.227273 0.393651
vt 0.240294 0.371235
vt 0.170455 0.334604
vt 0.160081 0.352573
vt 0.146865 0.345291
vt 0.152936 0.331414
vt 0.272728 0.348454
vt 0.263793 0.360532
vt 0.250746 0.352996
vt 0.789142 0.331688
vt 0.783153 0.345457
vt 0.774341 0.340364
vt 0.774351 0.330004
vt 0.045613 0.360392
vt 0.036617 0.348177
vt 0.045574 0.342972
vt 0.054399 0.348071
vt 0.028883 0.331414
vt 0.043794 0.329980
vt 0.043848 0.340229
vt 0.034954 0.345291
vt 0.000000 0.314921
vt 0.025884 0.314921
vt 0.011364 0.334604
vt 0.792219 0.314921
vt 0.774358 0.314921
vt 0.774351 0.299838
vt 0.789142 0.298155
vt 0.034091 0.373969
vt 0.023678 0.355933
vt 0.036617 0.348177
vt 0.090910 0.314921
vt 0.077928 0.337406
vt 0.123344 0.371235
vt 0.114379 0.355582
vt 0.127420 0.348071
vt 0.136207 0.360392
vt 0.028883 0.298428
vt 0.043794 0.299863
vt 0.043751 0.314921
vt 0.045455 0.393651
vt 0.058476 0.371235
vt 0.897727 0.334604
vt 0.887353 0.352573
vt 0.874138 0.345291
vt 0.880209 0.331414
vt 0.090910 0.348454
vt 0.081975 0.360532
vt 0.068927 0.352996
vt 0.607324 0.331688
vt 0.601334 0.345457
vt 0.592523 0.340364
vt 0.592532 0.330004
vt 0.772885 0.360392
vt 0.763890 0.348177
vt 0.772846 0.342972
vt 0.781672 0.348071
vt 0.756156 0.331414
vt 0.771067 0.329980
vt 0.771120 0.340229
vt 0.762227 0.345291
vt 0.727273 0.314921
vt 0.753196 0.314853
vt 0.738637 0.334604
vt 0.610401 0.314921
vt 0.592540 0.314921
vt 0.592532 0.299838
vt 0.607324 0.298155
vt 0.761364 0.373969
vt 0.750951 0.355933
vt 0.763890 0.348177
vt 0.818182 0.314921
vt 0.805201 0.337406
vt 0.850616 0.371235
vt 0.841651 0.355582
vt 0.854692 0.348071
vt 0.863479 0.360392
vt 0.756313 0.298154
vt 0.771083 0.299835
vt 0.771028 0.314915
vt 0.772727 0.393651
vt 0.785748 0.371235
vt 0.715909 0.334604
vt 0.705535 0.352573
vt 0.692320 0.345291
vt 0.698391 0.331414
vt 0.818182 0.348454
vt 0.809247 0.360532
vt 0.796200 0.352996
vt 0.425506 0.331688
vt 0.419516 0.345457
vt 0.410705 0.340364
vt 0.410715 0.330004
vt 0.591067 0.360392
vt 0.582072 0.348177
vt 0.591028 0.342972
vt 0.599854 0.348071
vt 0.574338 0.331414
vt 0.589249 0.329980
vt 0.589302 0.340229
vt 0.580409 0.345291
vt 0.545455 0.314921
vt 0.571378 0.314853
vt 0.556819 0.334604
vt 0.428583 0.314921
vt 0.410722 0.314921
vt 0.410715 0.299838
vt 0.425506 0.298155
vt 0.579546 0.373969
vt 0.569133 0.355933
vt 0.582072 0.348177
vt 0.636364 0.314921
vt 0.623383 0.337406
vt 0.668798 0.371235
vt 0.659833 0.355582
vt 0.672874 0.348071
vt 0.681661 0.360392
vt 0.574495 0.298154
vt 0.589265 0.299835
vt 0.589210 0.314915
vt 0.590909 0.393651
vt 0.603930 0.371235
vt 0.534091 0.334604
vt 0.523717 0.352573
vt 0.510502 0.345291
vt 0.516572 0.331414
vt 0.636364 0.348454
vt 0.627429 0.360532
vt 0.614382 0.352996
vt 0.471118 0.410145
vt 0.465038 0.424043
vt 0.456052 0.418888
vt 0.456055 0.408695
vt 0.409249 0.360392
vt 0.400254 0.348177
vt 0.409210 0.342972
vt 0.418036 0.348071
vt 0.392520 0.331414
vt 0.407431 0.329980
vt 0.407484 0.340229
vt 0.398591 0.345291
vt 0.363637 0.314921
vt 0.389560 0.314853
vt 0.375001 0.334604
vt 0.147728 0.373969
vt 0.145202 0.348177
vt 0.158141 0.355933
vt 0.329546 0.373969
vt 0.327020 0.348177
vt 0.339959 0.355933
vt 0.454546 0.314921
vt 0.441565 0.337406
vt 0.486980 0.371235
vt 0.478015 0.355582
vt 0.491056 0.348071
vt 0.499843 0.360392
vt 0.392677 0.298154
vt 0.407447 0.299835
vt 0.407392 0.314915
vt 0.409092 0.393651
vt 0.397728 0.373969
vt 0.422112 0.371235
vt 0.079546 0.452699
vt 0.069172 0.434730
vt 0.082070 0.426953
vt 0.090910 0.439395
vt 0.454546 0.348454
vt 0.445611 0.360532
vt 0.432564 0.352996
vt 0.463481 0.360532
vt 0.454546 0.365691
vt 0.445611 0.360532
vt 0.454546 0.439395
vt 0.445706 0.426953
vt 0.454546 0.421766
vt 0.463386 0.426953
vt 0.437974 0.410145
vt 0.453037 0.408695
vt 0.453040 0.418888
vt 0.444054 0.424043
vt 0.435015 0.393583
vt 0.420455 0.413334
vt 0.474077 0.393583
vt 0.456039 0.393646
vt 0.456033 0.378584
vt 0.470960 0.376885
vt 0.284092 0.452699
vt 0.272728 0.439395
vt 0.281568 0.426953
vt 0.294466 0.434730
vt 0.500000 0.393651
vt 0.488637 0.413334
vt 0.438132 0.376885
vt 0.453059 0.378584
vt 0.453053 0.393646
vt 0.453053 0.393646
vt 0.453037 0.408695
vt 0.454546 0.472382
vt 0.443182 0.452699
vt 0.465910 0.452699
vt 0.875000 0.373969
vt 0.872474 0.348177
vt 0.885413 0.355933
vt 0.602273 0.413334
vt 0.619792 0.410145
vt 0.625872 0.424043
vt 0.612686 0.431370
vt 0.501608 0.340229
vt 0.501661 0.329979
vt 0.456033 0.378584
vt 0.456033 0.368266
vt 0.464968 0.363108
vt 0.444124 0.363108
vt 0.453059 0.368267
vt 0.453059 0.378584
vt 0.418036 0.348071
vt 0.431077 0.355582
vt 0.467527 0.337406
vt 0.616833 0.393583
vt 0.619950 0.376885
vt 0.634877 0.378584
vt 0.634871 0.393646
vt 0.432564 0.352996
vt 0.419516 0.345457
vt 0.444124 0.363108
vt 0.483586 0.331688
vt 0.489576 0.345457
vt 0.476528 0.352996
vt 0.652936 0.410145
vt 0.646856 0.424043
vt 0.637870 0.418888
vt 0.637873 0.408695
vt 0.491056 0.348071
vt 0.499882 0.342972
vt 0.508838 0.348177
vt 0.498378 0.330004
vt 0.498387 0.340364
vt 0.489576 0.345457
vt 0.480509 0.314921
vt 0.261364 0.452699
vt 0.250990 0.434730
vt 0.263888 0.426953
vt 0.476528 0.352996
vt 0.519532 0.314853
vt 0.102274 0.137778
vt 0.112648 0.119809
vt 0.125864 0.127091
vt 0.498378 0.299838
vt 0.498370 0.314921
vt 0.511364 0.373969
vt 0.464968 0.363108
vt 0.567193 0.352573
vt 0.645299 0.360532
vt 0.636364 0.365691
vt 0.627429 0.360532
vt 0.636364 0.439395
vt 0.627524 0.426953
vt 0.636364 0.421766
vt 0.645204 0.426953
vt 0.634855 0.408695
vt 0.634858 0.418888
vt 0.625872 0.424042
vt 0.655895 0.393583
vt 0.637857 0.393646
vt 0.637851 0.378584
vt 0.652778 0.376885
vt 0.478224 0.431370
vt 0.465038 0.424043
vt 0.681818 0.393651
vt 0.670455 0.413334
vt 0.625000 0.452699
vt 0.614626 0.434730
vt 0.627524 0.426953
vt 0.634871 0.393646
vt 0.634855 0.408695
vt 0.636364 0.472382
vt 0.647728 0.452699
vt 0.463386 0.426953
vt 0.476284 0.434730
vt 0.784091 0.413334
vt 0.801610 0.410145
vt 0.807690 0.424043
vt 0.794504 0.431370
vt 0.683426 0.340229
vt 0.683479 0.329979
vt 0.637851 0.368266
vt 0.646786 0.363108
vt 0.625942 0.363108
vt 0.634877 0.368266
vt 0.634877 0.378584
vt 0.612895 0.355582
vt 0.637873 0.408695
vt 0.637857 0.393646
vt 0.649345 0.337406
vt 0.798651 0.393583
vt 0.801768 0.376885
vt 0.816695 0.378584
vt 0.816689 0.393646
vt 0.601335 0.345457
vt 0.625942 0.363108
vt 0.665404 0.331688
vt 0.671394 0.345457
vt 0.658346 0.352996
vt 0.834754 0.410145
vt 0.828674 0.424043
vt 0.819688 0.418888
vt 0.819691 0.408695
vt 0.681700 0.342972
vt 0.690656 0.348177
vt 0.680196 0.330004
vt 0.680205 0.340364
vt 0.662327 0.314921
vt 0.501700 0.314915
vt 0.501645 0.299835
vt 0.516415 0.298154
vt 0.701350 0.314853
vt 0.521777 0.355933
vt 0.680196 0.299838
vt 0.680188 0.314921
vt 0.693182 0.373969
vt 0.659833 0.355582
vt 0.749011 0.352573
vt 0.827117 0.360532
vt 0.818182 0.365691
vt 0.809247 0.360532
vt 0.818182 0.439395
vt 0.809342 0.426953
vt 0.818182 0.421766
vt 0.827022 0.426953
vt 0.816673 0.408695
vt 0.816676 0.418888
vt 0.807690 0.424043
vt 0.837713 0.393583
vt 0.819675 0.393646
vt 0.819669 0.378584
vt 0.834596 0.376885
vt 0.660042 0.431370
vt 0.863636 0.393651
vt 0.852273 0.413334
vt 0.806818 0.452699
vt 0.796444 0.434730
vt 0.816673 0.408695
vt 0.818182 0.472382
vt 0.829546 0.452699
vt 0.645204 0.426953
vt 0.658102 0.434730
vt 0.056819 0.413334
vt 0.074338 0.410145
vt 0.080418 0.424043
vt 0.067232 0.431370
vt 0.874138 0.345291
vt 0.865244 0.340229
vt 0.865297 0.329979
vt 0.819669 0.368266
vt 0.828604 0.363108
vt 0.807760 0.363108
vt 0.816695 0.368266
vt 0.816695 0.378584
vt 0.781672 0.348071
vt 0.794713 0.355582
vt 0.819675 0.393646
vt 0.831163 0.337406
vt 0.071378 0.393583
vt 0.074495 0.376885
vt 0.089423 0.378584
vt 0.089417 0.393646
vt 0.796200 0.352996
vt 0.783153 0.345457
vt 0.794713 0.355582
vt 0.807760 0.363108
vt 0.847222 0.331688
vt 0.853212 0.345457
vt 0.840164 0.352996
vt 0.107482 0.410145
vt 0.101402 0.424043
vt 0.092416 0.418888
vt 0.092419 0.408695
vt 0.854692 0.348071
vt 0.863518 0.342972
vt 0.872474 0.348177
vt 0.862014 0.330004
vt 0.862023 0.340364
vt 0.844145 0.314921
vt 0.683518 0.314915
vt 0.683463 0.299835
vt 0.698233 0.298154
vt 0.840164 0.352996
vt 0.909091 0.314921
vt 0.883168 0.314853
vt 0.690656 0.348177
vt 0.703595 0.355933
vt 0.862014 0.299838
vt 0.862006 0.314921
vt 0.828604 0.363108
vt 0.021738 0.352573
vt 0.099844 0.360532
vt 0.090910 0.365691
vt 0.082070 0.426953
vt 0.090910 0.421766
vt 0.099750 0.426953
vt 0.089401 0.408695
vt 0.089404 0.418888
vt 0.080418 0.424043
vt 0.110441 0.393583
vt 0.092403 0.393646
vt 0.092397 0.378584
vt 0.107324 0.376885
vt 0.841860 0.431370
vt 0.828674 0.424043
vt 0.136365 0.393651
vt 0.125001 0.413334
vt 0.352273 0.334604
vt 0.341899 0.352573
vt 0.328683 0.345291
vt 0.334754 0.331414
vt 0.089417 0.393646
vt 0.090910 0.472382
vt 0.102274 0.452699
vt 0.839920 0.434730
vt 0.238637 0.413334
vt 0.256156 0.410145
vt 0.262236 0.424043
vt 0.249050 0.431370
vt 0.146865 0.345291
vt 0.137972 0.340229
vt 0.138025 0.329979
vt 0.092397 0.378584
vt 0.092397 0.368266
vt 0.101332 0.363108
vt 0.080488 0.363108
vt 0.089423 0.368266
vt 0.054399 0.348071
vt 0.067440 0.355582
vt 0.092419 0.408695
vt 0.103891 0.337406
vt 0.253197 0.393583
vt 0.256314 0.376885
vt 0.271241 0.378584
vt 0.271235 0.393646
vt 0.068927 0.352996
vt 0.080488 0.363108
vt 0.119950 0.331688
vt 0.125939 0.345457
vt 0.112892 0.352996
vt 0.289300 0.410145
vt 0.283220 0.424043
vt 0.274234 0.418888
vt 0.274237 0.408695
vt 0.136246 0.342972
vt 0.145202 0.348177
vt 0.134741 0.330004
vt 0.134751 0.340364
vt 0.125939 0.345457
vt 0.116872 0.314921
vt 0.865337 0.314915
vt 0.865281 0.299835
vt 0.880051 0.298154
vt 0.112892 0.352996
vt 0.099844 0.360532
vt 0.155896 0.314853
vt 0.306819 0.413334
vt 0.296406 0.431370
vt 0.134741 0.299838
vt 0.134734 0.314921
vt 0.101331 0.363108
vt 0.114379 0.355582
vt 0.216773 0.345291
vt 0.203557 0.352573
vt 0.281663 0.360532
vt 0.272728 0.365691
vt 0.263793 0.360532
vt 0.272728 0.421766
vt 0.281568 0.426953
vt 0.271219 0.408695
vt 0.271222 0.418888
vt 0.292259 0.393583
vt 0.274221 0.393646
vt 0.274215 0.378584
vt 0.289142 0.376885
vt 0.114588 0.431370
vt 0.318182 0.393651
vt 0.444054 0.424043
vt 0.430868 0.431370
vt 0.271235 0.393646
vt 0.271219 0.408695
vt 0.272728 0.472382
vt 0.112648 0.434730
vt 0.432808 0.434730
vt 0.445706 0.426953
vt 0.328683 0.345291
vt 0.319790 0.340229
vt 0.319843 0.329979
vt 0.274215 0.368266
vt 0.283150 0.363108
vt 0.262306 0.363108
vt 0.271241 0.368266
vt 0.236218 0.348071
vt 0.249259 0.355582
vt 0.274237 0.408695
vt 0.274221 0.393646
vt 0.285709 0.337406
vt 0.422073 0.258676
vt 0.438132 0.252958
vt 0.444124 0.266734
vt 0.431074 0.274266
vt 0.237698 0.345457
vt 0.262306 0.363108
vt 0.301768 0.331688
vt 0.307758 0.345457
vt 0.294710 0.352996
vt 0.410714 0.299838
vt 0.410705 0.289479
vt 0.419516 0.284385
vt 0.309238 0.348071
vt 0.318064 0.342972
vt 0.316560 0.330004
vt 0.316569 0.340364
vt 0.307758 0.345457
vt 0.298691 0.314921
vt 0.138064 0.314915
vt 0.138009 0.299835
vt 0.152779 0.298154
vt 0.281663 0.360532
vt 0.398591 0.345291
vt 0.385375 0.352573
vt 0.316560 0.299838
vt 0.316552 0.314921
vt 0.283150 0.363108
vt 0.387315 0.355933
vt 0.400254 0.348177
vt 0.464968 0.266734
vt 0.456033 0.261576
vt 0.398606 0.284523
vt 0.407491 0.289602
vt 0.409092 0.269724
vt 0.418022 0.281796
vt 0.409205 0.286880
vt 0.400238 0.281692
vt 0.441565 0.292437
vt 0.432564 0.276846
vt 0.445611 0.269310
vt 0.454546 0.281388
vt 0.376618 0.292437
vt 0.363637 0.281388
vt 0.372477 0.269438
vt 0.385516 0.277025
vt 0.410715 0.330004
vt 0.410722 0.314921
vt 0.418022 0.281796
vt 0.101386 0.205773
vt 0.114452 0.198238
vt 0.407392 0.314915
vt 0.501601 0.289602
vt 0.510486 0.284523
vt 0.445611 0.269310
vt 0.454546 0.264151
vt 0.463481 0.269310
vt 0.453059 0.251259
vt 0.453059 0.261576
vt 0.444124 0.266734
vt 0.453051 0.221122
vt 0.453056 0.236191
vt 0.419516 0.284385
vt 0.432564 0.276846
vt 0.487019 0.258676
vt 0.603891 0.258676
vt 0.619950 0.252958
vt 0.625942 0.266734
vt 0.612892 0.274266
vt 0.456036 0.236191
vt 0.456041 0.221122
vt 0.453056 0.236191
vt 0.453059 0.251259
vt 0.500001 0.269724
vt 0.491071 0.281796
vt 0.478018 0.274266
vt 0.592523 0.289479
vt 0.601334 0.284385
vt 0.489576 0.284385
vt 0.498387 0.289479
vt 0.498378 0.299838
vt 0.508854 0.281692
vt 0.499887 0.286880
vt 0.512982 0.258676
vt 0.614485 0.195357
vt 0.601395 0.187859
vt 0.607324 0.174228
vt 0.501661 0.329979
vt 0.501700 0.314915
vt 0.529041 0.252958
vt 0.534979 0.266609
vt 0.521913 0.274144
vt 0.476528 0.276846
vt 0.498370 0.314921
vt 0.498378 0.330004
vt 0.646786 0.266734
vt 0.637851 0.261576
vt 0.580424 0.284523
vt 0.589309 0.289602
vt 0.590910 0.269724
vt 0.599840 0.281796
vt 0.591023 0.286880
vt 0.582056 0.281692
vt 0.623383 0.292437
vt 0.614382 0.276846
vt 0.627429 0.269310
vt 0.636364 0.281388
vt 0.558436 0.292437
vt 0.554295 0.269438
vt 0.567334 0.277025
vt 0.592532 0.330004
vt 0.592540 0.314921
vt 0.612892 0.274266
vt 0.228904 0.314921
vt 0.228896 0.299838
vt 0.243688 0.298155
vt 0.589210 0.314915
vt 0.589249 0.329980
vt 0.683463 0.299835
vt 0.683419 0.289602
vt 0.692304 0.284523
vt 0.636364 0.264151
vt 0.645299 0.269310
vt 0.634877 0.251259
vt 0.634877 0.261576
vt 0.634869 0.221122
vt 0.634874 0.236191
vt 0.668837 0.258676
vt 0.785709 0.258676
vt 0.801768 0.252958
vt 0.807760 0.266734
vt 0.794710 0.274266
vt 0.637854 0.236191
vt 0.637859 0.221122
vt 0.634877 0.251259
vt 0.681819 0.269724
vt 0.672889 0.281796
vt 0.659836 0.274266
vt 0.774351 0.299838
vt 0.774341 0.289479
vt 0.783153 0.284385
vt 0.671394 0.284385
vt 0.680205 0.289479
vt 0.680196 0.299838
vt 0.690672 0.281692
vt 0.681705 0.286880
vt 0.694800 0.258676
vt 0.796303 0.195357
vt 0.783213 0.187859
vt 0.789142 0.174228
vt 0.646786 0.266734
vt 0.710859 0.252958
vt 0.716797 0.266609
vt 0.703731 0.274144
vt 0.645299 0.269310
vt 0.680188 0.314921
vt 0.828604 0.266734
vt 0.819669 0.261576
vt 0.762242 0.284523
vt 0.771127 0.289602
vt 0.771083 0.299835
vt 0.772728 0.269724
vt 0.781658 0.281796
vt 0.772841 0.286880
vt 0.763874 0.281692
vt 0.805201 0.292437
vt 0.796200 0.276846
vt 0.809247 0.269310
vt 0.818182 0.281388
vt 0.740254 0.292437
vt 0.736113 0.269438
vt 0.749152 0.277025
vt 0.774358 0.314921
vt 0.794710 0.274266
vt 0.781658 0.281796
vt 0.465022 0.205773
vt 0.478088 0.198238
vt 0.865237 0.289602
vt 0.874122 0.284523
vt 0.818182 0.264151
vt 0.827117 0.269310
vt 0.816695 0.251259
vt 0.816695 0.261576
vt 0.807760 0.266734
vt 0.816692 0.236191
vt 0.796200 0.276846
vt 0.850655 0.258676
vt 0.058476 0.258607
vt 0.074495 0.252958
vt 0.080488 0.266734
vt 0.067440 0.274260
vt 0.863637 0.269724
vt 0.854707 0.281796
vt 0.841654 0.274266
vt 0.047078 0.299838
vt 0.047068 0.289479
vt 0.055880 0.284385
vt 0.862023 0.289479
vt 0.872490 0.281692
vt 0.863523 0.286880
vt 0.876618 0.258676
vt 0.988636 0.177144
vt 0.978262 0.195113
vt 0.965047 0.187831
vt 0.971118 0.173954
vt 0.841654 0.274266
vt 0.828604 0.266734
vt 0.865297 0.329980
vt 0.892677 0.252958
vt 0.898615 0.266609
vt 0.885549 0.274144
vt 0.827117 0.269310
vt 0.862014 0.330004
vt 0.101331 0.266734
vt 0.092397 0.261576
vt 0.034954 0.284551
vt 0.043848 0.289613
vt 0.043794 0.299863
vt 0.045613 0.269451
vt 0.054399 0.281771
vt 0.045574 0.286870
vt 0.036617 0.281665
vt 0.034091 0.255874
vt 0.077928 0.292437
vt 0.068927 0.276846
vt 0.081975 0.269310
vt 0.090910 0.281388
vt 0.920455 0.295239
vt 0.917916 0.269465
vt 0.930829 0.277269
vt 0.047078 0.330004
vt 0.047085 0.314921
vt 0.054399 0.281771
vt 0.011364 0.295239
vt 0.646840 0.205773
vt 0.659907 0.198238
vt 0.043751 0.314921
vt 0.137965 0.289602
vt 0.146850 0.284523
vt 0.090910 0.264151
vt 0.099844 0.269310
vt 0.089423 0.251259
vt 0.089423 0.261576
vt 0.080488 0.266734
vt 0.089401 0.221147
vt 0.089417 0.236196
vt 0.123383 0.258676
vt 0.240255 0.258676
vt 0.256314 0.252958
vt 0.262306 0.266734
vt 0.249256 0.274266
vt 0.092400 0.236191
vt 0.092405 0.221122
vt 0.089423 0.251259
vt 0.136364 0.269724
vt 0.127434 0.281796
vt 0.114382 0.274266
vt 0.228896 0.299838
vt 0.228887 0.289479
vt 0.237698 0.284385
vt 0.125939 0.284385
vt 0.134751 0.289479
vt 0.134741 0.299838
vt 0.145218 0.281692
vt 0.136251 0.286880
vt 0.127434 0.281796
vt 0.149346 0.258676
vt 0.250849 0.195357
vt 0.237759 0.187859
vt 0.243688 0.174228
vt 0.114382 0.274266
vt 0.101331 0.266734
vt 0.138064 0.314915
vt 0.165405 0.252958
vt 0.171343 0.266609
vt 0.158277 0.274144
vt 0.134734 0.314921
vt 0.134741 0.330004
vt 0.283150 0.266734
vt 0.274215 0.261576
vt 0.216788 0.284523
vt 0.225673 0.289602
vt 0.225629 0.299835
vt 0.227274 0.269724
vt 0.236204 0.281796
vt 0.227387 0.286880
vt 0.218420 0.281692
vt 0.259747 0.292437
vt 0.250746 0.276846
vt 0.263793 0.269310
vt 0.272728 0.281388
vt 0.194800 0.292437
vt 0.190659 0.269438
vt 0.203698 0.277025
vt 0.228896 0.330004
vt 0.228904 0.314921
vt 0.236204 0.281796
vt 0.828658 0.205773
vt 0.841725 0.198238
vt 0.225613 0.329980
vt 0.319783 0.289602
vt 0.328668 0.284523
vt 0.272728 0.264151
vt 0.281663 0.269310
vt 0.271241 0.251259
vt 0.271241 0.261576
vt 0.262306 0.266734
vt 0.271233 0.221122
vt 0.271238 0.236191
vt 0.237698 0.284385
vt 0.305201 0.258676
vt 0.525963 0.236191
vt 0.529041 0.219424
vt 0.543968 0.221123
vt 0.543965 0.236191
vt 0.318183 0.269724
vt 0.309252 0.281796
vt 0.296200 0.274266
vt 0.555931 0.266609
vt 0.546955 0.261438
vt 0.546950 0.251260
vt 0.316569 0.289479
vt 0.316560 0.299838
vt 0.327036 0.281692
vt 0.318069 0.286880
vt 0.331164 0.258676
vt 0.432667 0.195357
vt 0.419577 0.187859
vt 0.425506 0.174228
vt 0.296200 0.274266
vt 0.350656 0.292436
vt 0.319843 0.329979
vt 0.347223 0.252958
vt 0.353161 0.266609
vt 0.340095 0.274144
vt 0.316560 0.330004
vt 0.554390 0.203072
vt 0.545455 0.208231
vt 0.536615 0.269438
vt 0.545455 0.264283
vt 0.543960 0.251260
vt 0.543955 0.261438
vt 0.534979 0.266609
vt 0.564947 0.236191
vt 0.546945 0.236191
vt 0.546942 0.221123
vt 0.561869 0.219424
vt 0.508854 0.281692
vt 0.568998 0.274144
vt 0.543965 0.236191
vt 0.601395 0.187859
vt 0.592510 0.182780
vt 0.592554 0.172547
vt 0.546942 0.221123
vt 0.546942 0.210806
vt 0.555877 0.205648
vt 0.535033 0.205648
vt 0.543968 0.210806
vt 0.543968 0.221123
vt 0.508931 0.190586
vt 0.521983 0.198116
vt 0.546950 0.251260
vt 0.558436 0.179946
vt 0.707781 0.236191
vt 0.710859 0.219424
vt 0.725786 0.221123
vt 0.725783 0.236191
vt 0.535033 0.205648
vt 0.574495 0.174228
vt 0.580485 0.187997
vt 0.567437 0.195536
vt 0.737749 0.266609
vt 0.728773 0.261438
vt 0.728768 0.251260
vt 0.581980 0.190586
vt 0.590796 0.185502
vt 0.599763 0.190690
vt 0.589287 0.172544
vt 0.589296 0.182903
vt 0.571418 0.157461
vt 0.341758 0.277025
vt 0.354797 0.269438
vt 0.567437 0.195536
vt 0.610441 0.157529
vt 0.627524 0.202944
vt 0.589287 0.142378
vt 0.589279 0.157461
vt 0.625888 0.205773
vt 0.736208 0.203072
vt 0.727273 0.208231
vt 0.718338 0.203072
vt 0.727273 0.264283
vt 0.736113 0.269438
vt 0.725778 0.251260
vt 0.725773 0.261438
vt 0.746765 0.236191
vt 0.728763 0.236191
vt 0.728760 0.221123
vt 0.743687 0.219424
vt 0.690672 0.281692
vt 0.763874 0.281692
vt 0.725778 0.251260
vt 0.692304 0.284523
vt 0.705394 0.277025
vt 0.762242 0.284523
vt 0.783213 0.187859
vt 0.774328 0.182780
vt 0.774373 0.172547
vt 0.728760 0.221123
vt 0.728760 0.210806
vt 0.737695 0.205648
vt 0.716851 0.205648
vt 0.725786 0.210806
vt 0.725786 0.221123
vt 0.690749 0.190586
vt 0.703801 0.198116
vt 0.728768 0.251260
vt 0.728763 0.236191
vt 0.740254 0.179946
vt 0.889599 0.236191
vt 0.892677 0.219424
vt 0.907604 0.221123
vt 0.907601 0.236191
vt 0.705291 0.195536
vt 0.716851 0.205648
vt 0.756314 0.174228
vt 0.762303 0.187997
vt 0.749255 0.195536
vt 0.910597 0.261428
vt 0.910600 0.251235
vt 0.763797 0.190586
vt 0.772614 0.185502
vt 0.771105 0.172544
vt 0.771114 0.182903
vt 0.762303 0.187997
vt 0.753236 0.157461
vt 0.592609 0.157467
vt 0.592570 0.142403
vt 0.607481 0.140968
vt 0.736208 0.203072
vt 0.792259 0.157529
vt 0.809342 0.202944
vt 0.796303 0.195357
vt 0.771105 0.142378
vt 0.771097 0.157461
vt 0.737695 0.205648
vt 0.750745 0.198116
vt 0.918026 0.203072
vt 0.909091 0.208231
vt 0.900156 0.203072
vt 0.909084 0.264294
vt 0.917915 0.269465
vt 0.907596 0.251260
vt 0.907591 0.261438
vt 0.928622 0.236123
vt 0.910584 0.236186
vt 0.910578 0.221123
vt 0.925505 0.219424
vt 0.885549 0.274144
vt 0.872490 0.281692
vt 0.954545 0.236191
vt 0.036617 0.281665
vt 0.023678 0.273910
vt 0.907601 0.236191
vt 0.907596 0.251260
vt 0.874122 0.284523
vt 0.887209 0.277031
vt 0.021738 0.277269
vt 0.034954 0.284551
vt 0.965047 0.187831
vt 0.956153 0.182769
vt 0.956206 0.172519
vt 0.910578 0.221123
vt 0.910578 0.210806
vt 0.919513 0.205648
vt 0.898669 0.205648
vt 0.907604 0.210806
vt 0.885619 0.198116
vt 0.910600 0.251235
vt 0.910584 0.236186
vt 0.922072 0.179946
vt 0.162327 0.236191
vt 0.165405 0.219424
vt 0.180332 0.221123
vt 0.180329 0.236191
vt 0.887109 0.195536
vt 0.874062 0.187997
vt 0.885619 0.198116
vt 0.938131 0.174228
vt 0.944121 0.187997
vt 0.931073 0.195536
vt 0.192295 0.266609
vt 0.183319 0.261438
vt 0.183314 0.251260
vt 0.954427 0.185512
vt 0.963383 0.190717
vt 0.952923 0.172544
vt 0.952932 0.182903
vt 0.944121 0.187997
vt 0.935054 0.157461
vt 0.647728 0.137778
vt 0.658102 0.119809
vt 0.671318 0.127091
vt 0.918026 0.203072
vt 1.000000 0.157461
vt 0.974116 0.157461
vt 0.082085 0.202917
vt 0.069172 0.195113
vt 0.952923 0.142378
vt 0.952915 0.157461
vt 0.919513 0.205648
vt 0.067232 0.198472
vt 0.190754 0.203072
vt 0.181819 0.208231
vt 0.172884 0.203072
vt 0.172979 0.269438
vt 0.181819 0.264283
vt 0.180324 0.251260
vt 0.180319 0.261438
vt 0.201311 0.236191
vt 0.183309 0.236191
vt 0.183306 0.221123
vt 0.198233 0.219424
vt 0.218420 0.281692
vt 0.205361 0.274144
vt 0.203698 0.277025
vt 0.216788 0.284523
vt 0.228874 0.182780
vt 0.228918 0.172547
vt 0.183306 0.221123
vt 0.183306 0.210806
vt 0.192241 0.205648
vt 0.171397 0.205648
vt 0.180332 0.210806
vt 0.180332 0.221123
vt 0.145295 0.190586
vt 0.158347 0.198116
vt 0.183309 0.236191
vt 0.194800 0.179946
vt 0.344145 0.236191
vt 0.347223 0.219424
vt 0.362150 0.221123
vt 0.362147 0.236191
vt 0.159837 0.195536
vt 0.210859 0.174228
vt 0.216849 0.187997
vt 0.203801 0.195536
vt 0.365137 0.261438
vt 0.365132 0.251260
vt 0.227160 0.185502
vt 0.236127 0.190690
vt 0.225651 0.172544
vt 0.225660 0.182903
vt 0.207782 0.157461
vt 0.428623 0.157529
vt 0.410791 0.157467
vt 0.410752 0.142403
vt 0.425664 0.140968
vt 0.203801 0.195536
vt 0.246805 0.157529
vt 0.250849 0.195357
vt 0.225651 0.142378
vt 0.225643 0.157461
vt 0.192241 0.205648
vt 0.205291 0.198116
vt 0.372572 0.203072
vt 0.363637 0.208231
vt 0.354702 0.203072
vt 0.354797 0.269438
vt 0.363637 0.264283
vt 0.362142 0.251260
vt 0.362137 0.261438
vt 0.353161 0.266609
vt 0.383129 0.236191
vt 0.365127 0.236191
vt 0.365124 0.221123
vt 0.380051 0.219424
vt 0.327036 0.281692
vt 0.400238 0.281692
vt 0.328668 0.284523
vt 0.341758 0.277025
vt 0.398606 0.284523
vt 0.419577 0.187859
vt 0.410692 0.182780
vt 0.410736 0.172547
vt 0.365124 0.210806
vt 0.374059 0.205648
vt 0.353215 0.205648
vt 0.362150 0.210806
vt 0.362150 0.221123
vt 0.327113 0.190586
vt 0.340165 0.198116
vt 0.365132 0.251260
vt 0.376618 0.179946
vt 0.513021 0.101147
vt 0.529041 0.095497
vt 0.535033 0.109274
vt 0.521986 0.116800
vt 0.341655 0.195536
vt 0.328607 0.187997
vt 0.340165 0.198116
vt 0.353215 0.205648
vt 0.392677 0.174228
vt 0.398667 0.187997
vt 0.385619 0.195536
vt 0.501614 0.132018
vt 0.510425 0.126925
vt 0.400162 0.190586
vt 0.408978 0.185502
vt 0.417945 0.190690
vt 0.407469 0.172544
vt 0.407478 0.182903
vt 0.389600 0.157461
vt 0.375001 0.019683
vt 0.385375 0.037652
vt 0.372477 0.045429
vt 0.363637 0.032987
vt 0.385619 0.195536
vt 0.432667 0.195357
vt 0.392677 0.140694
vt 0.407469 0.142378
vt 0.407461 0.157461
vt 0.387109 0.198116
vt 0.431004 0.198238
vt 0.555877 0.109274
vt 0.546942 0.104116
vt 0.489500 0.127091
vt 0.498393 0.132153
vt 0.500158 0.111991
vt 0.508945 0.124311
vt 0.500119 0.129410
vt 0.491163 0.124205
vt 0.488637 0.098413
vt 0.532474 0.134976
vt 0.523473 0.119386
vt 0.536520 0.111850
vt 0.545455 0.123928
vt 0.443182 0.137778
vt 0.419592 0.127091
vt 0.432808 0.119809
vt 0.521986 0.116800
vt 0.465910 0.137778
vt 0.750951 0.041012
vt 0.498301 0.157467
vt 0.592570 0.142403
vt 0.592517 0.132153
vt 0.601411 0.127091
vt 0.536520 0.111850
vt 0.545455 0.106691
vt 0.554390 0.111850
vt 0.543968 0.093798
vt 0.543968 0.104116
vt 0.535033 0.109274
vt 0.543962 0.078736
vt 0.577889 0.101147
vt 0.694839 0.101147
vt 0.710859 0.095497
vt 0.716851 0.109274
vt 0.703804 0.116800
vt 0.543962 0.078736
vt 0.590752 0.111991
vt 0.581965 0.124311
vt 0.568924 0.116800
vt 0.683441 0.142378
vt 0.683432 0.132018
vt 0.692243 0.126925
vt 0.580485 0.126925
vt 0.589296 0.132019
vt 0.589287 0.142378
vt 0.599747 0.124205
vt 0.590791 0.129410
vt 0.602273 0.098413
vt 0.774427 0.157467
vt 0.774388 0.142403
vt 0.789300 0.140968
vt 0.568924 0.116800
vt 0.555877 0.109274
vt 0.625000 0.137778
vt 0.670455 0.098413
vt 0.681976 0.111991
vt 0.672981 0.124205
vt 0.660042 0.116449
vt 0.554390 0.111850
vt 0.567437 0.119386
vt 0.589279 0.157461
vt 0.589287 0.172544
vt 0.737695 0.109274
vt 0.728760 0.104116
vt 0.728760 0.093798
vt 0.680211 0.132153
vt 0.680158 0.142403
vt 0.690763 0.124311
vt 0.681937 0.129410
vt 0.672981 0.124205
vt 0.714292 0.134976
vt 0.705291 0.119386
vt 0.718338 0.111850
vt 0.727273 0.123928
vt 0.612686 0.116449
vt 0.683442 0.172544
vt 0.683449 0.157461
vt 0.703804 0.116800
vt 0.690763 0.124311
vt 0.614626 0.119809
vt 0.774388 0.142403
vt 0.774335 0.132153
vt 0.783229 0.127091
vt 0.718338 0.111850
vt 0.727273 0.106691
vt 0.736208 0.111850
vt 0.725786 0.093798
vt 0.725786 0.104116
vt 0.716851 0.109274
vt 0.725764 0.063687
vt 0.725780 0.078736
vt 0.705291 0.119386
vt 0.759707 0.101147
vt 0.876657 0.101147
vt 0.892677 0.095497
vt 0.898669 0.109274
vt 0.885622 0.116800
vt 0.725780 0.078736
vt 0.772570 0.111991
vt 0.763783 0.124311
vt 0.750742 0.116800
vt 0.865250 0.132018
vt 0.874061 0.126925
vt 0.771114 0.132018
vt 0.771105 0.142378
vt 0.781565 0.124205
vt 0.772609 0.129410
vt 0.784091 0.098413
vt 0.956249 0.157461
vt 0.956206 0.142403
vt 0.971118 0.140968
vt 0.750742 0.116800
vt 0.737695 0.109274
vt 0.806818 0.137778
vt 0.774427 0.157467
vt 0.852273 0.098413
vt 0.863794 0.111991
vt 0.854799 0.124205
vt 0.841860 0.116449
vt 0.736208 0.111850
vt 0.771097 0.157461
vt 0.771105 0.172544
vt 0.919513 0.109274
vt 0.910578 0.104116
vt 0.910578 0.093798
vt 0.862029 0.132153
vt 0.861976 0.142403
vt 0.872581 0.124311
vt 0.863755 0.129410
vt 0.854799 0.124205
vt 0.896110 0.134976
vt 0.887109 0.119386
vt 0.900156 0.111850
vt 0.909091 0.123928
vt 0.794504 0.116449
vt 0.865259 0.172544
vt 0.783229 0.127091
vt 0.796444 0.119809
vt 0.861937 0.157467
vt 0.861992 0.172547
vt 0.956206 0.142403
vt 0.956153 0.132153
vt 0.965047 0.127091
vt 0.900156 0.111850
vt 0.909091 0.106691
vt 0.918026 0.111850
vt 0.907604 0.093798
vt 0.907604 0.104116
vt 0.898669 0.109274
vt 0.907582 0.063687
vt 0.907598 0.078736
vt 0.874062 0.126925
vt 0.941525 0.101147
vt 0.376618 0.134976
vt 0.363637 0.123928
vt 0.372572 0.111850
vt 0.385619 0.119386
vt 0.907604 0.093798
vt 0.954388 0.111991
vt 0.945601 0.124311
vt 0.932560 0.116800
vt 0.417929 0.124205
vt 0.408973 0.129410
vt 0.400147 0.124311
vt 0.952932 0.132018
vt 0.952923 0.142378
vt 0.963383 0.124205
vt 0.954427 0.129410
vt 0.965909 0.098413
vt 0.352273 0.019683
vt 0.354797 0.045429
vt 0.341899 0.037652
vt 0.932560 0.116800
vt 0.919513 0.109274
vt 0.988636 0.137778
vt 0.956206 0.172519
vt 0.125001 0.098413
vt 0.136522 0.111991
vt 0.127527 0.124205
vt 0.114588 0.116449
vt 0.918026 0.111850
vt 0.952923 0.172544
vt 0.362150 0.093798
vt 0.362150 0.104116
vt 0.353215 0.109274
vt 0.410752 0.142403
vt 0.410699 0.132153
vt 0.398667 0.126925
vt 0.407478 0.132018
vt 0.407469 0.142378
vt 0.396071 0.101147
vt 0.387106 0.116800
vt 0.374059 0.109274
vt 0.380051 0.095497
vt 0.409092 0.078731
vt 0.478224 0.116449
vt 0.398667 0.126925
vt 0.410791 0.157467
vt 0.476284 0.119809
vt 0.489500 0.127091
vt 0.372477 0.045429
vt 0.363637 0.050616
vt 0.354797 0.045429
vt 0.374059 0.109274
vt 0.365124 0.104116
vt 0.365124 0.093798
vt 0.354702 0.111850
vt 0.363637 0.106691
vt 0.328607 0.126925
vt 0.341655 0.119386
vt 0.400147 0.124311
vt 0.387106 0.116800
vt 0.344106 0.078799
vt 0.149385 0.101147
vt 0.165405 0.095497
vt 0.171397 0.109274
vt 0.158350 0.116800
vt 0.340168 0.116800
vt 0.341655 0.119386
vt 0.362128 0.063687
vt 0.362144 0.078736
vt 0.137987 0.142378
vt 0.137978 0.132018
vt 0.146789 0.126925
vt 0.365146 0.063687
vt 0.365143 0.053494
vt 0.374129 0.048340
vt 0.353145 0.048340
vt 0.362131 0.053494
vt 0.362128 0.063687
vt 0.228973 0.157467
vt 0.228934 0.142403
vt 0.362144 0.078736
vt 0.362150 0.093798
vt 0.363637 0.000000
vt 0.523717 0.037652
vt 0.192311 0.048340
vt 0.205497 0.041012
vt 0.521777 0.041012
vt 0.534963 0.048340
vt 0.192241 0.109274
vt 0.183306 0.104116
vt 0.134757 0.132153
vt 0.145309 0.124311
vt 0.136483 0.129410
vt 0.168838 0.134976
vt 0.159837 0.119386
vt 0.172884 0.111850
vt 0.181819 0.123928
vt 0.976322 0.116449
vt 0.145309 0.124311
vt 0.978262 0.119809
vt 0.228934 0.142403
vt 0.228881 0.132153
vt 0.181819 0.106691
vt 0.190754 0.111850
vt 0.180332 0.093798
vt 0.180332 0.104116
vt 0.171397 0.109274
vt 0.180326 0.078736
vt 0.214253 0.101147
vt 0.183328 0.063687
vt 0.183325 0.053494
vt 0.192311 0.048340
vt 0.183312 0.078736
vt 0.218329 0.124311
vt 0.205288 0.116800
vt 0.216849 0.126925
vt 0.225660 0.132018
vt 0.225651 0.142378
vt 0.236111 0.124205
vt 0.227155 0.129410
vt 0.218329 0.124311
vt 0.309345 0.124205
vt 0.296406 0.116449
vt 0.192241 0.109274
vt 0.294466 0.119809
vt 0.307682 0.127091
vt 0.225643 0.157461
vt 0.225651 0.172544
vt 0.182575 0.052051
vt 0.181819 0.052498
vt 0.181063 0.052051
vt 0.181819 0.053469
vt 0.182575 0.052051
vt 0.181819 0.053469
vt 0.317427 0.130781
vt 0.318192 0.131212
vt 0.318183 0.132090
vt 0.319033 0.130727
vt 0.318182 0.132090
vt 0.319033 0.130727
vt 0.909847 0.052051
vt 0.909091 0.052498
vt 0.908335 0.052051
vt 0.909091 0.053469
vt 0.909847 0.052051
vt 0.908335 0.052051
vt 0.728029 0.052051
vt 0.727273 0.052498
vt 0.726517 0.052051
vt 0.727273 0.053469
vt 0.728029 0.052051
vt 0.727273 0.053469
vt 0.546211 0.052051
vt 0.545455 0.052498
vt 0.544699 0.052051
vt 0.545455 0.053469
vt 0.544699 0.052051
vt 0.318183 0.182831
vt 0.318192 0.183710
vt 0.317427 0.184141
vt 0.319033 0.184195
vt 0.318182 0.182831
vt 0.317427 0.184141
vt 0.319033 0.184195
vt 0.136365 0.182831
vt 0.136374 0.183710
vt 0.135609 0.184141
vt 0.137215 0.184195
vt 0.135609 0.184141
vt 0.863636 0.182831
vt 0.863646 0.183710
vt 0.862881 0.184141
vt 0.864487 0.184195
vt 0.863636 0.182831
vt 0.681818 0.182831
vt 0.681828 0.183710
vt 0.681063 0.184141
vt 0.682669 0.184195
vt 0.681818 0.182831
vt 0.681063 0.184141
vt 0.682669 0.184195
vt 0.500001 0.182831
vt 0.500010 0.183710
vt 0.499245 0.184141
vt 0.500851 0.184195
vt 0.500001 0.182831
vt 0.499245 0.184141
vt 0.500851 0.184195
vt 0.273484 0.209511
vt 0.272728 0.209958
vt 0.271972 0.209511
vt 0.272728 0.210930
vt 0.091666 0.209511
vt 0.090910 0.209958
vt 0.090154 0.209511
vt 0.090910 0.210930
vt 0.091666 0.209511
vt 0.090154 0.209511
vt 0.818938 0.209511
vt 0.818182 0.209958
vt 0.817426 0.209511
vt 0.818182 0.210930
vt 0.817426 0.209511
vt 0.637120 0.209511
vt 0.636364 0.209958
vt 0.635608 0.209511
vt 0.636364 0.210930
vt 0.637120 0.209511
vt 0.635608 0.209511
vt 0.455302 0.209511
vt 0.454546 0.209958
vt 0.453790 0.209511
vt 0.454546 0.210930
vt 0.455302 0.209511
vt 0.453790 0.209511
vt 0.454546 0.210930
vt 0.227274 0.340292
vt 0.227283 0.341170
vt 0.226518 0.341601
vt 0.228124 0.341655
vt 0.227274 0.340292
vt 0.226518 0.341601
vt 0.045455 0.340292
vt 0.045464 0.341170
vt 0.044699 0.341601
vt 0.046305 0.341655
vt 0.044699 0.341601
vt 0.772727 0.340292
vt 0.772737 0.341170
vt 0.771972 0.341601
vt 0.773578 0.341655
vt 0.772728 0.340292
vt 0.771972 0.341601
vt 0.590909 0.340292
vt 0.590919 0.341170
vt 0.590154 0.341601
vt 0.591760 0.341655
vt 0.591760 0.341655
vt 0.409092 0.340292
vt 0.409101 0.341170
vt 0.408336 0.341601
vt 0.409942 0.341655
vt 0.409092 0.340292
vt 0.408336 0.341601
vt 0.454546 0.418913
vt 0.454546 0.419884
vt 0.453790 0.420332
vt 0.455302 0.420332
vt 0.453790 0.420332
vt 0.455302 0.420332
vt 0.453798 0.366976
vt 0.454546 0.367408
vt 0.454546 0.368272
vt 0.455294 0.366976
vt 0.455294 0.366976
vt 0.500000 0.340292
vt 0.499991 0.341170
vt 0.499150 0.341655
vt 0.500756 0.341601
vt 0.500000 0.340292
vt 0.499150 0.341655
vt 0.636364 0.418913
vt 0.636364 0.419884
vt 0.635608 0.420332
vt 0.637120 0.420332
vt 0.635608 0.420332
vt 0.637120 0.420332
vt 0.635616 0.366976
vt 0.636364 0.367408
vt 0.636364 0.368272
vt 0.637112 0.366976
vt 0.635616 0.366976
vt 0.636364 0.368272
vt 0.637112 0.366976
vt 0.681818 0.340292
vt 0.681809 0.341170
vt 0.680968 0.341655
vt 0.682574 0.341601
vt 0.681818 0.340292
vt 0.682575 0.341601
vt 0.818182 0.418913
vt 0.818182 0.419884
vt 0.817426 0.420332
vt 0.818938 0.420332
vt 0.817426 0.420332
vt 0.817434 0.366976
vt 0.818182 0.367408
vt 0.818182 0.368272
vt 0.818930 0.366976
vt 0.817434 0.366976
vt 0.818182 0.368272
vt 0.863636 0.340292
vt 0.863627 0.341170
vt 0.862786 0.341655
vt 0.864393 0.341601
vt 0.862786 0.341655
vt 0.864392 0.341601
vt 0.090910 0.418913
vt 0.090910 0.419884
vt 0.090154 0.420332
vt 0.091666 0.420331
vt 0.090910 0.418913
vt 0.090154 0.420332
vt 0.091666 0.420332
vt 0.090161 0.366976
vt 0.090910 0.367408
vt 0.090910 0.368272
vt 0.091658 0.366976
vt 0.090161 0.366976
vt 0.091658 0.366976
vt 0.136364 0.340292
vt 0.136355 0.341170
vt 0.135514 0.341655
vt 0.137120 0.341601
vt 0.136364 0.340292
vt 0.135514 0.341655
vt 0.272728 0.418913
vt 0.272728 0.419884
vt 0.271972 0.420332
vt 0.273484 0.420332
vt 0.271972 0.420331
vt 0.271980 0.366976
vt 0.272728 0.367408
vt 0.272728 0.368272
vt 0.273476 0.366976
vt 0.271980 0.366976
vt 0.272728 0.368272
vt 0.273476 0.366976
vt 0.318182 0.340292
vt 0.318173 0.341170
vt 0.317332 0.341655
vt 0.318938 0.341601
vt 0.317332 0.341655
vt 0.318938 0.341601
vt 0.409942 0.288187
vt 0.409101 0.288672
vt 0.408336 0.288241
vt 0.409092 0.289551
vt 0.409942 0.288187
vt 0.408336 0.288241
vt 0.409092 0.289551
vt 0.454546 0.261570
vt 0.454546 0.262434
vt 0.453798 0.262866
vt 0.455294 0.262866
vt 0.454546 0.261570
vt 0.453798 0.262866
vt 0.500756 0.288241
vt 0.499991 0.288672
vt 0.499150 0.288187
vt 0.500000 0.289551
vt 0.499150 0.288187
vt 0.591760 0.288187
vt 0.590919 0.288672
vt 0.590154 0.288241
vt 0.590910 0.289551
vt 0.591760 0.288187
vt 0.590154 0.288241
vt 0.636364 0.261570
vt 0.636364 0.262434
vt 0.635616 0.262866
vt 0.637112 0.262866
vt 0.635616 0.262866
vt 0.637112 0.262866
vt 0.682574 0.288241
vt 0.681809 0.288672
vt 0.680968 0.288187
vt 0.681819 0.289551
vt 0.682575 0.288241
vt 0.681819 0.289551
vt 0.773578 0.288187
vt 0.772737 0.288672
vt 0.771972 0.288241
vt 0.772728 0.289551
vt 0.772728 0.289551
vt 0.818182 0.261570
vt 0.818182 0.262434
vt 0.817434 0.262866
vt 0.818930 0.262866
vt 0.818930 0.262866
vt 0.864392 0.288241
vt 0.863627 0.288672
vt 0.862786 0.288187
vt 0.863636 0.289551
vt 0.862786 0.288187
vt 0.046305 0.288187
vt 0.045464 0.288672
vt 0.044699 0.288241
vt 0.045455 0.289551
vt 0.046305 0.288187
vt 0.045455 0.289551
vt 0.090910 0.261570
vt 0.090910 0.262434
vt 0.090161 0.262866
vt 0.091658 0.262866
vt 0.090910 0.261570
vt 0.091658 0.262866
vt 0.137120 0.288241
vt 0.136355 0.288672
vt 0.135514 0.288187
vt 0.136364 0.289551
vt 0.135514 0.288187
vt 0.228124 0.288187
vt 0.227283 0.288672
vt 0.226518 0.288241
vt 0.227274 0.289551
vt 0.228124 0.288187
vt 0.226518 0.288241
vt 0.227274 0.289551
vt 0.272728 0.261570
vt 0.272728 0.262434
vt 0.271980 0.262866
vt 0.273476 0.262866
vt 0.272728 0.261570
vt 0.271980 0.262866
vt 0.273476 0.262866
vt 0.318938 0.288241
vt 0.318173 0.288672
vt 0.317332 0.288187
vt 0.318183 0.289551
vt 0.317332 0.288187
vt 0.545455 0.261453
vt 0.545455 0.262424
vt 0.544699 0.262871
vt 0.546211 0.262871
vt 0.544699 0.262871
vt 0.546211 0.262871
vt 0.544707 0.209516
vt 0.545455 0.209948
vt 0.545455 0.210812
vt 0.546203 0.209516
vt 0.546203 0.209516
vt 0.590909 0.182831
vt 0.590900 0.183710
vt 0.590059 0.184195
vt 0.591665 0.184141
vt 0.590059 0.184195
vt 0.591665 0.184141
vt 0.727273 0.261453
vt 0.727273 0.262424
vt 0.726517 0.262871
vt 0.728029 0.262871
vt 0.726517 0.262871
vt 0.726525 0.209516
vt 0.727273 0.209948
vt 0.727273 0.210812
vt 0.728021 0.209516
vt 0.727273 0.210812
vt 0.728021 0.209516
vt 0.772727 0.182831
vt 0.772718 0.183710
vt 0.771877 0.184195
vt 0.773483 0.184141
vt 0.909091 0.261453
vt 0.909091 0.262424
vt 0.908335 0.262871
vt 0.909847 0.262871
vt 0.909091 0.261453
vt 0.908335 0.262871
vt 0.909847 0.262871
vt 0.908343 0.209516
vt 0.909091 0.209948
vt 0.909091 0.210812
vt 0.909839 0.209516
vt 0.908343 0.209516
vt 0.909839 0.209516
vt 0.954545 0.182831
vt 0.954536 0.183710
vt 0.953695 0.184195
vt 0.955301 0.184141
vt 0.954545 0.182831
vt 0.953695 0.184195
vt 0.955301 0.184141
vt 0.181819 0.261453
vt 0.181819 0.262424
vt 0.181063 0.262871
vt 0.182575 0.262871
vt 0.181063 0.262871
vt 0.181071 0.209516
vt 0.181819 0.209948
vt 0.181819 0.210812
vt 0.182567 0.209516
vt 0.182567 0.209516
vt 0.227274 0.182831
vt 0.227264 0.183710
vt 0.226423 0.184195
vt 0.228029 0.184141
vt 0.227274 0.182831
vt 0.226423 0.184195
vt 0.228029 0.184141
vt 0.363637 0.261453
vt 0.363637 0.262424
vt 0.362881 0.262871
vt 0.364393 0.262871
vt 0.362889 0.209516
vt 0.363637 0.209948
vt 0.363637 0.210812
vt 0.364385 0.209516
vt 0.364385 0.209516
vt 0.409092 0.182831
vt 0.409082 0.183710
vt 0.408241 0.184195
vt 0.409847 0.184141
vt 0.408241 0.184195
vt 0.500851 0.130727
vt 0.500010 0.131212
vt 0.499245 0.130781
vt 0.500001 0.132090
vt 0.500001 0.132090
vt 0.545455 0.104110
vt 0.545455 0.104974
vt 0.544707 0.105406
vt 0.546203 0.105406
vt 0.544707 0.105406
vt 0.546203 0.105406
vt 0.591666 0.130781
vt 0.590900 0.131212
vt 0.590059 0.130727
vt 0.590909 0.132090
vt 0.590910 0.132090
vt 0.682669 0.130727
vt 0.681828 0.131212
vt 0.681063 0.130781
vt 0.681819 0.132090
vt 0.682669 0.130727
vt 0.681063 0.130781
vt 0.681819 0.132090
vt 0.727273 0.104110
vt 0.727273 0.104974
vt 0.726525 0.105406
vt 0.728021 0.105406
vt 0.727273 0.104110
vt 0.726525 0.105406
vt 0.728021 0.105406
vt 0.773484 0.130781
vt 0.772718 0.131212
vt 0.771877 0.130727
vt 0.772727 0.132090
vt 0.773483 0.130781
vt 0.772728 0.132090
vt 0.864487 0.130727
vt 0.863646 0.131212
vt 0.862881 0.130781
vt 0.863636 0.132090
vt 0.864487 0.130727
vt 0.909091 0.104110
vt 0.909091 0.104974
vt 0.908343 0.105406
vt 0.909839 0.105406
vt 0.909839 0.105406
vt 0.955302 0.130781
vt 0.954536 0.131212
vt 0.953695 0.130727
vt 0.954546 0.132090
vt 0.953695 0.130727
vt 0.954546 0.132090
vt 0.408241 0.130727
vt 0.409082 0.131212
vt 0.409092 0.132090
vt 0.409847 0.130781
vt 0.408241 0.130727
vt 0.409092 0.132090
vt 0.409847 0.130781
vt 0.362889 0.105406
vt 0.363637 0.104974
vt 0.364385 0.105406
vt 0.363637 0.104110
vt 0.362889 0.105406
vt 0.364385 0.105406
vt 0.362881 0.052051
vt 0.363637 0.052498
vt 0.363637 0.053469
vt 0.364393 0.052051
vt 0.362881 0.052051
vt 0.363637 0.053469
vt 0.364393 0.052051
vt 0.137215 0.130727
vt 0.136374 0.131212
vt 0.135609 0.130781
vt 0.136365 0.132090
vt 0.135609 0.130781
vt 0.136365 0.132090
vt 0.181819 0.104110
vt 0.181819 0.104974
vt 0.181071 0.105406
vt 0.182567 0.105406
vt 0.181819 0.104110
vt 0.181071 0.105406
vt 0.228029 0.130781
vt 0.227264 0.131212
vt 0.226423 0.130727
vt 0.227274 0.132090
vt 0.226423 0.130727
vt 0.227274 0.132090
vt 0.191598 0.046841
vt 0.182575 0.052051
vt 0.181819 0.063774
vt 0.181819 0.053469
vt 0.172041 0.046841
vt 0.204544 0.039367
vt 0.181819 0.078726
vt 0.159094 0.039367
vt 0.308404 0.125572
vt 0.327957 0.125574
vt 0.318183 0.142509
vt 0.295458 0.118097
vt 0.340906 0.118098
vt 0.318182 0.157461
vt 0.918870 0.046841
vt 0.909091 0.063774
vt 0.899313 0.046841
vt 0.932769 0.041012
vt 0.919583 0.048340
vt 0.931816 0.039367
vt 0.909091 0.078726
vt 0.886366 0.039367
vt 0.737052 0.046841
vt 0.727273 0.063774
vt 0.727273 0.053469
vt 0.717495 0.046841
vt 0.749998 0.039367
vt 0.727273 0.078726
vt 0.704548 0.039367
vt 0.555234 0.046841
vt 0.545455 0.063774
vt 0.535677 0.046841
vt 0.568180 0.039367
vt 0.545455 0.078726
vt 0.522730 0.039367
vt 0.318183 0.172413
vt 0.318183 0.182831
vt 0.327957 0.189348
vt 0.308404 0.189350
vt 0.340906 0.196824
vt 0.295455 0.196826
vt 0.136365 0.172413
vt 0.146139 0.189348
vt 0.126586 0.189350
vt 0.135609 0.184141
vt 0.136365 0.157461
vt 0.159088 0.196824
vt 0.113637 0.196826
vt 0.863636 0.172413
vt 0.873411 0.189348
vt 0.853858 0.189350
vt 0.863636 0.157461
vt 0.886360 0.196824
vt 0.840909 0.196826
vt 0.681819 0.172413
vt 0.691593 0.189348
vt 0.672040 0.189350
vt 0.681063 0.184141
vt 0.681819 0.157461
vt 0.704542 0.196824
vt 0.659091 0.196826
vt 0.500001 0.172413
vt 0.509775 0.189348
vt 0.490222 0.189350
vt 0.500001 0.157461
vt 0.522724 0.196824
vt 0.477273 0.196826
vt 0.282507 0.204302
vt 0.272728 0.221234
vt 0.262950 0.204302
vt 0.272728 0.236186
vt 0.250001 0.196826
vt 0.100688 0.204302
vt 0.090910 0.221234
vt 0.081131 0.204302
vt 0.090910 0.236186
vt 0.068185 0.196827
vt 0.827961 0.204302
vt 0.818182 0.221234
vt 0.808404 0.204302
vt 0.818182 0.236186
vt 0.795455 0.196826
vt 0.646143 0.204302
vt 0.636364 0.221234
vt 0.626585 0.204302
vt 0.636364 0.236186
vt 0.613637 0.196826
vt 0.464325 0.204302
vt 0.455302 0.209511
vt 0.454546 0.221234
vt 0.444768 0.204302
vt 0.453790 0.209511
vt 0.454546 0.236186
vt 0.431819 0.196826
vt 0.227274 0.329873
vt 0.237048 0.346808
vt 0.217495 0.346810
vt 0.227274 0.314921
vt 0.249997 0.354284
vt 0.204549 0.354285
vt 0.045455 0.329873
vt 0.055229 0.346808
vt 0.035676 0.346810
vt 0.045455 0.314921
vt 0.068178 0.354284
vt 0.022730 0.354285
vt 0.772728 0.329873
vt 0.782502 0.346808
vt 0.762949 0.346810
vt 0.771972 0.341601
vt 0.772728 0.314921
vt 0.795451 0.354284
vt 0.750003 0.354285
vt 0.590909 0.329873
vt 0.600684 0.346808
vt 0.581131 0.346810
vt 0.590910 0.314921
vt 0.613633 0.354284
vt 0.568185 0.354285
vt 0.409092 0.329873
vt 0.418866 0.346808
vt 0.399313 0.346810
vt 0.409092 0.314921
vt 0.431815 0.354284
vt 0.386367 0.354285
vt 0.454546 0.408608
vt 0.464325 0.425541
vt 0.444768 0.425541
vt 0.453790 0.420332
vt 0.454546 0.393656
vt 0.477271 0.433015
vt 0.431821 0.433015
vt 0.444763 0.361760
vt 0.464329 0.361760
vt 0.455294 0.366976
vt 0.454546 0.378705
vt 0.477277 0.354284
vt 0.500000 0.329873
vt 0.509779 0.346810
vt 0.490226 0.346808
vt 0.500001 0.314921
vt 0.522725 0.354285
vt 0.636364 0.408608
vt 0.646143 0.425541
vt 0.637120 0.420332
vt 0.626586 0.425541
vt 0.636364 0.393656
vt 0.659089 0.433015
vt 0.613639 0.433015
vt 0.626581 0.361760
vt 0.646147 0.361760
vt 0.636364 0.378705
vt 0.659095 0.354284
vt 0.681819 0.329873
vt 0.691597 0.346810
vt 0.672044 0.346808
vt 0.681819 0.314921
vt 0.704543 0.354285
vt 0.818182 0.408608
vt 0.827961 0.425541
vt 0.808404 0.425541
vt 0.818182 0.393656
vt 0.840907 0.433015
vt 0.795457 0.433015
vt 0.808399 0.361760
vt 0.817434 0.366976
vt 0.827965 0.361760
vt 0.818182 0.378705
vt 0.840913 0.354284
vt 0.863637 0.329873
vt 0.873415 0.346810
vt 0.853862 0.346808
vt 0.863637 0.314921
vt 0.886361 0.354285
vt 0.090910 0.408608
vt 0.100688 0.425541
vt 0.091666 0.420331
vt 0.081131 0.425541
vt 0.090154 0.420332
vt 0.090910 0.393656
vt 0.113635 0.433015
vt 0.068185 0.433015
vt 0.081126 0.361760
vt 0.090161 0.366976
vt 0.100693 0.361760
vt 0.090910 0.378705
vt 0.113641 0.354284
vt 0.136364 0.329873
vt 0.146143 0.346810
vt 0.126590 0.346808
vt 0.136364 0.314921
vt 0.159089 0.354285
vt 0.272728 0.408608
vt 0.282507 0.425541
vt 0.262950 0.425541
vt 0.272728 0.393656
vt 0.295453 0.433015
vt 0.250003 0.433015
vt 0.262945 0.361760
vt 0.282511 0.361760
vt 0.272728 0.378705
vt 0.295459 0.354284
vt 0.318182 0.329873
vt 0.327961 0.346810
vt 0.308408 0.346808
vt 0.318182 0.314921
vt 0.340907 0.354285
vt 0.418866 0.283034
vt 0.409092 0.299969
vt 0.399313 0.283032
vt 0.431815 0.275558
vt 0.386364 0.275556
vt 0.454546 0.251138
vt 0.464329 0.268083
vt 0.444763 0.268083
vt 0.477277 0.275558
vt 0.509779 0.283032
vt 0.500001 0.299969
vt 0.490226 0.283034
vt 0.499150 0.288187
vt 0.522728 0.275556
vt 0.600684 0.283034
vt 0.590909 0.299969
vt 0.581131 0.283032
vt 0.613633 0.275558
vt 0.568182 0.275556
vt 0.636364 0.251138
vt 0.646147 0.268083
vt 0.626581 0.268083
vt 0.659095 0.275558
vt 0.691597 0.283032
vt 0.681819 0.299969
vt 0.672044 0.283034
vt 0.704546 0.275556
vt 0.782502 0.283034
vt 0.772728 0.299969
vt 0.762949 0.283032
vt 0.795451 0.275558
vt 0.750000 0.275556
vt 0.818182 0.251138
vt 0.827965 0.268083
vt 0.808399 0.268083
vt 0.840913 0.275558
vt 0.873415 0.283032
vt 0.863636 0.299969
vt 0.853862 0.283034
vt 0.886364 0.275556
vt 0.055229 0.283034
vt 0.045455 0.299969
vt 0.035676 0.283032
vt 0.068178 0.275558
vt 0.022730 0.275557
vt 0.090910 0.251138
vt 0.100693 0.268083
vt 0.081126 0.268083
vt 0.113641 0.275558
vt 0.146143 0.283032
vt 0.136364 0.299969
vt 0.126590 0.283034
vt 0.159092 0.275556
vt 0.237048 0.283034
vt 0.227274 0.299969
vt 0.217495 0.283032
vt 0.249997 0.275558
vt 0.204546 0.275556
vt 0.272728 0.251138
vt 0.282511 0.268083
vt 0.262945 0.268083
vt 0.295459 0.275558
vt 0.327961 0.283032
vt 0.318182 0.299969
vt 0.308408 0.283034
vt 0.340910 0.275556
vt 0.545455 0.251148
vt 0.555234 0.268080
vt 0.535676 0.268080
vt 0.545455 0.236196
vt 0.535672 0.204299
vt 0.555238 0.204299
vt 0.545455 0.221244
vt 0.568186 0.196824
vt 0.590909 0.172413
vt 0.600688 0.189350
vt 0.581135 0.189348
vt 0.590910 0.157461
vt 0.727273 0.251148
vt 0.737051 0.268080
vt 0.717495 0.268080
vt 0.727273 0.236196
vt 0.717490 0.204299
vt 0.737056 0.204299
vt 0.727273 0.221244
vt 0.750005 0.196824
vt 0.772728 0.172413
vt 0.782506 0.189350
vt 0.762953 0.189348
vt 0.772728 0.157461
vt 0.909091 0.251148
vt 0.918870 0.268080
vt 0.899313 0.268080
vt 0.909091 0.236196
vt 0.931816 0.275555
vt 0.899308 0.204299
vt 0.918874 0.204299
vt 0.909839 0.209516
vt 0.909091 0.221244
vt 0.931822 0.196824
vt 0.954546 0.172413
vt 0.964324 0.189350
vt 0.944771 0.189348
vt 0.954546 0.157461
vt 0.977270 0.196825
vt 0.181819 0.251148
vt 0.191598 0.268080
vt 0.172040 0.268080
vt 0.181819 0.236196
vt 0.172036 0.204299
vt 0.191602 0.204299
vt 0.182567 0.209516
vt 0.181819 0.221244
vt 0.204550 0.196824
vt 0.227274 0.172413
vt 0.237052 0.189350
vt 0.228029 0.184141
vt 0.217499 0.189348
vt 0.227274 0.157461
vt 0.363637 0.251148
vt 0.373416 0.268080
vt 0.353859 0.268080
vt 0.363637 0.236196
vt 0.353854 0.204299
vt 0.373420 0.204299
vt 0.363637 0.221244
vt 0.386368 0.196824
vt 0.409092 0.172413
vt 0.418870 0.189350
vt 0.399317 0.189348
vt 0.409091 0.157461
vt 0.509775 0.125574
vt 0.500001 0.142509
vt 0.490222 0.125572
vt 0.522724 0.118098
vt 0.477276 0.118097
vt 0.545455 0.093677
vt 0.555238 0.110622
vt 0.535672 0.110622
vt 0.568186 0.118098
vt 0.600688 0.125572
vt 0.590909 0.142509
vt 0.581135 0.125574
vt 0.613634 0.118097
vt 0.691593 0.125574
vt 0.681819 0.142509
vt 0.672040 0.125572
vt 0.704542 0.118098
vt 0.659094 0.118097
vt 0.727273 0.093677
vt 0.727273 0.104110
vt 0.737056 0.110622
vt 0.717490 0.110622
vt 0.750004 0.118098
vt 0.782506 0.125572
vt 0.773483 0.130781
vt 0.772728 0.142509
vt 0.762953 0.125574
vt 0.795452 0.118097
vt 0.873411 0.125574
vt 0.864487 0.130727
vt 0.863637 0.142509
vt 0.853858 0.125572
vt 0.886360 0.118098
vt 0.840912 0.118097
vt 0.909091 0.093677
vt 0.918874 0.110622
vt 0.899308 0.110622
vt 0.931822 0.118098
vt 0.964324 0.125572
vt 0.954546 0.142509
vt 0.944771 0.125574
vt 0.977270 0.118097
vt 0.399317 0.125574
vt 0.418870 0.125572
vt 0.409092 0.142509
vt 0.386368 0.118098
vt 0.431816 0.118097
vt 0.353854 0.110622
vt 0.363637 0.093677
vt 0.373420 0.110622
vt 0.363637 0.078726
vt 0.353859 0.046841
vt 0.373416 0.046841
vt 0.363637 0.063774
vt 0.340912 0.039367
vt 0.386362 0.039367
vt 0.146139 0.125574
vt 0.136365 0.142509
vt 0.126586 0.125572
vt 0.159088 0.118098
vt 0.113640 0.118097
vt 0.181819 0.093677
vt 0.181819 0.104110
vt 0.191602 0.110622
vt 0.172036 0.110622
vt 0.204550 0.118098
vt 0.237052 0.125572
vt 0.227274 0.142509
vt 0.217499 0.125574
vt 0.249998 0.118097
s 1
usemtl White
f 287/1/1 909/2/2 900/3/3 907/4/4
f 285/5/5 896/6/6 885/7/7 894/8/8
f 106/16/16 617/17/17 2106/18/18 511/19/19
f 43/20/20 523/21/21 896/22/6 285/5/5
f 14/23/22 280/24/23 284/25/24 106/26/16
f 281/27/25 881/28/26 2160/29/27 522/30/28
f 13/32/30 43/20/20 285/5/5 279/33/31
f 280/24/23 518/38/35 2139/39/36 877/40/37
f 290/41/38 925/42/39 916/43/40 923/44/41
f 288/45/42 912/46/43 901/47/44 910/48/45
f 47/56/53 530/57/54 2125/58/55 515/59/56
f 49/60/57 532/61/58 912/62/43 288/45/42
f 14/63/22 274/64/59 287/1/1 45/65/60
f 275/66/61 872/67/62 2112/68/63 513/69/64
f 16/74/68 49/60/57 288/45/42 273/75/69
f 274/64/59 509/79/73 2091/80/74 868/81/75
f 293/82/76 941/83/77 932/84/78 939/85/79
f 291/86/80 928/87/81 917/88/82 926/89/83
f 45/95/60 527/96/87 2154/97/88 520/98/89
f 53/99/90 538/100/91 928/101/81 291/86/80
f 13/102/30 268/103/92 290/41/38 43/104/20
f 269/105/93 863/106/94 2064/107/95 504/108/96
f 18/110/97 53/99/90 291/86/80 267/111/98
f 268/103/92 500/116/102 2043/117/103 859/118/104
f 296/119/105 957/120/106 948/121/107 955/122/108
f 294/123/109 944/124/110 933/125/111 942/126/112
f 55/132/116 542/133/117 2029/134/118 497/135/119
f 57/136/120 544/137/121 944/138/110 294/123/109
f 18/139/97 262/140/122 293/82/76 53/141/90
f 263/142/123 854/143/124 2016/144/125 495/145/126
f 20/148/127 57/136/120 294/123/109 261/149/128
f 262/140/122 491/154/132 1995/155/133 850/156/134
f 299/157/135 973/158/136 964/159/137 971/160/138
f 297/161/139 960/162/140 949/163/141 958/164/142
f 59/170/146 548/171/147 1981/172/148 488/173/149
f 112/174/150 513/69/64 2110/175/151 625/176/152
f 20/177/127 256/178/153 296/119/105 57/179/120
f 257/180/154 845/181/155 1968/182/156 486/183/157
f 17/186/158 112/187/150 297/161/139 255/188/159
f 256/178/153 482/193/164 1947/194/165 841/195/166
f 302/196/167 989/197/168 980/198/169 987/199/170
f 300/200/171 976/201/172 965/202/173 974/203/174
f 51/208/178 536/209/179 2077/210/180 506/211/181
f 63/212/182 553/213/183 976/214/172 300/200/171
f 16/74/68 250/215/184 299/157/135 49/60/57
f 251/216/185 836/217/186 1920/218/187 477/219/188
f 23/221/189 63/212/182 300/200/171 249/222/190
f 250/215/184 473/226/194 1899/227/195 832/228/196
f 305/229/197 1005/230/198 996/231/199 1003/232/200
f 303/233/201 992/234/202 981/235/203 990/236/204
f 49/60/57 299/157/135 971/244/138 532/245/58
f 67/246/212 559/247/213 992/234/202 303/233/201
f 15/248/214 244/249/215 302/196/167 47/56/53
f 245/250/216 827/251/217 1872/252/218 468/253/219
f 25/257/223 67/246/212 303/233/201 243/258/224
f 244/249/215 464/262/228 1851/263/229 823/264/230
f 308/265/231 1021/266/232 1012/267/233 1019/268/234
f 306/269/235 1008/270/236 997/271/237 1006/272/238
f 57/179/120 296/119/105 955/122/108 544/280/121
f 71/281/246 565/282/247 1008/283/236 306/269/235
f 19/284/248 238/285/249 305/229/197 55/132/116
f 239/286/250 818/287/251 1824/288/252 459/289/253
f 27/292/256 71/281/246 306/269/235 237/293/257
f 238/285/249 455/297/261 1803/298/262 814/299/263
f 311/300/264 1037/301/265 1028/302/266 1035/303/267
f 309/304/268 1024/305/269 1013/306/270 1022/307/271
f 61/315/279 551/316/280 1933/317/281 479/318/282
f 75/319/283 571/320/284 1024/305/269 309/304/268
f 21/321/285 232/322/286 308/265/231 59/170/146
f 233/323/287 809/324/288 1776/325/289 450/326/290
f 29/330/294 75/319/283 309/304/268 231/331/295
f 232/322/286 446/335/299 1755/336/300 805/337/301
f 314/338/302 1053/339/303 1044/340/304 1051/341/305
f 312/342/306 1040/343/307 1029/344/308 1038/345/309
f 63/212/182 314/338/302 1051/353/305 553/213/183
f 79/354/317 577/355/318 1040/343/307 312/342/306
f 22/356/319 226/357/320 311/300/264 61/315/279
f 227/358/321 800/359/322 1728/360/323 441/361/324
f 31/365/328 79/354/317 312/342/306 225/366/329
f 226/357/320 437/370/333 1707/371/334 796/372/335
f 317/373/336 1069/374/337 1060/375/338 1067/376/339
f 315/377/340 1056/378/341 1045/379/342 1054/380/343
f 65/384/347 557/385/348 1885/386/349 470/387/350
f 130/388/351 468/253/219 1870/389/352 652/390/353
f 23/221/189 220/391/354 314/338/302 63/212/182
f 221/392/355 791/393/356 1680/394/357 432/395/358
f 26/397/359 130/388/351 315/377/340 219/398/360
f 220/391/354 428/403/365 1659/404/366 787/405/367
f 320/406/368 1085/407/369 1076/408/370 1083/409/371
f 318/410/372 1072/411/373 1061/412/374 1070/413/375
f 69/418/379 563/419/380 1837/420/381 461/421/382
f 134/422/383 459/289/253 1822/423/384 658/424/385
f 25/257/223 214/425/386 317/373/336 67/246/212
f 215/426/387 782/427/388 1632/428/389 423/429/390
f 28/431/391 134/432/383 318/410/372 213/433/392
f 214/425/386 419/438/397 1611/439/398 778/440/399
f 323/441/400 1101/442/401 1092/443/402 1099/444/403
f 321/445/404 1088/446/405 1077/447/406 1086/448/407
f 73/452/411 569/453/412 1789/454/413 452/455/414
f 138/456/415 450/326/290 1774/457/416 664/458/417
f 27/292/256 208/459/418 320/406/368 71/281/246
f 209/460/419 773/461/420 1584/462/421 414/463/422
f 30/465/423 138/456/415 321/445/404 207/466/424
f 208/459/418 410/471/429 1563/472/430 769/473/431
f 326/474/432 1117/475/433 1108/476/434 1115/477/435
f 324/478/436 1104/479/437 1093/480/438 1102/481/439
f 77/486/443 575/487/444 1741/488/445 443/489/446
f 142/490/447 441/361/324 1726/491/448 670/492/449
f 29/330/294 202/493/450 323/441/400 75/319/283
f 203/494/451 764/495/452 1536/496/453 405/497/454
f 32/499/455 142/490/447 324/478/436 201/500/456
f 202/493/450 401/505/461 1515/506/462 760/507/463
f 329/508/464 1133/509/465 1124/510/466 1131/511/467
f 327/512/468 1120/513/469 1109/514/470 1118/515/471
f 81/520/475 581/521/476 1693/522/477 434/523/478
f 126/524/479 477/219/188 1918/525/480 646/526/481
f 31/365/328 196/527/482 326/474/432 79/354/317
f 197/528/483 755/529/484 1488/530/485 396/531/486
f 24/532/487 126/524/479 327/512/468 195/533/488
f 196/527/482 392/538/493 1467/539/494 751/540/495
f 332/541/496 1149/542/497 1140/543/498 1147/544/499
f 330/545/500 1136/546/501 1125/547/502 1134/548/503
f 85/556/511 587/557/512 1597/558/513 416/559/514
f 93/560/515 598/561/516 1136/562/501 330/545/500
f 33/563/517 190/564/518 329/508/464 83/565/519
f 191/566/520 746/567/521 1440/568/522 387/569/523
f 38/573/527 93/560/515 330/545/500 189/574/528
f 190/564/518 383/579/532 1419/580/533 742/581/534
f 335/582/535 1165/583/536 1156/584/537 1163/585/538
f 333/586/539 1152/587/540 1141/588/541 1150/589/542
f 87/597/550 590/598/551 1549/599/552 407/600/553
f 97/601/554 604/602/555 1152/603/540 333/586/539
f 34/604/556 184/605/557 332/541/496 85/556/511
f 185/606/558 737/607/559 1392/608/560 378/609/561
f 40/613/565 97/601/554 333/586/539 183/614/566
f 184/605/557 374/619/570 1371/620/571 733/621/572
f 338/622/573 1181/623/574 1172/624/575 1179/625/576
f 336/626/577 1168/627/578 1157/628/579 1166/629/580
f 89/637/588 593/638/589 1501/639/590 398/640/591
f 99/641/592 607/642/593 1168/643/578 336/626/577
f 35/644/594 178/645/595 335/582/535 87/597/550
f 179/646/596 728/647/597 1344/648/598 369/649/599
f 41/653/603 99/641/592 336/626/577 177/654/604
f 178/645/595 365/659/608 1323/660/609 724/661/610
f 341/662/611 1197/663/612 1188/664/613 1195/665/614
f 339/666/615 1184/667/616 1173/668/617 1182/669/618
f 91/677/626 596/678/627 1453/679/628 389/680/629
f 101/681/630 610/682/631 1184/683/616 339/666/615
f 36/684/632 172/685/633 338/622/573 89/637/588
f 173/686/634 719/687/635 1296/688/636 360/689/637
f 42/693/641 101/681/630 339/666/615 171/694/642
f 172/685/633 356/699/646 1275/700/647 715/701/648
f 344/702/649 1213/703/650 1204/704/651 1211/705/652
f 342/706/653 1200/707/654 1189/708/655 1198/709/656
f 93/717/515 378/609/561 1390/718/664 598/719/516
f 156/720/665 387/569/523 1438/721/666 691/722/667
f 37/723/668 166/724/669 341/662/611 91/677/626
f 167/725/670 710/726/671 1248/727/672 351/728/673
f 39/732/677 156/733/665 342/706/653 165/734/678
f 166/724/669 347/739/683 1227/740/684 706/741/685
f 347/739/683 1229/742/686 1220/743/687 1227/744/684
f 343/749/692 1210/750/693 1203/751/694 1217/752/695
f 39/732/677 163/753/696 343/749/692 95/754/697
f 164/755/698 704/756/699 1232/757/700 348/758/701
f 42/763/641 162/764/706 344/702/649 164/755/698
f 163/753/696 346/765/707 1233/766/708 703/767/709
f 163/753/696 703/768/709 1210/769/693 343/749/692
f 97/773/554 369/649/599 1342/774/712 604/775/555
f 162/776/706 352/777/713 1265/778/714 700/779/715
f 348/758/701 1232/782/700 1221/783/718 1230/784/719
f 346/765/707 1226/785/720 1219/786/721 1233/787/708
f 39/732/677 165/734/678 346/765/707 163/753/696
f 165/734/678 342/706/653 1198/788/656 707/789/722
f 164/755/698 344/702/649 1211/705/652 704/756/699
f 37/723/668 168/790/723 347/739/683 166/724/669
f 169/791/724 355/792/725 1281/793/726 712/794/727
f 166/724/669 706/795/685 1197/796/612 341/662/611
f 42/763/641 164/755/698 348/758/701 167/725/670
f 165/734/678 707/789/722 1226/797/720 346/765/707
f 168/790/723 349/798/728 1249/799/729 709/800/730
f 353/801/731 1261/802/732 1252/803/733 1259/804/734
f 351/728/673 1248/805/672 1237/806/735 1246/807/736
f 349/798/728 1242/808/737 1235/809/738 1249/810/729
f 37/723/668 152/811/739 349/798/728 168/790/723
f 168/790/723 709/815/730 1229/742/686 347/739/683
f 152/811/739 396/531/486 1486/820/747 685/821/748
f 42/763/641 167/725/670 351/728/673 101/822/630
f 167/725/670 348/758/701 1230/823/719 710/726/671
f 356/699/646 1277/825/749 1268/826/750 1275/827/647
f 352/777/713 1258/832/755 1251/833/756 1265/834/714
f 42/693/641 169/791/724 352/777/713 162/776/706
f 170/835/757 713/836/758 1280/837/759 357/838/760
f 162/764/706 700/839/715 1213/840/650 344/702/649
f 41/841/603 160/842/761 353/801/731 170/835/757
f 169/791/724 712/846/727 1258/847/755 352/777/713
f 160/852/761 361/853/764 1313/854/765 697/855/766
f 357/838/760 1280/837/759 1269/858/769 1278/859/770
f 355/792/725 1274/860/771 1267/861/772 1281/862/726
f 42/693/641 171/694/642 355/792/725 169/791/724
f 171/694/642 339/666/615 1182/669/618 716/863/773
f 170/835/757 353/801/731 1259/864/734 713/865/758
f 36/684/632 174/866/774 356/699/646 172/685/633
f 175/867/775 364/868/776 1329/869/777 721/870/778
f 172/685/633 715/701/648 1181/871/574 338/622/573
f 41/841/603 170/835/757 357/838/760 173/686/634
f 171/694/642 716/863/773 1274/872/771 355/792/725
f 174/866/774 358/873/779 1297/874/780 718/875/781
f 362/876/782 1309/877/783 1300/878/784 1307/879/785
f 360/689/637 1296/688/636 1285/880/786 1294/881/787
f 358/873/779 1290/882/788 1283/883/789 1297/874/780
f 36/684/632 150/884/790 358/873/779 174/866/774
f 174/866/774 718/875/781 1277/825/749 356/699/646
f 101/822/630 351/728/673 1246/807/736 610/889/631
f 150/884/790 405/497/454 1534/890/795 682/891/796
f 41/841/603 173/686/634 360/689/637 99/892/592
f 173/686/634 357/838/760 1278/859/770 719/893/635
f 365/659/608 1325/895/797 1316/896/798 1323/897/609
f 361/853/764 1306/902/803 1299/903/804 1313/904/765
f 41/653/603 175/867/775 361/853/764 160/852/761
f 176/905/805 722/906/806 1328/907/807 366/908/808
f 160/842/761 697/909/766 1261/802/732 353/801/731
f 40/910/565 158/911/809 362/876/782 176/905/805
f 175/867/775 721/870/778 1306/914/803 361/853/764
f 158/919/809 370/920/811 1361/921/812 694/922/813
f 366/908/808 1328/907/807 1317/926/816 1326/927/817
f 364/868/776 1322/928/818 1315/929/819 1329/930/777
f 41/653/603 177/654/604 364/868/776 175/867/775
f 177/654/604 336/626/577 1166/931/580 725/932/820
f 176/905/805 362/876/782 1307/879/785 722/933/806
f 35/644/594 180/934/821 365/659/608 178/645/595
f 181/935/822 373/936/823 1377/937/824 730/938/825
f 178/645/595 724/939/610 1165/940/536 335/582/535
f 40/910/565 176/905/805 366/908/808 179/646/596
f 177/654/604 725/941/820 1322/942/818 364/868/776
f 180/934/821 367/943/826 1345/944/827 727/945/828
f 371/946/829 1357/947/830 1348/948/831 1355/949/832
f 369/649/599 1344/950/598 1333/951/833 1342/952/712
f 367/943/826 1338/953/834 1331/954/835 1345/944/827
f 35/644/594 148/955/836 367/943/826 180/934/821
f 180/934/821 727/959/828 1325/895/797 365/659/608
f 99/892/592 360/689/637 1294/962/787 607/963/593
f 148/955/836 414/463/422 1582/964/841 679/965/842
f 40/910/565 179/646/596 369/649/599 97/773/554
f 179/646/596 366/908/808 1326/966/817 728/647/597
f 374/619/570 1373/968/843 1364/969/844 1371/620/571
f 370/920/811 1354/973/847 1347/974/848 1361/975/812
f 40/613/565 181/935/822 370/920/811 158/919/809
f 182/976/849 731/977/850 1376/978/851 375/979/852
f 158/911/809 694/980/813 1309/981/783 362/876/782
f 38/982/527 154/983/853 371/946/829 182/976/849
f 181/935/822 730/988/825 1354/973/847 370/920/811
f 154/992/853 379/993/857 1409/994/858 688/995/859
f 375/979/852 1376/999/851 1365/1000/862 1374/1001/863
f 373/936/823 1370/1002/864 1363/1003/865 1377/937/824
f 40/613/565 183/614/566 373/936/823 181/935/822
f 183/614/566 333/586/539 1150/1004/542 734/1005/866
f 182/976/849 371/946/829 1355/1006/832 731/977/850
f 34/604/556 186/1007/867 374/619/570 184/605/557
f 187/1008/868 382/1009/869 1425/1010/870 739/1011/871
f 184/605/557 733/1012/572 1149/542/497 332/541/496
f 38/982/527 182/976/849 375/979/852 185/606/558
f 183/614/566 734/1005/866 1370/1013/864 373/936/823
f 186/1007/867 376/1014/872 1393/1015/873 736/1016/874
f 380/1017/875 1405/1018/876 1396/1019/877 1403/1020/878
f 378/609/561 1392/608/560 1381/1021/879 1390/1022/664
f 376/1014/872 1386/1023/880 1379/1024/881 1393/1025/873
f 34/604/556 146/1026/882 376/1014/872 186/1007/867
f 186/1007/867 736/1030/874 1373/1031/843 374/619/570
f 95/1033/697 602/1034/887 1405/1018/876 380/1017/875
f 146/1026/882 423/429/390 1630/1035/888 676/1036/889
f 38/982/527 185/606/558 378/609/561 93/717/515
f 185/606/558 375/979/852 1374/1037/863 737/1038/559
f 383/579/532 1421/1041/890 1412/1042/891 1419/1043/533
f 379/993/857 1402/1046/893 1395/1047/894 1409/994/858
f 38/573/527 187/1008/868 379/993/857 154/992/853
f 188/1048/895 740/1049/896 1424/1050/897 384/1051/898
f 154/983/853 688/1052/859 1357/947/830 371/946/829
f 39/1053/677 95/1033/697 380/1017/875 188/1048/895
f 95/754/697 343/749/692 1217/1054/695 602/1055/887
f 187/1008/868 739/1056/871 1402/1057/893 379/993/857
f 384/1051/898 1424/1050/897 1413/1065/901 1422/1066/902
f 382/1009/869 1418/1067/903 1411/1068/904 1425/1010/870
f 38/573/527 189/574/528 382/1009/869 187/1008/868
f 189/574/528 330/545/500 1134/1069/503 743/1070/905
f 188/1048/895 380/1017/875 1403/1071/878 740/1072/896
f 33/563/517 192/1073/906 383/579/532 190/564/518
f 193/1074/907 391/1075/908 1473/1076/909 748/1077/910
f 190/564/518 742/581/534 1133/1078/465 329/508/464
f 39/1053/677 188/1048/895 384/1051/898 191/566/520
f 189/574/528 743/1070/905 1418/1079/903 382/1009/869
f 192/1073/906 385/1080/911 1441/1081/912 745/1082/913
f 389/680/629 1453/1083/628 1444/1084/914 1451/1085/915
f 387/569/523 1440/1086/522 1429/1087/916 1438/721/666
f 385/1080/911 1434/1088/917 1427/1089/918 1441/1090/912
f 33/563/517 144/1091/919 385/1080/911 192/1073/906
f 192/1073/906 745/1082/913 1421/1095/890 383/579/532
f 144/1091/919 432/395/358 1678/1098/923 673/1099/924
f 39/1053/677 191/566/520 387/569/523 156/720/665
f 191/566/520 384/1051/898 1422/1100/902 746/567/521
f 156/733/665 691/1101/667 1200/1102/654 342/706/653
f 392/538/493 1469/1103/925 1460/1104/926 1467/539/494
f 388/1107/929 1450/1108/930 1443/1109/931 1457/1110/932
f 24/532/487 193/1074/907 388/1107/929 65/384/347
f 194/1111/933 749/1112/934 1472/1113/935 393/1114/936
f 37/723/668 91/677/626 389/680/629 194/1111/933
f 91/677/626 341/662/611 1195/1119/614 596/1120/627
f 193/1074/907 748/1077/910 1450/1121/930 388/1107/929
f 67/246/212 317/373/336 1067/1122/339 559/1123/213
f 393/1114/936 1472/1127/935 1461/1128/943 1470/1129/944
f 391/1075/908 1466/1130/945 1459/1131/946 1473/1132/909
f 24/532/487 195/533/488 391/1075/908 193/1074/907
f 195/533/488 327/512/468 1118/1133/471 752/1134/947
f 194/1111/933 389/680/629 1451/1135/915 749/1136/934
f 31/365/328 198/1137/948 392/538/493 196/527/482
f 199/1138/949 400/1139/950 1521/1140/951 757/1141/952
f 196/527/482 751/1142/495 1117/1143/433 326/474/432
f 37/723/668 194/1111/933 393/1114/936 197/528/483
f 195/533/488 752/1144/947 1466/1145/945 391/1075/908
f 198/1137/948 394/1146/953 1489/1147/954 754/1148/955
f 398/640/591 1501/639/590 1492/1149/956 1499/1150/957
f 396/531/486 1488/1151/485 1477/1152/958 1486/1153/747
f 394/1146/953 1482/1154/959 1475/1155/960 1489/1147/954
f 31/365/328 140/1156/961 394/1146/953 198/1137/948
f 198/1137/948 754/1148/955 1469/1103/925 392/538/493
f 140/1156/961 433/1162/965 1697/1163/966 667/1164/967
f 37/723/668 197/528/483 396/531/486 152/811/739
f 197/528/483 393/1114/936 1470/1129/944 755/1165/484
f 152/811/739 685/1166/748 1242/1167/737 349/798/728
f 401/505/461 1517/1168/968 1508/1169/969 1515/506/462
f 397/1172/972 1498/1173/973 1491/1174/974 1505/1175/975
f 32/499/455 199/1138/949 397/1172/972 81/520/475
f 200/1176/976 758/1177/977 1520/1178/978 402/1179/979
f 36/684/632 89/637/588 398/640/591 200/1176/976
f 89/637/588 338/622/573 1179/1183/576 593/1184/589
f 199/1138/949 757/1185/952 1498/1173/973 397/1172/972
f 83/565/519 584/1186/983 1645/1187/984 425/1188/985
f 402/1179/979 1520/1178/978 1509/1194/988 1518/1195/989
f 400/1139/950 1514/1196/990 1507/1197/991 1521/1140/951
f 32/499/455 201/500/456 400/1139/950 199/1138/949
f 201/500/456 324/478/436 1102/1198/439 761/1199/992
f 200/1176/976 398/640/591 1499/1150/957 758/1177/977
f 29/330/294 204/1200/993 401/505/461 202/493/450
f 205/1201/994 409/1202/995 1569/1203/996 766/1204/997
f 202/493/450 760/1205/463 1101/1206/401 323/441/400
f 36/684/632 200/1176/976 402/1179/979 203/494/451
f 201/500/456 761/1199/992 1514/1207/990 400/1139/950
f 204/1200/993 403/1208/998 1537/1209/999 763/1210/1000
f 407/600/553 1549/1211/552 1540/1212/1001 1547/1213/1002
f 405/497/454 1536/1214/453 1525/1215/1003 1534/1216/795
f 403/1208/998 1530/1217/1004 1523/1218/1005 1537/1209/999
f 29/330/294 136/1219/1006 403/1208/998 204/1200/993
f 204/1200/993 763/1210/1000 1517/1223/968 401/505/461
f 136/1219/1006 442/1224/1010 1745/1225/1011 661/1226/1012
f 36/684/632 203/494/451 405/497/454 150/884/790
f 203/494/451 402/1179/979 1518/1227/989 764/495/452
f 150/884/790 682/1228/796 1290/882/788 358/873/779
f 410/471/429 1565/1229/1013 1556/1230/1014 1563/472/430
f 406/1234/1017 1546/1235/1018 1539/1236/1019 1553/1237/1020
f 30/465/423 205/1201/994 406/1234/1017 77/486/443
f 206/1238/1021 767/1239/1022 1568/1240/1023 411/1241/1024
f 35/644/594 87/597/550 407/600/553 206/1238/1021
f 87/597/550 335/582/535 1163/585/538 590/1245/551
f 205/1201/994 766/1246/997 1546/1247/1018 406/1234/1017
f 79/354/317 326/474/432 1115/1248/435 577/1249/318
f 411/1241/1024 1568/1240/1023 1557/1252/1030 1566/1253/1031
f 409/1202/995 1562/1254/1032 1555/1255/1033 1569/1256/996
f 30/465/423 207/466/424 409/1202/995 205/1201/994
f 207/466/424 321/445/404 1086/448/407 770/1257/1034
f 206/1238/1021 407/600/553 1547/1213/1002 767/1258/1022
f 27/292/256 210/1259/1035 410/471/429 208/459/418
f 211/1260/1036 418/1261/1037 1617/1262/1038 775/1263/1039
f 208/459/418 769/473/431 1085/407/369 320/406/368
f 35/644/594 206/1238/1021 411/1241/1024 209/460/419
f 207/466/424 770/1257/1034 1562/1254/1032 409/1202/995
f 210/1259/1035 412/1264/1040 1585/1265/1041 772/1266/1042
f 416/559/514 1597/1267/513 1588/1268/1043 1595/1269/1044
f 414/463/422 1584/462/421 1573/1270/1045 1582/964/841
f 412/1264/1040 1578/1271/1046 1571/1272/1047 1585/1265/1041
f 27/292/256 132/1273/1048 412/1264/1040 210/1259/1035
f 210/1259/1035 772/1278/1042 1565/1279/1013 410/471/429
f 132/1273/1048 451/1281/1052 1793/1282/1053 655/1283/1054
f 35/644/594 209/460/419 414/463/422 148/955/836
f 209/460/419 411/1241/1024 1566/1284/1031 773/461/420
f 148/955/836 679/965/842 1338/1285/834 367/943/826
f 419/438/397 1613/1286/1055 1604/1287/1056 1611/439/398
f 415/1291/1059 1594/1292/1060 1587/1293/1061 1601/1294/1062
f 28/431/391 211/1260/1036 415/1291/1059 73/1295/411
f 212/1296/1063 776/1297/1064 1616/1298/1065 420/1299/1066
f 34/604/556 85/556/511 416/559/514 212/1296/1063
f 85/556/511 332/541/496 1147/1303/499 587/1304/512
f 211/1260/1036 775/1263/1039 1594/1305/1060 415/1291/1059
f 75/319/283 323/441/400 1099/1307/403 571/1308/284
f 420/1299/1066 1616/1298/1065 1605/1312/1072 1614/1313/1073
f 418/1261/1037 1610/1314/1074 1603/1315/1075 1617/1316/1038
f 28/431/391 213/433/392 418/1261/1037 211/1260/1036
f 213/433/392 318/410/372 1070/1317/375 779/1318/1076
f 212/1296/1063 416/559/514 1595/1269/1044 776/1297/1064
f 25/257/223 216/1319/1077 419/438/397 214/425/386
f 217/1320/1078 427/1321/1079 1665/1322/1080 784/1323/1081
f 214/425/386 778/1324/399 1069/1325/337 317/373/336
f 34/604/556 212/1296/1063 420/1299/1066 215/426/387
f 213/433/392 779/1318/1076 1610/1326/1074 418/1261/1037
f 216/1319/1077 421/1327/1082 1633/1328/1083 781/1329/1084
f 425/1188/985 1645/1330/984 1636/1331/1085 1643/1332/1086
f 423/429/390 1632/1333/389 1621/1334/1087 1630/1335/888
f 421/1327/1082 1626/1336/1088 1619/1337/1089 1633/1338/1083
f 25/257/223 128/1339/1090 421/1327/1082 216/1319/1077
f 216/1319/1077 781/1343/1084 1613/1344/1055 419/438/397
f 128/1339/1090 460/1346/1094 1841/1347/1095 649/1348/1096
f 34/604/556 215/426/387 423/429/390 146/1026/882
f 215/426/387 420/1299/1066 1614/1313/1073 782/427/388
f 146/1026/882 676/1349/889 1386/1350/880 376/1014/872
f 428/403/365 1661/1351/1097 1652/1352/1098 1659/404/366
f 424/1356/1101 1642/1357/1102 1635/1358/1103 1649/1359/1104
f 26/397/359 217/1320/1078 424/1356/1101 69/418/379
f 218/1360/1105 785/1361/1106 1664/1362/1107 429/1363/1108
f 33/563/517 83/565/519 425/1188/985 218/1360/1105
f 83/565/519 329/508/464 1131/1367/467 584/1368/983
f 217/1320/1078 784/1323/1081 1642/1369/1102 424/1356/1101
f 71/281/246 320/406/368 1083/1370/371 565/1371/247
f 429/1363/1108 1664/1362/1107 1653/1375/1114 1662/1376/1115
f 427/1321/1079 1658/1377/1116 1651/1378/1117 1665/1379/1080
f 26/397/359 219/398/360 427/1321/1079 217/1320/1078
f 219/398/360 315/377/340 1054/1380/343 788/1381/1118
f 218/1360/1105 425/1188/985 1643/1382/1086 785/1361/1106
f 23/221/189 222/1383/1119 428/403/365 220/391/354
f 223/1384/1120 436/1385/1121 1713/1386/1122 793/1387/1123
f 220/391/354 787/405/367 1053/339/303 314/338/302
f 33/563/517 218/1360/1105 429/1363/1108 221/392/355
f 219/398/360 788/1381/1118 1658/1377/1116 427/1321/1079
f 222/1383/1119 430/1388/1124 1681/1389/1125 790/1390/1126
f 434/523/478 1693/1391/477 1684/1392/1127 1691/1393/1128
f 432/395/358 1680/394/357 1669/1394/1129 1678/1395/923
f 430/1388/1124 1674/1396/1130 1667/1397/1131 1681/1389/1125
f 23/221/189 124/1398/1132 430/1388/1124 222/1383/1119
f 222/1383/1119 790/1402/1126 1661/1351/1097 428/403/365
f 124/1398/1132 469/1405/1137 1889/1406/1138 643/1407/1139
f 33/563/517 221/392/355 432/395/358 144/1091/919
f 221/392/355 429/1363/1108 1662/1376/1115 791/393/356
f 144/1091/919 673/1099/924 1434/1408/917 385/1080/911
f 437/370/333 1709/1409/1140 1700/1410/1141 1707/371/334
f 433/1162/965 1690/1413/1143 1683/1414/1144 1697/1415/966
f 31/365/328 223/1384/1120 433/1162/965 140/1156/961
f 224/1416/1145 794/1417/1146 1712/1418/1147 438/1419/1148
f 140/1156/961 667/1164/967 1482/1420/959 394/1146/953
f 32/499/455 81/520/475 434/523/478 224/1416/1145
f 81/520/475 397/1172/972 1505/1175/975 581/1421/476
f 223/1384/1120 793/1422/1123 1690/1413/1143 433/1162/965
f 438/1419/1148 1712/1426/1147 1701/1427/1151 1710/1428/1152
f 436/1385/1121 1706/1429/1153 1699/1430/1154 1713/1431/1122
f 31/365/328 225/366/329 436/1385/1121 223/1384/1120
f 225/366/329 312/342/306 1038/1432/309 797/1433/1155
f 224/1416/1145 434/523/478 1691/1434/1128 794/1417/1146
f 22/356/319 228/1435/1156 437/370/333 226/357/320
f 229/1436/1157 445/1437/1158 1761/1438/1159 802/1439/1160
f 226/357/320 796/372/335 1037/301/265 311/300/264
f 32/499/455 224/1416/1145 438/1419/1148 227/358/321
f 225/366/329 797/1433/1155 1706/1440/1153 436/1385/1121
f 228/1435/1156 439/1441/1161 1729/1442/1162 799/1443/1163
f 443/489/446 1741/1444/445 1732/1445/1164 1739/1446/1165
f 441/361/324 1728/1447/323 1717/1448/1166 1726/1449/448
f 439/1441/1161 1722/1450/1167 1715/1451/1168 1729/1442/1162
f 22/356/319 122/1452/1169 439/1441/1161 228/1435/1156
f 228/1435/1156 799/1455/1163 1709/1409/1140 437/370/333
f 122/1452/1169 486/183/157 1966/1458/1173 640/1459/1174
f 32/499/455 227/358/321 441/361/324 142/490/447
f 227/358/321 438/1419/1148 1710/1428/1152 800/359/322
f 142/490/447 670/492/449 1104/1460/437 324/478/436
f 446/335/299 1757/1461/1175 1748/1462/1176 1755/1463/300
f 442/1224/1010 1738/1466/1178 1731/1467/1179 1745/1225/1011
f 29/330/294 229/1436/1157 442/1224/1010 136/1219/1006
f 230/1468/1180 803/1469/1181 1760/1470/1182 447/1471/1183
f 136/1219/1006 661/1226/1012 1530/1472/1004 403/1208/998
f 30/465/423 77/486/443 443/489/446 230/1468/1180
f 77/486/443 406/1234/1017 1553/1473/1020 575/487/444
f 229/1436/1157 802/1439/1160 1738/1474/1178 442/1224/1010
f 447/1471/1183 1760/1481/1182 1749/1482/1186 1758/1483/1187
f 445/1437/1158 1754/1484/1188 1747/1485/1189 1761/1486/1159
f 29/330/294 231/331/295 445/1437/1158 229/1436/1157
f 231/331/295 309/304/268 1022/1487/271 806/1488/1190
f 230/1468/1180 443/489/446 1739/1489/1165 803/1490/1181
f 21/321/285 234/1491/1191 446/335/299 232/322/286
f 235/1492/1192 454/1493/1193 1809/1494/1194 811/1495/1195
f 232/322/286 805/1496/301 1021/266/232 308/265/231
f 30/465/423 230/1468/1180 447/1471/1183 233/323/287
f 231/331/295 806/1488/1190 1754/1497/1188 445/1437/1158
f 234/1491/1191 448/1498/1196 1777/1499/1197 808/1500/1198
f 452/455/414 1789/454/413 1780/1501/1199 1787/1502/1200
f 450/326/290 1776/1503/289 1765/1504/1201 1774/457/416
f 448/1498/1196 1770/1505/1202 1763/1506/1203 1777/1507/1197
f 21/321/285 120/1508/1204 448/1498/1196 234/1491/1191
f 234/1491/1191 808/1500/1198 1757/1512/1175 446/335/299
f 120/1508/1204 495/145/126 2014/1516/1209 637/1517/1210
f 30/465/423 233/323/287 450/326/290 138/456/415
f 233/323/287 447/1471/1183 1758/1518/1187 809/1519/288
f 138/456/415 664/458/417 1088/446/405 321/445/404
f 455/297/261 1805/1520/1211 1796/1521/1212 1803/1522/262
f 451/1281/1052 1786/1525/1214 1779/1526/1215 1793/1282/1053
f 27/292/256 235/1492/1192 451/1281/1052 132/1273/1048
f 236/1527/1216 812/1528/1217 1808/1529/1218 456/1530/1219
f 132/1273/1048 655/1531/1054 1578/1532/1046 412/1264/1040
f 28/1533/391 73/452/411 452/455/414 236/1527/1216
f 73/1295/411 415/1291/1059 1601/1534/1062 569/1535/412
f 235/1492/1192 811/1536/1195 1786/1537/1214 451/1281/1052
f 456/1530/1219 1808/1545/1218 1797/1546/1222 1806/1547/1223
f 454/1493/1193 1802/1548/1224 1795/1549/1225 1809/1494/1194
f 27/292/256 237/293/257 454/1493/1193 235/1492/1192
f 237/293/257 306/269/235 1006/272/238 815/1550/1226
f 236/1527/1216 452/455/414 1787/1551/1200 812/1552/1217
f 19/284/248 240/1553/1227 455/297/261 238/285/249
f 241/1554/1228 463/1555/1229 1857/1556/1230 820/1557/1231
f 238/285/249 814/1558/263 1005/1559/198 305/229/197
f 28/1533/391 236/1527/1216 456/1530/1219 239/286/250
f 237/293/257 815/1560/1226 1802/1548/1224 454/1493/1193
f 240/1553/1227 457/1561/1232 1825/1562/1233 817/1563/1234
f 461/421/382 1837/1564/381 1828/1565/1235 1835/1566/1236
f 459/289/253 1824/288/252 1813/1567/1237 1822/1568/384
f 457/1561/1232 1818/1569/1238 1811/1570/1239 1825/1571/1233
f 19/284/248 116/1572/1240 457/1561/1232 240/1553/1227
f 240/1553/1227 817/1563/1234 1805/1576/1211 455/297/261
f 116/1572/1240 504/108/96 2062/1581/1245 631/1582/1246
f 28/1533/391 239/286/250 459/289/253 134/422/383
f 239/286/250 456/1530/1219 1806/1583/1223 818/287/251
f 134/432/383 658/1584/385 1072/411/373 318/410/372
f 464/262/228 1853/1585/1247 1844/1586/1248 1851/1587/229
f 460/1346/1094 1834/1590/1250 1827/1591/1251 1841/1347/1095
f 25/257/223 241/1554/1228 460/1346/1094 128/1339/1090
f 242/1592/1252 821/1593/1253 1856/1594/1254 465/1595/1255
f 128/1339/1090 649/1348/1096 1626/1336/1088 421/1327/1082
f 26/397/359 69/418/379 461/421/382 242/1592/1252
f 69/418/379 424/1356/1101 1649/1596/1104 563/1597/380
f 241/1554/1228 820/1557/1231 1834/1590/1250 460/1346/1094
f 465/1595/1255 1856/1602/1254 1845/1603/1258 1854/1604/1259
f 463/1555/1229 1850/1605/1260 1843/1606/1261 1857/1607/1230
f 25/257/223 243/258/224 463/1555/1229 241/1554/1228
f 243/258/224 303/233/201 990/1608/204 824/1609/1262
f 242/1592/1252 461/421/382 1835/1566/1236 821/1610/1253
f 15/248/214 246/1611/1263 464/262/228 244/249/215
f 247/1612/1264 472/1613/1265 1905/1614/1266 829/1615/1267
f 244/249/215 823/1616/230 989/197/168 302/196/167
f 26/397/359 242/1592/1252 465/1595/1255 245/250/216
f 243/258/224 824/1609/1262 1850/1605/1260 463/1555/1229
f 246/1611/1263 466/1617/1268 1873/1618/1269 826/1619/1270
f 470/387/350 1885/386/349 1876/1620/1271 1883/1621/1272
f 468/253/219 1872/252/218 1861/1622/1273 1870/1623/352
f 466/1617/1268 1866/1624/1274 1859/1625/1275 1873/1618/1269
f 15/248/214 108/1626/1276 466/1617/1268 246/1611/1263
f 246/1611/1263 826/1631/1270 1853/1585/1247 464/262/228
f 108/1626/1276 522/30/28 2158/1634/1282 619/1635/1283
f 26/397/359 245/250/216 468/253/219 130/388/351
f 245/250/216 465/1595/1255 1854/1636/1259 827/1637/217
f 130/388/351 652/390/353 1056/378/341 315/377/340
f 473/226/194 1901/1638/1284 1892/1639/1285 1899/1640/195
f 469/1405/1137 1882/1643/1287 1875/1644/1288 1889/1645/1138
f 23/221/189 247/1612/1264 469/1405/1137 124/1398/1132
f 248/1646/1289 830/1647/1290 1904/1648/1291 474/1649/1292
f 124/1398/1132 643/1407/1139 1674/1650/1130 430/1388/1124
f 24/532/487 65/384/347 470/387/350 248/1646/1289
f 65/384/347 388/1107/929 1457/1651/932 557/385/348
f 247/1612/1264 829/1615/1267 1882/1643/1287 469/1405/1137
f 474/1649/1292 1904/1648/1291 1893/1658/1295 1902/1659/1296
f 472/1613/1265 1898/1660/1297 1891/1661/1298 1905/1662/1266
f 23/221/189 249/222/190 472/1613/1265 247/1612/1264
f 249/222/190 300/200/171 974/1663/174 833/1664/1299
f 248/1646/1289 470/387/350 1883/1665/1272 830/1647/1290
f 16/74/68 252/1666/1300 473/226/194 250/215/184
f 253/1667/1301 481/1668/1302 1953/1669/1303 838/1670/1304
f 250/215/184 832/1671/196 973/1672/136 299/157/135
f 24/532/487 248/1646/1289 474/1649/1292 251/216/185
f 249/222/190 833/1673/1299 1898/1674/1297 472/1613/1265
f 252/1666/1300 475/1675/1305 1921/1676/1306 835/1677/1307
f 479/318/282 1933/317/281 1924/1678/1308 1931/1679/1309
f 477/219/188 1920/1680/187 1909/1681/1310 1918/1682/480
f 475/1675/1305 1914/1683/1311 1907/1684/1312 1921/1676/1306
f 16/74/68 110/1685/1313 475/1675/1305 252/1666/1300
f 252/1666/1300 835/1690/1307 1901/1638/1284 473/226/194
f 110/1685/1313 505/1692/1317 2081/1693/1318 622/1694/1319
f 24/532/487 251/216/185 477/219/188 126/524/479
f 251/216/185 474/1649/1292 1902/1659/1296 836/1695/186
f 126/524/479 646/1696/481 1120/513/469 327/512/468
f 482/193/164 1949/1697/1320 1940/1698/1321 1947/194/165
f 478/1701/1324 1930/1702/1325 1923/1703/1326 1937/1704/1327
f 17/186/158 253/1667/1301 478/1701/1324 51/1705/178
f 254/1706/1328 839/1707/1329 1952/1708/1330 483/1709/1331
f 22/356/319 61/315/279 479/318/282 254/1706/1328
f 61/315/279 311/300/264 1035/303/267 551/316/280
f 253/1667/1301 838/1713/1304 1930/1702/1325 478/1701/1324
f 53/141/90 293/82/76 939/85/79 538/1715/91
f 483/1709/1331 1952/1720/1330 1941/1721/1337 1950/1722/1338
f 481/1668/1302 1946/1723/1339 1939/1724/1340 1953/1725/1303
f 17/186/158 255/188/159 481/1668/1302 253/1667/1301
f 255/188/159 297/161/139 958/164/142 842/1726/1341
f 254/1706/1328 479/318/282 1931/1679/1309 839/1707/1329
f 20/177/127 258/1727/1342 482/193/164 256/178/153
f 259/1728/1343 490/1729/1344 2001/1730/1345 847/1731/1346
f 256/178/153 841/195/166 957/120/106 296/119/105
f 22/356/319 254/1706/1328 483/1709/1331 257/180/154
f 255/188/159 842/1732/1341 1946/1723/1339 481/1668/1302
f 258/1727/1342 484/1733/1347 1969/1734/1348 844/1735/1349
f 488/173/149 1981/1736/148 1972/1737/1350 1979/1738/1351
f 486/183/157 1968/1739/156 1957/1740/1352 1966/1741/1173
f 484/1733/1347 1962/1742/1353 1955/1743/1354 1969/1734/1348
f 20/177/127 118/1744/1355 484/1733/1347 258/1727/1342
f 258/1727/1342 844/1748/1349 1949/1749/1320 482/193/164
f 118/1751/1355 487/1752/1359 1985/1753/1360 634/1754/1361
f 22/356/319 257/180/154 486/183/157 122/1452/1169
f 257/180/154 483/1709/1331 1950/1755/1338 845/1756/155
f 122/1452/1169 640/1757/1174 1722/1758/1167 439/1441/1161
f 491/154/132 1997/1759/1362 1988/1760/1363 1995/1761/133
f 487/1752/1359 1978/1764/1365 1971/1765/1366 1985/1766/1360
f 20/148/127 259/1728/1343 487/1752/1359 118/1751/1355
f 260/1767/1367 848/1768/1368 2000/1769/1369 492/1770/1370
f 118/1744/1355 634/1771/1361 1962/1742/1353 484/1733/1347
f 21/321/285 59/170/146 488/173/149 260/1767/1367
f 59/170/146 308/265/231 1019/1772/234 548/1773/147
f 259/1728/1343 847/1774/1346 1978/1775/1365 487/1752/1359
f 492/1770/1370 2000/1780/1369 1989/1781/1373 1998/1782/1374
f 490/1729/1344 1994/1783/1375 1987/1784/1376 2001/1785/1345
f 20/148/127 261/149/128 490/1729/1344 259/1728/1343
f 261/149/128 294/123/109 942/1786/112 851/1787/1377
f 260/1767/1367 488/173/149 1979/1738/1351 848/1788/1368
f 18/139/97 264/1789/1378 491/154/132 262/140/122
f 265/1790/1379 499/1791/1380 2049/1792/1381 856/1793/1382
f 262/140/122 850/156/134 941/83/77 293/82/76
f 21/321/285 260/1767/1367 492/1770/1370 263/142/123
f 261/149/128 851/1794/1377 1994/1783/1375 490/1729/1344
f 264/1789/1378 493/1795/1383 2017/1796/1384 853/1797/1385
f 497/135/119 2029/134/118 2020/1798/1386 2027/1799/1387
f 495/145/126 2016/144/125 2005/1800/1388 2014/1801/1209
f 493/1795/1383 2010/1802/1389 2003/1803/1390 2017/1796/1384
f 18/139/97 114/1804/1391 493/1795/1383 264/1789/1378
f 264/1789/1378 853/1808/1385 1997/1809/1362 491/154/132
f 114/1812/1391 496/1813/1395 2033/1814/1396 628/1815/1397
f 21/321/285 263/142/123 495/145/126 120/1508/1204
f 263/142/123 492/1770/1370 1998/1816/1374 854/143/124
f 120/1508/1204 637/1817/1210 1770/1818/1202 448/1498/1196
f 500/116/102 2045/1819/1398 2036/1820/1399 2043/1821/103
f 496/1813/1395 2026/1824/1401 2019/1825/1402 2033/1826/1396
f 18/110/97 265/1790/1379 496/1813/1395 114/1812/1391
f 266/1827/1403 857/1828/1404 2048/1829/1405 501/1830/1406
f 114/1804/1391 628/1831/1397 2010/1802/1389 493/1795/1383
f 19/284/248 55/132/116 497/135/119 266/1827/1403
f 55/132/116 305/229/197 1003/1832/200 542/133/117
f 265/1790/1379 856/1793/1382 2026/1824/1401 496/1813/1395
f 501/1830/1406 2048/1840/1405 2037/1841/1409 2046/1842/1410
f 499/1791/1380 2042/1843/1411 2035/1844/1412 2049/1845/1381
f 18/110/97 267/111/98 499/1791/1380 265/1790/1379
f 267/111/98 291/86/80 926/1846/83 860/1847/1413
f 266/1827/1403 497/135/119 2027/1848/1387 857/1828/1404
f 13/102/30 270/1849/1414 500/116/102 268/103/92
f 271/1850/1415 508/1851/1416 2097/1852/1417 865/1853/1418
f 268/103/92 859/118/104 925/42/39 290/41/38
f 19/284/248 266/1827/1403 501/1830/1406 269/105/93
f 267/111/98 860/1847/1413 2042/1854/1411 499/1791/1380
f 270/1849/1414 502/1855/1419 2065/1856/1420 862/1857/1421
f 506/211/181 2077/1858/180 2068/1859/1422 2075/1860/1423
f 504/108/96 2064/107/95 2053/1861/1424 2062/1862/1245
f 502/1855/1419 2058/1863/1425 2051/1864/1426 2065/1856/1420
f 13/102/30 104/1865/1427 502/1855/1419 270/1849/1414
f 270/1849/1414 862/1869/1421 2045/1870/1398 500/116/102
f 104/1873/1427 514/1874/1429 2129/1875/1430 613/1876/1431
f 19/284/248 269/105/93 504/108/96 116/1572/1240
f 269/105/93 501/1830/1406 2046/1877/1410 863/106/94
f 116/1572/1240 631/1582/1246 1818/1878/1238 457/1561/1232
f 509/79/73 2093/1879/1432 2084/1880/1433 2091/1881/74
f 505/1692/1317 2074/1884/1435 2067/1885/1436 2081/1886/1318
f 16/74/68 271/1850/1415 505/1692/1317 110/1685/1313
f 272/1887/1437 866/1888/1438 2096/1889/1439 510/1890/1440
f 110/1685/1313 622/1694/1319 1914/1683/1311 475/1675/1305
f 17/1891/158 51/208/178 506/211/181 272/1887/1437
f 51/1705/178 478/1701/1324 1937/1704/1327 536/1892/179
f 271/1850/1415 865/1853/1418 2074/1893/1435 505/1692/1317
f 510/1890/1440 2096/1900/1439 2085/1901/1442 2094/1902/1443
f 508/1851/1416 2090/1903/1444 2083/1904/1445 2097/1852/1417
f 16/74/68 273/75/69 508/1851/1416 271/1850/1415
f 273/75/69 288/45/42 910/1905/45 869/1906/1446
f 272/1887/1437 506/211/181 2075/1907/1423 866/1908/1438
f 14/63/22 276/1909/1447 509/79/73 274/64/59
f 277/1910/1448 517/1911/1449 2145/1912/1450 874/1913/1451
f 274/64/59 868/1914/75 909/2/2 287/1/1
f 17/1891/158 272/1887/1437 510/1890/1440 275/66/61
f 273/75/69 869/1915/1446 2090/1903/1444 508/1851/1416
f 276/1909/1447 511/19/19 2113/1916/1452 871/1917/1453
f 515/59/56 2125/1918/55 2116/1919/1454 2123/1920/1455
f 513/69/64 2112/1921/63 2101/1922/1456 2110/1923/151
f 511/19/19 2106/1924/18 2099/1925/1457 2113/1926/1452
f 14/63/22 106/16/16 511/19/19 276/1909/1447
f 276/1909/1447 871/1929/1453 2093/1930/1432 509/79/73
f 106/26/16 284/25/24 891/1933/1460 617/1934/17
f 17/1891/158 275/66/61 513/69/64 112/174/150
f 275/66/61 510/1890/1440 2094/1902/1443 872/67/62
f 112/187/150 625/1935/152 960/1936/140 297/161/139
f 518/38/35 2141/1937/1461 2132/1938/1462 2139/39/36
f 514/1874/1429 2122/1940/1464 2115/1941/1465 2129/1875/1430
f 13/32/30 277/1910/1448 514/1874/1429 104/1873/1427
f 278/1942/1466 875/1943/1467 2144/1944/1468 519/1945/1469
f 104/1865/1427 613/1946/1431 2058/1863/1425 502/1855/1419
f 15/248/214 47/56/53 515/59/56 278/1942/1466
f 47/56/53 302/196/167 987/199/170 530/57/54
f 277/1910/1448 874/1913/1451 2122/1947/1464 514/1874/1429
f 519/1945/1469 2144/1944/1468 2133/1951/1471 2142/1952/1472
f 517/1911/1449 2138/1953/1473 2131/1954/1474 2145/1955/1450
f 13/32/30 279/33/31 517/1911/1449 277/1910/1448
f 279/33/31 285/5/5 894/8/8 878/1956/1475
f 278/1942/1466 515/59/56 2123/1920/1455 875/1943/1467
f 14/23/22 282/1957/1476 518/38/35 280/24/23
f 284/25/24 893/1958/1477 884/1959/1478 891/1960/1460
f 280/24/23 877/1961/37 893/1958/1477 284/25/24
f 15/248/214 278/1942/1466 519/1945/1469 281/27/25
f 279/33/31 878/1956/1475 2138/1953/1473 517/1911/1449
f 282/1957/1476 520/98/89 2161/1962/1479 880/1963/1480
f 522/30/28 2160/1964/27 2149/1965/1481 2158/1966/1282
f 520/98/89 2154/1967/88 2147/1968/1482 2161/1969/1479
f 14/23/22 45/95/60 520/98/89 282/1957/1476
f 45/65/60 287/1/1 907/1970/4 527/1971/87
f 282/1957/1476 880/1963/1480 2141/1972/1461 518/38/35
f 15/248/214 281/27/25 522/30/28 108/1626/1276
f 281/27/25 519/1945/1469 2142/1952/1472 881/28/26
f 108/1626/1276 619/1975/1283 1866/1976/1274 466/1617/1268
f 884/1959/1478 888/1980/1486 887/1978/1484 886/1981/1483
f 885/7/7 889/1979/1485 887/1978/1484 888/1982/1486
f 900/3/3 904/1986/1490 903/1984/1488 902/1983/1487
f 901/47/44 905/1987/1489 903/1984/1488 904/1988/1490
f 916/43/40 920/1992/1494 919/1990/1492 918/1993/1491
f 917/88/82 921/1994/1493 919/1990/1492 920/1992/1494
f 932/84/78 936/1998/1498 935/1996/1496 934/1999/1495
f 933/125/111 937/1997/1497 935/1996/1496 936/2000/1498
f 948/121/107 952/2004/1502 951/2002/1500 950/2001/1499
f 949/163/141 953/2005/1501 951/2002/1500 952/2004/1502
f 964/159/137 968/2009/1506 967/2007/1504 966/2010/1503
f 965/202/173 969/2011/1505 967/2007/1504 968/2012/1506
f 980/198/169 984/2016/1510 983/2014/1508 982/2013/1507
f 981/235/203 985/2017/1509 983/2014/1508 984/2016/1510
f 996/231/199 1000/2021/1514 999/2019/1512 998/2022/1511
f 997/271/237 1001/2020/1513 999/2019/1512 1000/2021/1514
f 1012/267/233 1016/2026/1518 1015/2024/1516 1014/2027/1515
f 1013/306/270 1017/2028/1517 1015/2024/1516 1016/2029/1518
f 1028/302/266 1032/2033/1522 1031/2031/1520 1030/2034/1519
f 1029/344/308 1033/2035/1521 1031/2031/1520 1032/2036/1522
f 1044/340/304 1048/2040/1526 1047/2038/1524 1046/2037/1523
f 1045/379/342 1049/2039/1525 1047/2038/1524 1048/2040/1526
f 1060/375/338 1064/2044/1530 1063/2042/1528 1062/2045/1527
f 1061/412/374 1065/2046/1529 1063/2042/1528 1064/2044/1530
f 1076/408/370 1080/2050/1534 1079/2048/1532 1078/2047/1531
f 1077/447/406 1081/2051/1533 1079/2048/1532 1080/2050/1534
f 1092/443/402 1096/2055/1538 1095/2053/1536 1094/2056/1535
f 1093/480/438 1097/2057/1537 1095/2053/1536 1096/2055/1538
f 1108/476/434 1112/2061/1542 1111/2059/1540 1110/2062/1539
f 1109/514/470 1113/2063/1541 1111/2059/1540 1112/2064/1542
f 1124/510/466 1128/2068/1546 1127/2066/1544 1126/2069/1543
f 1125/547/502 1129/2070/1545 1127/2066/1544 1128/2068/1546
f 1140/543/498 1144/2074/1550 1143/2072/1548 1142/2071/1547
f 1141/588/541 1145/2075/1549 1143/2072/1548 1144/2074/1550
f 1156/584/537 1160/2079/1554 1159/2077/1552 1158/2080/1551
f 1157/628/579 1161/2081/1553 1159/2077/1552 1160/2079/1554
f 1172/624/575 1176/2085/1558 1175/2083/1556 1174/2082/1555
f 1173/668/617 1177/2084/1557 1175/2083/1556 1176/2086/1558
f 1188/664/613 1192/2090/1562 1191/2088/1560 1190/2091/1559
f 1189/708/655 1193/2092/1561 1191/2088/1560 1192/2090/1562
f 1203/751/694 1206/2093/1563 1207/2094/1564 1209/2095/1565
f 1204/704/651 1208/2096/1566 1207/2094/1564 1206/2093/1563
f 1219/786/721 1222/2099/1567 1223/2100/1568 1225/2101/1569
f 1220/743/687 1224/2102/1570 1223/2100/1568 1222/2099/1567
f 1221/783/718 1225/2101/1569 1223/2100/1568 1224/2103/1570
f 1235/809/738 1238/2104/1571 1239/2105/1572 1241/2106/1573
f 1237/806/735 1241/2109/1573 1239/2105/1572 1240/2107/1574
f 1251/833/756 1254/2110/1575 1255/2111/1576 1257/2112/1577
f 1252/803/733 1256/2113/1578 1255/2111/1576 1254/2110/1575
f 1267/861/772 1270/2116/1579 1271/2117/1580 1273/2118/1581
f 1268/826/750 1272/2119/1582 1271/2117/1580 1270/2120/1579
f 1269/858/769 1273/2121/1581 1271/2117/1580 1272/2122/1582
f 1283/883/789 1286/2123/1583 1287/2124/1584 1289/2125/1585
f 1285/880/786 1289/2125/1585 1287/2124/1584 1288/2128/1586
f 1299/903/804 1302/2129/1587 1303/2130/1588 1305/2131/1589
f 1300/878/784 1304/2132/1590 1303/2130/1588 1302/2129/1587
f 1315/929/819 1318/2134/1591 1319/2135/1592 1321/2136/1593
f 1316/896/798 1320/2137/1594 1319/2135/1592 1318/2138/1591
f 1317/926/816 1321/2139/1593 1319/2135/1592 1320/2137/1594
f 1331/954/835 1334/2140/1595 1335/2141/1596 1337/2142/1597
f 1333/951/833 1337/2144/1597 1335/2141/1596 1336/2145/1598
f 1347/974/848 1350/2146/1599 1351/2147/1600 1353/2148/1601
f 1348/948/831 1352/2149/1602 1351/2147/1600 1350/2150/1599
f 1363/1003/865 1366/2153/1603 1367/2154/1604 1369/2155/1605
f 1364/969/844 1368/2156/1606 1367/2154/1604 1366/2157/1603
f 1365/1000/862 1369/2155/1605 1367/2154/1604 1368/2158/1606
f 1379/1024/881 1382/2159/1607 1383/2160/1608 1385/2161/1609
f 1381/1021/879 1385/2164/1609 1383/2160/1608 1384/2162/1610
f 1395/1047/894 1398/2165/1611 1399/2166/1612 1401/2167/1613
f 1396/1019/877 1400/2168/1614 1399/2166/1612 1398/2165/1611
f 1411/1068/904 1414/2170/1615 1415/2171/1616 1417/2172/1617
f 1412/1042/891 1416/2173/1618 1415/2171/1616 1414/2174/1615
f 1413/1065/901 1417/2175/1617 1415/2171/1616 1416/2176/1618
f 1427/1089/918 1430/2177/1619 1431/2178/1620 1433/2179/1621
f 1429/1087/916 1433/2181/1621 1431/2178/1620 1432/2182/1622
f 1443/1109/931 1446/2183/1623 1447/2184/1624 1449/2185/1625
f 1444/1084/914 1448/2186/1626 1447/2184/1624 1446/2187/1623
f 1459/1131/946 1462/2190/1627 1463/2191/1628 1465/2192/1629
f 1460/1104/926 1464/2193/1630 1463/2191/1628 1462/2194/1627
f 1461/1128/943 1465/2195/1629 1463/2191/1628 1464/2193/1630
f 1475/1155/960 1478/2196/1631 1479/2197/1632 1481/2198/1633
f 1477/1152/958 1481/2200/1633 1479/2197/1632 1480/2199/1634
f 1491/1174/974 1494/2201/1635 1495/2202/1636 1497/2203/1637
f 1492/1149/956 1496/2204/1638 1495/2202/1636 1494/2205/1635
f 1507/1197/991 1510/2207/1639 1511/2208/1640 1513/2209/1641
f 1508/1169/969 1512/2210/1642 1511/2208/1640 1510/2207/1639
f 1509/1194/988 1513/2211/1641 1511/2208/1640 1512/2212/1642
f 1523/1218/1005 1526/2213/1643 1527/2214/1644 1529/2215/1645
f 1525/1215/1003 1529/2215/1645 1527/2214/1644 1528/2218/1646
f 1539/1236/1019 1542/2219/1647 1543/2220/1648 1545/2221/1649
f 1540/1212/1001 1544/2222/1650 1543/2220/1648 1542/2219/1647
f 1555/1255/1033 1558/2224/1651 1559/2225/1652 1561/2226/1653
f 1556/1230/1014 1560/2227/1654 1559/2225/1652 1558/2224/1651
f 1557/1252/1030 1561/2226/1653 1559/2225/1652 1560/2228/1654
f 1571/1272/1047 1574/2229/1655 1575/2230/1656 1577/2231/1657
f 1573/1270/1045 1577/2233/1657 1575/2230/1656 1576/2232/1658
f 1587/1293/1061 1590/2234/1659 1591/2235/1660 1593/2236/1661
f 1588/1268/1043 1592/2237/1662 1591/2235/1660 1590/2238/1659
f 1603/1315/1075 1606/2240/1663 1607/2241/1664 1609/2242/1665
f 1604/1287/1056 1608/2243/1666 1607/2241/1664 1606/2244/1663
f 1605/1312/1072 1609/2242/1665 1607/2241/1664 1608/2245/1666
f 1619/1337/1089 1622/2246/1667 1623/2247/1668 1625/2248/1669
f 1621/1334/1087 1625/2250/1669 1623/2247/1668 1624/2249/1670
f 1635/1358/1103 1638/2251/1671 1639/2252/1672 1641/2253/1673
f 1636/1331/1085 1640/2254/1674 1639/2252/1672 1638/2255/1671
f 1651/1378/1117 1654/2258/1675 1655/2259/1676 1657/2260/1677
f 1652/1352/1098 1656/2261/1678 1655/2259/1676 1654/2262/1675
f 1653/1375/1114 1657/2263/1677 1655/2259/1676 1656/2264/1678
f 1667/1397/1131 1670/2265/1679 1671/2266/1680 1673/2267/1681
f 1669/1394/1129 1673/2269/1681 1671/2266/1680 1672/2268/1682
f 1683/1414/1144 1686/2270/1683 1687/2271/1684 1689/2272/1685
f 1684/1392/1127 1688/2273/1686 1687/2271/1684 1686/2270/1683
f 1699/1430/1154 1702/2276/1687 1703/2277/1688 1705/2278/1689
f 1700/1410/1141 1704/2279/1690 1703/2277/1688 1702/2276/1687
f 1701/1427/1151 1705/2278/1689 1703/2277/1688 1704/2280/1690
f 1715/1451/1168 1718/2281/1691 1719/2282/1692 1721/2283/1693
f 1717/1448/1166 1721/2285/1693 1719/2282/1692 1720/2286/1694
f 1731/1467/1179 1734/2287/1695 1735/2288/1696 1737/2289/1697
f 1732/1445/1164 1736/2290/1698 1735/2288/1696 1734/2287/1695
f 1747/1485/1189 1750/2292/1699 1751/2293/1700 1753/2294/1701
f 1748/1462/1176 1752/2295/1702 1751/2293/1700 1750/2292/1699
f 1749/1482/1186 1753/2296/1701 1751/2293/1700 1752/2297/1702
f 1763/1506/1203 1766/2298/1703 1767/2299/1704 1769/2300/1705
f 1765/1504/1201 1769/2300/1705 1767/2299/1704 1768/2301/1706
f 1779/1526/1215 1782/2302/1707 1783/2303/1708 1785/2304/1709
f 1780/1501/1199 1784/2305/1710 1783/2303/1708 1782/2306/1707
f 1795/1549/1225 1798/2309/1711 1799/2310/1712 1801/2311/1713
f 1796/1521/1212 1800/2312/1714 1799/2310/1712 1798/2313/1711
f 1797/1546/1222 1801/2311/1713 1799/2310/1712 1800/2314/1714
f 1811/1570/1239 1814/2315/1715 1815/2316/1716 1817/2317/1717
f 1813/1567/1237 1817/2320/1717 1815/2316/1716 1816/2321/1718
f 1827/1591/1251 1830/2322/1719 1831/2323/1720 1833/2324/1721
f 1828/1565/1235 1832/2325/1722 1831/2323/1720 1830/2322/1719
f 1843/1606/1261 1846/2327/1723 1847/2328/1724 1849/2329/1725
f 1844/1586/1248 1848/2330/1726 1847/2328/1724 1846/2327/1723
f 1845/1603/1258 1849/2329/1725 1847/2328/1724 1848/2331/1726
f 1859/1625/1275 1862/2332/1727 1863/2333/1728 1865/2334/1729
f 1861/1622/1273 1865/2337/1729 1863/2333/1728 1864/2338/1730
f 1875/1644/1288 1878/2339/1731 1879/2340/1732 1881/2341/1733
f 1876/1620/1271 1880/2342/1734 1879/2340/1732 1878/2339/1731
f 1891/1661/1298 1894/2343/1735 1895/2344/1736 1897/2345/1737
f 1892/1639/1285 1896/2346/1738 1895/2344/1736 1894/2343/1735
f 1893/1658/1295 1897/2345/1737 1895/2344/1736 1896/2347/1738
f 1907/1684/1312 1910/2348/1739 1911/2349/1740 1913/2350/1741
f 1909/1681/1310 1913/2352/1741 1911/2349/1740 1912/2351/1742
f 1923/1703/1326 1926/2353/1743 1927/2354/1744 1929/2355/1745
f 1924/1678/1308 1928/2356/1746 1927/2354/1744 1926/2353/1743
f 1939/1724/1340 1942/2358/1747 1943/2359/1748 1945/2360/1749
f 1940/1698/1321 1944/2361/1750 1943/2359/1748 1942/2358/1747
f 1941/1721/1337 1945/2362/1749 1943/2359/1748 1944/2363/1750
f 1955/1743/1354 1958/2364/1751 1959/2365/1752 1961/2366/1753
f 1957/1740/1352 1961/2366/1753 1959/2365/1752 1960/2368/1754
f 1971/1765/1366 1974/2369/1755 1975/2370/1756 1977/2371/1757
f 1972/1737/1350 1976/2372/1758 1975/2370/1756 1974/2373/1755
f 1987/1784/1376 1990/2376/1759 1991/2377/1760 1993/2378/1761
f 1988/1760/1363 1992/2379/1762 1991/2377/1760 1990/2380/1759
f 1989/1781/1373 1993/2381/1761 1991/2377/1760 1992/2382/1762
f 2003/1803/1390 2006/2383/1763 2007/2384/1764 2009/2385/1765
f 2005/1800/1388 2009/2385/1765 2007/2384/1764 2008/2388/1766
f 2019/1825/1402 2022/2389/1767 2023/2390/1768 2025/2391/1769
f 2020/1798/1386 2024/2392/1770 2023/2390/1768 2022/2393/1767
f 2035/1844/1412 2038/2394/1771 2039/2395/1772 2041/2396/1773
f 2036/1820/1399 2040/2397/1774 2039/2395/1772 2038/2394/1771
f 2037/1841/1409 2041/2396/1773 2039/2395/1772 2040/2398/1774
f 2051/1864/1426 2054/2399/1775 2055/2400/1776 2057/2401/1777
f 2053/1861/1424 2057/2403/1777 2055/2400/1776 2056/2404/1778
f 2067/1885/1436 2070/2405/1779 2071/2406/1780 2073/2407/1781
f 2068/1859/1422 2072/2408/1782 2071/2406/1780 2070/2409/1779
f 2083/1904/1445 2086/2412/1783 2087/2413/1784 2089/2414/1785
f 2084/1880/1433 2088/2415/1786 2087/2413/1784 2086/2416/1783
f 2085/1901/1442 2089/2417/1785 2087/2413/1784 2088/2415/1786
f 2099/1925/1457 2102/2418/1787 2103/2419/1788 2105/2420/1789
f 2101/1922/1456 2105/2423/1789 2103/2419/1788 2104/2424/1790
f 2115/1941/1465 2118/2425/1791 2119/2426/1792 2121/2427/1793
f 2116/1919/1454 2120/2428/1794 2119/2426/1792 2118/2425/1791
f 2131/1954/1474 2134/2431/1795 2135/2432/1796 2137/2433/1797
f 2132/1938/1462 2136/2434/1798 2135/2432/1796 2134/2435/1795
f 2133/1951/1471 2137/2436/1797 2135/2432/1796 2136/2434/1798
f 2147/1968/1482 2150/2437/1799 2151/2438/1800 2153/2439/1801
f 2149/1965/1481 2153/2441/1801 2151/2438/1800 2152/2442/1802
f 886/2444/1483 892/2443/1803 891/1960/1460 884/1959/1478
f 884/1959/1478 893/1958/1477 895/2445/1804 888/2446/1486
f 888/2446/1486 895/2445/1804 894/8/8 885/7/7
f 885/7/7 896/6/6 898/2447/1805 889/1979/1485
f 617/1934/17 891/1933/1460 892/2443/1803 618/2448/1806
f 878/1956/1475 894/8/8 895/2445/1804 879/2449/1807
f 879/2449/1807 895/2445/1804 893/1958/1477 877/1961/37
f 525/2450/1808 898/2447/1805 896/22/6 523/21/21
f 902/1983/1487 908/2451/1809 907/4/4 900/3/3
f 900/3/3 909/2/2 911/2452/1810 904/1986/1490
f 904/1986/1490 911/2452/1810 910/48/45 901/47/44
f 901/47/44 912/46/43 914/2453/1811 905/1985/1489
f 527/1971/87 907/1970/4 908/2451/1809 528/2454/1812
f 869/1906/1446 910/1905/45 911/2452/1810 870/2455/1813
f 870/2455/1813 911/2452/1810 909/2/2 868/1914/75
f 534/2456/1814 914/2453/1811 912/62/43 532/61/58
f 918/1989/1491 924/2457/1815 923/44/41 916/43/40
f 916/43/40 925/42/39 927/2458/1816 920/1992/1494
f 920/1992/1494 927/2458/1816 926/89/83 917/88/82
f 917/88/82 928/87/81 930/2459/1817 921/1991/1493
f 523/2460/21 923/2461/41 924/2457/1815 525/2462/1808
f 860/1847/1413 926/1846/83 927/2458/1816 861/2463/1818
f 861/2463/1818 927/2458/1816 925/42/39 859/118/104
f 540/2464/1819 930/2459/1817 928/101/81 538/100/91
f 934/1995/1495 940/2465/1820 939/85/79 932/84/78
f 932/84/78 941/83/77 943/2466/1821 936/2467/1498
f 936/2467/1498 943/2466/1821 942/126/112 933/125/111
f 933/125/111 944/124/110 946/2468/1822 937/1997/1497
f 538/1715/91 939/85/79 940/2465/1820 540/2469/1819
f 851/1787/1377 942/1786/112 943/2466/1821 852/2470/1823
f 852/2470/1823 943/2466/1821 941/83/77 850/156/134
f 546/2471/1824 946/2468/1822 944/138/110 544/137/121
f 950/2001/1499 956/2472/1825 955/122/108 948/121/107
f 948/121/107 957/120/106 959/2473/1826 952/2004/1502
f 952/2004/1502 959/2473/1826 958/164/142 949/163/141
f 949/163/141 960/162/140 962/2474/1827 953/2005/1501
f 544/280/121 955/122/108 956/2472/1825 546/2475/1824
f 842/1726/1341 958/164/142 959/2473/1826 843/2476/1828
f 843/2476/1828 959/2473/1826 957/120/106 841/195/166
f 627/2477/1829 962/2474/1827 960/1936/140 625/1935/152
f 966/2479/1503 972/2478/1830 971/160/138 964/159/137
f 964/159/137 973/158/136 975/2480/1831 968/2012/1506
f 968/2012/1506 975/2480/1831 974/203/174 965/202/173
f 965/202/173 976/201/172 978/2481/1832 969/2008/1505
f 532/245/58 971/244/138 972/2478/1830 534/2456/1814
f 833/1664/1299 974/1663/174 975/2480/1831 834/2482/1833
f 834/2482/1833 975/2480/1831 973/1672/136 832/1671/196
f 555/2483/1834 978/2481/1832 976/214/172 553/213/183
f 982/2013/1507 988/2484/1835 987/199/170 980/198/169
f 980/198/169 989/197/168 991/2485/1836 984/2016/1510
f 984/2016/1510 991/2485/1836 990/236/204 981/235/203
f 981/235/203 992/234/202 994/2486/1837 985/2487/1509
f 530/57/54 987/199/170 988/2484/1835 531/2488/1838
f 824/1609/1262 990/1608/204 991/2485/1836 825/2489/1839
f 825/2489/1839 991/2485/1836 989/197/168 823/1616/230
f 561/2490/1840 994/2486/1837 992/234/202 559/247/213
f 998/2022/1511 1004/2491/1841 1003/232/200 996/231/199
f 996/231/199 1005/230/198 1007/2492/1842 1000/2021/1514
f 1000/2021/1514 1007/2492/1842 1006/272/238 997/271/237
f 997/271/237 1008/270/236 1010/2493/1843 1001/2020/1513
f 542/133/117 1003/1832/200 1004/2491/1841 543/2494/1844
f 815/1550/1226 1006/272/238 1007/2492/1842 816/2495/1845
f 816/2495/1845 1007/2492/1842 1005/1559/198 814/1558/263
f 567/2496/1846 1010/2493/1843 1008/283/236 565/282/247
f 1014/2027/1515 1020/2497/1847 1019/268/234 1012/267/233
f 1012/267/233 1021/266/232 1023/2498/1848 1016/2026/1518
f 1016/2026/1518 1023/2498/1848 1022/307/271 1013/306/270
f 1013/306/270 1024/305/269 1026/2499/1849 1017/2500/1517
f 548/1773/147 1019/1772/234 1020/2497/1847 549/2501/1850
f 806/1488/1190 1022/1487/271 1023/2498/1848 807/2502/1851
f 807/2502/1851 1023/2498/1848 1021/266/232 805/1496/301
f 573/2503/1852 1026/2499/1849 1024/305/269 571/320/284
f 1030/2030/1519 1036/2504/1853 1035/303/267 1028/302/266
f 1028/302/266 1037/301/265 1039/2505/1854 1032/2036/1522
f 1032/2036/1522 1039/2505/1854 1038/345/309 1029/344/308
f 1029/344/308 1040/343/307 1042/2506/1855 1033/2035/1521
f 551/316/280 1035/303/267 1036/2504/1853 552/2507/1856
f 797/1433/1155 1038/1432/309 1039/2505/1854 798/2508/1857
f 798/2508/1857 1039/2505/1854 1037/301/265 796/372/335
f 579/2509/1858 1042/2506/1855 1040/343/307 577/355/318
f 1046/2037/1523 1052/2510/1859 1051/341/305 1044/340/304
f 1044/340/304 1053/339/303 1055/2511/1860 1048/2040/1526
f 1048/2040/1526 1055/2511/1860 1054/380/343 1045/379/342
f 1045/379/342 1056/378/341 1058/2512/1861 1049/2039/1525
f 553/213/183 1051/353/305 1052/2510/1859 555/2483/1834
f 788/1381/1118 1054/1380/343 1055/2511/1860 789/2513/1862
f 789/2513/1862 1055/2511/1860 1053/339/303 787/405/367
f 654/2514/1863 1058/2512/1861 1056/378/341 652/390/353
f 1062/2041/1527 1068/2515/1864 1067/376/339 1060/375/338
f 1060/375/338 1069/374/337 1071/2516/1865 1064/2044/1530
f 1064/2044/1530 1071/2516/1865 1070/413/375 1061/412/374
f 1061/412/374 1072/411/373 1074/2517/1866 1065/2046/1529
f 559/1123/213 1067/1122/339 1068/2515/1864 561/2490/1840
f 779/1318/1076 1070/1317/375 1071/2516/1865 780/2518/1867
f 780/2518/1867 1071/2516/1865 1069/1325/337 778/1324/399
f 660/2519/1868 1074/2517/1866 1072/411/373 658/1584/385
f 1078/2047/1531 1084/2520/1869 1083/409/371 1076/408/370
f 1076/408/370 1085/407/369 1087/2521/1870 1080/2050/1534
f 1080/2050/1534 1087/2521/1870 1086/448/407 1077/447/406
f 1077/447/406 1088/446/405 1090/2522/1871 1081/2051/1533
f 565/1371/247 1083/1370/371 1084/2520/1869 567/2496/1846
f 770/1257/1034 1086/448/407 1087/2521/1870 771/2523/1872
f 771/2523/1872 1087/2521/1870 1085/407/369 769/473/431
f 666/2524/1873 1090/2522/1871 1088/446/405 664/458/417
f 1094/2056/1535 1100/2525/1874 1099/444/403 1092/443/402
f 1092/443/402 1101/442/401 1103/2526/1875 1096/2055/1538
f 1096/2055/1538 1103/2526/1875 1102/481/439 1093/480/438
f 1093/480/438 1104/479/437 1106/2527/1876 1097/2057/1537
f 571/1308/284 1099/1307/403 1100/2525/1874 573/2503/1852
f 761/1199/992 1102/1198/439 1103/2526/1875 762/2528/1877
f 762/2528/1877 1103/2526/1875 1101/1206/401 760/1205/463
f 672/2529/1878 1106/2527/1876 1104/1460/437 670/492/449
f 1110/2531/1539 1116/2530/1879 1115/477/435 1108/476/434
f 1108/476/434 1117/475/433 1119/2532/1880 1112/2064/1542
f 1112/2064/1542 1119/2532/1880 1118/515/471 1109/514/470
f 1109/514/470 1120/513/469 1122/2533/1881 1113/2534/1541
f 577/1249/318 1115/1248/435 1116/2530/1879 579/2509/1858
f 752/1134/947 1118/1133/471 1119/2532/1880 753/2535/1882
f 753/2535/1882 1119/2532/1880 1117/1143/433 751/1142/495
f 648/2536/1883 1122/2533/1881 1120/513/469 646/1696/481
f 1126/2065/1543 1132/2537/1884 1131/511/467 1124/510/466
f 1124/510/466 1133/509/465 1135/2538/1885 1128/2068/1546
f 1128/2068/1546 1135/2538/1885 1134/548/503 1125/547/502
f 1125/547/502 1136/546/501 1138/2539/1886 1129/2067/1545
f 584/1368/983 1131/1367/467 1132/2537/1884 585/2540/1887
f 743/1070/905 1134/1069/503 1135/2538/1885 744/2541/1888
f 744/2541/1888 1135/2538/1885 1133/1078/465 742/581/534
f 600/2542/1889 1138/2539/1886 1136/562/501 598/561/516
f 1142/2071/1547 1148/2543/1890 1147/544/499 1140/543/498
f 1140/543/498 1149/542/497 1151/2544/1891 1144/2074/1550
f 1144/2074/1550 1151/2544/1891 1150/589/542 1141/588/541
f 1141/588/541 1152/587/540 1154/2545/1892 1145/2075/1549
f 587/1304/512 1147/1303/499 1148/2543/1890 588/2546/1893
f 734/1005/866 1150/1004/542 1151/2544/1891 735/2547/1894
f 735/2547/1894 1151/2544/1891 1149/542/497 733/1012/572
f 606/2548/1895 1154/2545/1892 1152/603/540 604/602/555
f 1158/2076/1551 1164/2549/1896 1163/585/538 1156/584/537
f 1156/584/537 1165/583/536 1167/2550/1897 1160/2079/1554
f 1160/2079/1554 1167/2550/1897 1166/629/580 1157/628/579
f 1157/628/579 1168/627/578 1170/2551/1898 1161/2552/1553
f 590/1245/551 1163/585/538 1164/2549/1896 591/2553/1899
f 725/932/820 1166/931/580 1167/2550/1897 726/2554/1900
f 726/2554/1900 1167/2550/1897 1165/940/536 724/939/610
f 609/2555/1901 1170/2551/1898 1168/643/578 607/642/593
f 1174/2082/1555 1180/2556/1902 1179/625/576 1172/624/575
f 1172/624/575 1181/623/574 1183/2557/1903 1176/2086/1558
f 1176/2086/1558 1183/2557/1903 1182/669/618 1173/668/617
f 1173/668/617 1184/667/616 1186/2558/1904 1177/2084/1557
f 593/1184/589 1179/1183/576 1180/2556/1902 594/2559/1905
f 716/863/773 1182/669/618 1183/2557/1903 717/2560/1906
f 717/2560/1906 1183/2557/1903 1181/871/574 715/701/648
f 612/2561/1907 1186/2558/1904 1184/683/616 610/682/631
f 1190/2087/1559 1196/2562/1908 1195/665/614 1188/664/613
f 1188/664/613 1197/663/612 1199/2563/1909 1192/2090/1562
f 1192/2090/1562 1199/2563/1909 1198/709/656 1189/708/655
f 1189/708/655 1200/707/654 1202/2564/1910 1193/2089/1561
f 596/1120/627 1195/1119/614 1196/2562/1908 597/2565/1911
f 707/789/722 1198/788/656 1199/2563/1909 708/2566/1912
f 708/2566/1912 1199/2563/1909 1197/796/612 706/795/685
f 693/2567/1913 1202/2564/1910 1200/1102/654 691/1101/667
f 1203/751/694 1210/750/693 1212/2568/1914 1206/2093/1563
f 1206/2093/1563 1212/2568/1914 1211/705/652 1204/704/651
f 1204/704/651 1213/703/650 1215/2569/1915 1208/2098/1566
f 1209/2571/1565 1218/2570/1916 1217/752/695 1203/751/694
f 704/756/699 1211/705/652 1212/2568/1914 705/2572/1917
f 705/2572/1917 1212/2568/1914 1210/769/693 703/768/709
f 702/2573/1918 1215/2569/1915 1213/840/650 700/839/715
f 602/1055/887 1217/1054/695 1218/2570/1916 603/2574/1919
f 1219/786/721 1226/785/720 1228/2575/1920 1222/2099/1567
f 1222/2099/1567 1228/2575/1920 1227/744/684 1220/743/687
f 1220/743/687 1229/742/686 1231/2576/1921 1224/2577/1570
f 1224/2577/1570 1231/2576/1921 1230/784/719 1221/783/718
f 1221/783/718 1232/782/700 1234/2578/1922 1225/2101/1569
f 1225/2101/1569 1234/2578/1922 1233/787/708 1219/786/721
f 706/741/685 1227/740/684 1228/2575/1920 708/2566/1912
f 708/2566/1912 1228/2575/1920 1226/797/720 707/789/722
f 710/726/671 1230/823/719 1231/2576/1921 711/2579/1923
f 711/2579/1923 1231/2576/1921 1229/742/686 709/815/730
f 703/767/709 1233/766/708 1234/2578/1922 705/2572/1917
f 705/2572/1917 1234/2578/1922 1232/757/700 704/756/699
f 1235/809/738 1242/808/737 1244/2580/1924 1238/2108/1571
f 1240/2107/1574 1247/2581/1925 1246/807/736 1237/806/735
f 1237/806/735 1248/805/672 1250/2582/1926 1241/2106/1573
f 1241/2106/1573 1250/2582/1926 1249/810/729 1235/809/738
f 687/2583/1927 1244/2580/1924 1242/1167/737 685/1166/748
f 610/889/631 1246/807/736 1247/2581/1925 612/2584/1907
f 709/800/730 1249/799/729 1250/2582/1926 711/2579/1923
f 711/2579/1923 1250/2582/1926 1248/727/672 710/726/671
f 1251/833/756 1258/832/755 1260/2585/1928 1254/2110/1575
f 1254/2110/1575 1260/2585/1928 1259/804/734 1252/803/733
f 1252/803/733 1261/802/732 1263/2586/1929 1256/2587/1578
f 1257/2112/1577 1266/2588/1930 1265/834/714 1251/833/756
f 713/865/758 1259/864/734 1260/2585/1928 714/2589/1931
f 714/2589/1931 1260/2585/1928 1258/847/755 712/846/727
f 699/2590/1932 1263/2586/1929 1261/802/732 697/909/766
f 700/779/715 1265/778/714 1266/2588/1930 702/2591/1918
f 1267/861/772 1274/860/771 1276/2592/1933 1270/2116/1579
f 1270/2116/1579 1276/2592/1933 1275/827/647 1268/826/750
f 1268/826/750 1277/825/749 1279/2593/1934 1272/2122/1582
f 1272/2122/1582 1279/2593/1934 1278/859/770 1269/858/769
f 1269/858/769 1280/837/759 1282/2594/1935 1273/2121/1581
f 1273/2121/1581 1282/2594/1935 1281/862/726 1267/861/772
f 715/701/648 1275/700/647 1276/2592/1933 717/2560/1906
f 717/2560/1906 1276/2592/1933 1274/872/771 716/863/773
f 719/893/635 1278/859/770 1279/2593/1934 720/2595/1936
f 720/2595/1936 1279/2593/1934 1277/825/749 718/875/781
f 712/794/727 1281/793/726 1282/2594/1935 714/2589/1931
f 714/2589/1931 1282/2594/1935 1280/837/759 713/836/758
f 1283/883/789 1290/882/788 1292/2596/1937 1286/2127/1583
f 1288/2128/1586 1295/2597/1938 1294/881/787 1285/880/786
f 1285/880/786 1296/688/636 1298/2598/1939 1289/2125/1585
f 1289/2125/1585 1298/2598/1939 1297/874/780 1283/883/789
f 684/2599/1940 1292/2596/1937 1290/882/788 682/1228/796
f 607/963/593 1294/962/787 1295/2597/1938 609/2600/1901
f 718/875/781 1297/874/780 1298/2598/1939 720/2595/1936
f 720/2595/1936 1298/2598/1939 1296/688/636 719/687/635
f 1299/903/804 1306/902/803 1308/2601/1941 1302/2129/1587
f 1302/2129/1587 1308/2601/1941 1307/879/785 1300/878/784
f 1300/878/784 1309/877/783 1311/2602/1942 1304/2132/1590
f 1305/2133/1589 1314/2603/1943 1313/904/765 1299/903/804
f 722/933/806 1307/879/785 1308/2601/1941 723/2604/1944
f 723/2604/1944 1308/2601/1941 1306/914/803 721/870/778
f 696/2605/1945 1311/2602/1942 1309/981/783 694/980/813
f 697/855/766 1313/854/765 1314/2603/1943 699/2606/1932
f 1315/929/819 1322/928/818 1324/2607/1946 1318/2608/1591
f 1318/2608/1591 1324/2607/1946 1323/897/609 1316/896/798
f 1316/896/798 1325/895/797 1327/2609/1947 1320/2137/1594
f 1320/2137/1594 1327/2609/1947 1326/927/817 1317/926/816
f 1317/926/816 1328/907/807 1330/2610/1948 1321/2136/1593
f 1321/2136/1593 1330/2610/1948 1329/930/777 1315/929/819
f 724/661/610 1323/660/609 1324/2607/1946 726/2554/1900
f 726/2554/1900 1324/2607/1946 1322/942/818 725/941/820
f 728/647/597 1326/966/817 1327/2609/1947 729/2611/1949
f 729/2611/1949 1327/2609/1947 1325/895/797 727/959/828
f 721/870/778 1329/869/777 1330/2610/1948 723/2604/1944
f 723/2604/1944 1330/2610/1948 1328/907/807 722/906/806
f 1331/954/835 1338/953/834 1340/2612/1950 1334/2140/1595
f 1336/2143/1598 1343/2613/1951 1342/952/712 1333/951/833
f 1333/951/833 1344/950/598 1346/2614/1952 1337/2142/1597
f 1337/2142/1597 1346/2614/1952 1345/944/827 1331/954/835
f 681/2615/1953 1340/2612/1950 1338/1285/834 679/965/842
f 604/775/555 1342/774/712 1343/2613/1951 606/2616/1895
f 727/945/828 1345/944/827 1346/2614/1952 729/2611/1949
f 729/2611/1949 1346/2614/1952 1344/648/598 728/647/597
f 1347/974/848 1354/973/847 1356/2617/1954 1350/2150/1599
f 1350/2150/1599 1356/2617/1954 1355/949/832 1348/948/831
f 1348/948/831 1357/947/830 1359/2618/1955 1352/2619/1602
f 1353/2621/1601 1362/2620/1956 1361/975/812 1347/974/848
f 731/977/850 1355/1006/832 1356/2617/1954 732/2622/1957
f 732/2622/1957 1356/2617/1954 1354/973/847 730/988/825
f 690/2623/1958 1359/2618/1955 1357/947/830 688/1052/859
f 694/922/813 1361/921/812 1362/2620/1956 696/2624/1945
f 1363/1003/865 1370/1002/864 1372/2625/1959 1366/2626/1603
f 1366/2626/1603 1372/2625/1959 1371/620/571 1364/969/844
f 1364/969/844 1373/968/843 1375/2627/1960 1368/2158/1606
f 1368/2158/1606 1375/2627/1960 1374/1001/863 1365/1000/862
f 1365/1000/862 1376/999/851 1378/2628/1961 1369/2155/1605
f 1369/2155/1605 1378/2628/1961 1377/937/824 1363/1003/865
f 733/621/572 1371/620/571 1372/2625/1959 735/2547/1894
f 735/2547/1894 1372/2625/1959 1370/1013/864 734/1005/866
f 737/1038/559 1374/1037/863 1375/2627/1960 738/2629/1962
f 738/2629/1962 1375/2627/1960 1373/1031/843 736/1030/874
f 730/938/825 1377/937/824 1378/2628/1961 732/2622/1957
f 732/2622/1957 1378/2628/1961 1376/978/851 731/977/850
f 1379/1024/881 1386/1023/880 1388/2630/1963 1382/2159/1607
f 1384/2162/1610 1391/2631/1964 1390/1022/664 1381/1021/879
f 1381/1021/879 1392/608/560 1394/2632/1965 1385/2164/1609
f 1385/2164/1609 1394/2632/1965 1393/1025/873 1379/1024/881
f 678/2633/1966 1388/2630/1963 1386/1350/880 676/1349/889
f 598/719/516 1390/718/664 1391/2631/1964 600/2634/1889
f 736/1016/874 1393/1015/873 1394/2632/1965 738/2629/1962
f 738/2629/1962 1394/2632/1965 1392/608/560 737/607/559
f 1395/1047/894 1402/1046/893 1404/2635/1967 1398/2165/1611
f 1398/2165/1611 1404/2635/1967 1403/1020/878 1396/1019/877
f 1396/1019/877 1405/1018/876 1407/2636/1968 1400/2168/1614
f 1401/2169/1613 1410/2637/1969 1409/994/858 1395/1047/894
f 740/1072/896 1403/1071/878 1404/2635/1967 741/2638/1970
f 741/2638/1970 1404/2635/1967 1402/1057/893 739/1056/871
f 603/2639/1919 1407/2636/1968 1405/1018/876 602/1034/887
f 688/995/859 1409/994/858 1410/2637/1969 690/2640/1958
f 1411/1068/904 1418/1067/903 1420/2641/1971 1414/2170/1615
f 1414/2170/1615 1420/2641/1971 1419/1043/533 1412/1042/891
f 1412/1042/891 1421/1041/890 1423/2642/1972 1416/2176/1618
f 1416/2176/1618 1423/2642/1972 1422/1066/902 1413/1065/901
f 1413/1065/901 1424/1050/897 1426/2643/1973 1417/2175/1617
f 1417/2175/1617 1426/2643/1973 1425/1010/870 1411/1068/904
f 742/581/534 1419/580/533 1420/2641/1971 744/2541/1888
f 744/2541/1888 1420/2641/1971 1418/1079/903 743/1070/905
f 746/567/521 1422/1100/902 1423/2642/1972 747/2644/1974
f 747/2644/1974 1423/2642/1972 1421/1095/890 745/1082/913
f 739/1011/871 1425/1010/870 1426/2643/1973 741/2638/1970
f 741/2638/1970 1426/2643/1973 1424/1050/897 740/1049/896
f 1427/1089/918 1434/1088/917 1436/2645/1975 1430/2177/1619
f 1432/2182/1622 1439/2646/1976 1438/721/666 1429/1087/916
f 1429/1087/916 1440/1086/522 1442/2647/1977 1433/2179/1621
f 1433/2179/1621 1442/2647/1977 1441/1090/912 1427/1089/918
f 675/2648/1978 1436/2645/1975 1434/1408/917 673/1099/924
f 691/722/667 1438/721/666 1439/2646/1976 693/2649/1913
f 745/1082/913 1441/1081/912 1442/2647/1977 747/2644/1974
f 747/2644/1974 1442/2647/1977 1440/568/522 746/567/521
f 1443/1109/931 1450/1108/930 1452/2650/1979 1446/2183/1623
f 1446/2183/1623 1452/2650/1979 1451/1085/915 1444/1084/914
f 1444/1084/914 1453/1083/628 1455/2651/1980 1448/2186/1626
f 1449/2188/1625 1458/2652/1981 1457/1110/932 1443/1109/931
f 749/1136/934 1451/1135/915 1452/2650/1979 750/2653/1982
f 750/2653/1982 1452/2650/1979 1450/1121/930 748/1077/910
f 597/2565/1911 1455/2651/1980 1453/679/628 596/678/627
f 557/385/348 1457/1651/932 1458/2652/1981 558/2654/1983
f 1459/1131/946 1466/1130/945 1468/2655/1984 1462/2194/1627
f 1462/2194/1627 1468/2655/1984 1467/539/494 1460/1104/926
f 1460/1104/926 1469/1103/925 1471/2656/1985 1464/2193/1630
f 1464/2193/1630 1471/2656/1985 1470/1129/944 1461/1128/943
f 1461/1128/943 1472/1127/935 1474/2657/1986 1465/2195/1629
f 1465/2195/1629 1474/2657/1986 1473/1132/909 1459/1131/946
f 751/540/495 1467/539/494 1468/2655/1984 753/2535/1882
f 753/2535/1882 1468/2655/1984 1466/1145/945 752/1144/947
f 755/1165/484 1470/1129/944 1471/2656/1985 756/2658/1987
f 756/2658/1987 1471/2656/1985 1469/1103/925 754/1148/955
f 748/1077/910 1473/1076/909 1474/2657/1986 750/2653/1982
f 750/2653/1982 1474/2657/1986 1472/1113/935 749/1112/934
f 1475/1155/960 1482/1154/959 1484/2659/1988 1478/2196/1631
f 1480/2199/1634 1487/2660/1989 1486/1153/747 1477/1152/958
f 1477/1152/958 1488/1151/485 1490/2661/1990 1481/2662/1633
f 1481/2662/1633 1490/2661/1990 1489/1147/954 1475/1155/960
f 669/2663/1991 1484/2659/1988 1482/1420/959 667/1164/967
f 685/821/748 1486/820/747 1487/2660/1989 687/2583/1927
f 754/1148/955 1489/1147/954 1490/2661/1990 756/2658/1987
f 756/2658/1987 1490/2661/1990 1488/530/485 755/529/484
f 1491/1174/974 1498/1173/973 1500/2664/1992 1494/2205/1635
f 1494/2205/1635 1500/2664/1992 1499/1150/957 1492/1149/956
f 1492/1149/956 1501/639/590 1503/2665/1993 1496/2204/1638
f 1497/2206/1637 1506/2666/1994 1505/1175/975 1491/1174/974
f 758/1177/977 1499/1150/957 1500/2664/1992 759/2667/1995
f 759/2667/1995 1500/2664/1992 1498/1173/973 757/1185/952
f 594/2559/1905 1503/2665/1993 1501/639/590 593/638/589
f 581/1421/476 1505/1175/975 1506/2666/1994 582/2668/1996
f 1507/1197/991 1514/1196/990 1516/2669/1997 1510/2207/1639
f 1510/2207/1639 1516/2669/1997 1515/506/462 1508/1169/969
f 1508/1169/969 1517/1168/968 1519/2670/1998 1512/2210/1642
f 1512/2210/1642 1519/2670/1998 1518/1195/989 1509/1194/988
f 1509/1194/988 1520/1178/978 1522/2671/1999 1513/2209/1641
f 1513/2209/1641 1522/2671/1999 1521/1140/951 1507/1197/991
f 760/507/463 1515/506/462 1516/2669/1997 762/2528/1877
f 762/2528/1877 1516/2669/1997 1514/1207/990 761/1199/992
f 764/495/452 1518/1227/989 1519/2670/1998 765/2672/2000
f 765/2672/2000 1519/2670/1998 1517/1223/968 763/1210/1000
f 757/1141/952 1521/1140/951 1522/2671/1999 759/2667/1995
f 759/2667/1995 1522/2671/1999 1520/1178/978 758/1177/977
f 1523/1218/1005 1530/1217/1004 1532/2673/2001 1526/2217/1643
f 1528/2218/1646 1535/2674/2002 1534/1216/795 1525/1215/1003
f 1525/1215/1003 1536/1214/453 1538/2675/2003 1529/2215/1645
f 1529/2215/1645 1538/2675/2003 1537/1209/999 1523/1218/1005
f 663/2676/2004 1532/2673/2001 1530/1472/1004 661/1226/1012
f 682/891/796 1534/890/795 1535/2674/2002 684/2599/1940
f 763/1210/1000 1537/1209/999 1538/2675/2003 765/2672/2000
f 765/2672/2000 1538/2675/2003 1536/496/453 764/495/452
f 1539/1236/1019 1546/1235/1018 1548/2677/2005 1542/2219/1647
f 1542/2219/1647 1548/2677/2005 1547/1213/1002 1540/1212/1001
f 1540/1212/1001 1549/1211/552 1551/2678/2006 1544/2222/1650
f 1545/2221/1649 1554/2679/2007 1553/1237/1020 1539/1236/1019
f 767/1258/1022 1547/1213/1002 1548/2677/2005 768/2680/2008
f 768/2680/2008 1548/2677/2005 1546/1247/1018 766/1246/997
f 591/2553/1899 1551/2678/2006 1549/599/552 590/598/551
f 575/487/444 1553/1473/1020 1554/2679/2007 576/2681/2009
f 1555/1255/1033 1562/1254/1032 1564/2682/2010 1558/2224/1651
f 1558/2224/1651 1564/2682/2010 1563/472/430 1556/1230/1014
f 1556/1230/1014 1565/1229/1013 1567/2683/2011 1560/2228/1654
f 1560/2228/1654 1567/2683/2011 1566/1253/1031 1557/1252/1030
f 1557/1252/1030 1568/1240/1023 1570/2684/2012 1561/2226/1653
f 1561/2226/1653 1570/2684/2012 1569/1256/996 1555/1255/1033
f 769/473/431 1563/472/430 1564/2682/2010 771/2523/1872
f 771/2523/1872 1564/2682/2010 1562/1254/1032 770/1257/1034
f 773/461/420 1566/1284/1031 1567/2683/2011 774/2685/2013
f 774/2685/2013 1567/2683/2011 1565/1279/1013 772/1278/1042
f 766/1204/997 1569/1203/996 1570/2684/2012 768/2680/2008
f 768/2680/2008 1570/2684/2012 1568/1240/1023 767/1239/1022
f 1571/1272/1047 1578/1271/1046 1580/2686/2014 1574/2229/1655
f 1576/2232/1658 1583/2687/2015 1582/964/841 1573/1270/1045
f 1573/1270/1045 1584/462/421 1586/2688/2016 1577/2233/1657
f 1577/2233/1657 1586/2688/2016 1585/1265/1041 1571/1272/1047
f 657/2689/2017 1580/2686/2014 1578/1532/1046 655/1531/1054
f 679/965/842 1582/964/841 1583/2687/2015 681/2615/1953
f 772/1266/1042 1585/1265/1041 1586/2688/2016 774/2685/2013
f 774/2685/2013 1586/2688/2016 1584/462/421 773/461/420
f 1587/1293/1061 1594/1292/1060 1596/2690/2018 1590/2238/1659
f 1590/2238/1659 1596/2690/2018 1595/1269/1044 1588/1268/1043
f 1588/1268/1043 1597/1267/513 1599/2691/2019 1592/2239/1662
f 1593/2236/1661 1602/2692/2020 1601/1294/1062 1587/1293/1061
f 776/1297/1064 1595/1269/1044 1596/2690/2018 777/2693/2021
f 777/2693/2021 1596/2690/2018 1594/1305/1060 775/1263/1039
f 588/2546/1893 1599/2691/2019 1597/558/513 587/557/512
f 569/1535/412 1601/1534/1062 1602/2692/2020 570/2694/2022
f 1603/1315/1075 1610/1314/1074 1612/2695/2023 1606/2244/1663
f 1606/2244/1663 1612/2695/2023 1611/439/398 1604/1287/1056
f 1604/1287/1056 1613/1286/1055 1615/2696/2024 1608/2243/1666
f 1608/2243/1666 1615/2696/2024 1614/1313/1073 1605/1312/1072
f 1605/1312/1072 1616/1298/1065 1618/2697/2025 1609/2242/1665
f 1609/2242/1665 1618/2697/2025 1617/1316/1038 1603/1315/1075
f 778/440/399 1611/439/398 1612/2695/2023 780/2518/1867
f 780/2518/1867 1612/2695/2023 1610/1326/1074 779/1318/1076
f 782/427/388 1614/1313/1073 1615/2696/2024 783/2698/2026
f 783/2698/2026 1615/2696/2024 1613/1344/1055 781/1343/1084
f 775/1263/1039 1617/1262/1038 1618/2697/2025 777/2693/2021
f 777/2693/2021 1618/2697/2025 1616/1298/1065 776/1297/1064
f 1619/1337/1089 1626/1336/1088 1628/2699/2027 1622/2246/1667
f 1624/2249/1670 1631/2700/2028 1630/1335/888 1621/1334/1087
f 1621/1334/1087 1632/1333/389 1634/2701/2029 1625/2250/1669
f 1625/2250/1669 1634/2701/2029 1633/1338/1083 1619/1337/1089
f 651/2702/2030 1628/2699/2027 1626/1336/1088 649/1348/1096
f 676/1036/889 1630/1035/888 1631/2700/2028 678/2633/1966
f 781/1329/1084 1633/1328/1083 1634/2701/2029 783/2698/2026
f 783/2698/2026 1634/2701/2029 1632/428/389 782/427/388
f 1635/1358/1103 1642/1357/1102 1644/2703/2031 1638/2255/1671
f 1638/2255/1671 1644/2703/2031 1643/1332/1086 1636/1331/1085
f 1636/1331/1085 1645/1330/984 1647/2704/2032 1640/2257/1674
f 1641/2256/1673 1650/2705/2033 1649/1359/1104 1635/1358/1103
f 785/1361/1106 1643/1382/1086 1644/2703/2031 786/2706/2034
f 786/2706/2034 1644/2703/2031 1642/1369/1102 784/1323/1081
f 585/2540/1887 1647/2704/2032 1645/1187/984 584/1186/983
f 563/1597/380 1649/1596/1104 1650/2705/2033 564/2707/2035
f 1651/1378/1117 1658/1377/1116 1660/2708/2036 1654/2262/1675
f 1654/2262/1675 1660/2708/2036 1659/404/366 1652/1352/1098
f 1652/1352/1098 1661/1351/1097 1663/2709/2037 1656/2261/1678
f 1656/2261/1678 1663/2709/2037 1662/1376/1115 1653/1375/1114
f 1653/1375/1114 1664/1362/1107 1666/2710/2038 1657/2263/1677
f 1657/2263/1677 1666/2710/2038 1665/1379/1080 1651/1378/1117
f 787/405/367 1659/404/366 1660/2708/2036 789/2513/1862
f 789/2513/1862 1660/2708/2036 1658/1377/1116 788/1381/1118
f 791/393/356 1662/1376/1115 1663/2709/2037 792/2711/2039
f 792/2711/2039 1663/2709/2037 1661/1351/1097 790/1402/1126
f 784/1323/1081 1665/1322/1080 1666/2710/2038 786/2706/2034
f 786/2706/2034 1666/2710/2038 1664/1362/1107 785/1361/1106
f 1667/1397/1131 1674/1396/1130 1676/2712/2040 1670/2265/1679
f 1672/2268/1682 1679/2713/2041 1678/1395/923 1669/1394/1129
f 1669/1394/1129 1680/394/357 1682/2714/2042 1673/2269/1681
f 1673/2269/1681 1682/2714/2042 1681/1389/1125 1667/1397/1131
f 645/2715/2043 1676/2712/2040 1674/1650/1130 643/1407/1139
f 673/1099/924 1678/1098/923 1679/2713/2041 675/2648/1978
f 790/1390/1126 1681/1389/1125 1682/2714/2042 792/2711/2039
f 792/2711/2039 1682/2714/2042 1680/394/357 791/393/356
f 1683/1414/1144 1690/1413/1143 1692/2716/2044 1686/2270/1683
f 1686/2270/1683 1692/2716/2044 1691/1393/1128 1684/1392/1127
f 1684/1392/1127 1693/1391/477 1695/2717/2045 1688/2275/1686
f 1689/2272/1685 1698/2718/2046 1697/1415/966 1683/1414/1144
f 794/1417/1146 1691/1434/1128 1692/2716/2044 795/2719/2047
f 795/2719/2047 1692/2716/2044 1690/1413/1143 793/1422/1123
f 582/2668/1996 1695/2717/2045 1693/522/477 581/521/476
f 667/1164/967 1697/1163/966 1698/2718/2046 669/2663/1991
f 1699/1430/1154 1706/1429/1153 1708/2720/2048 1702/2276/1687
f 1702/2276/1687 1708/2720/2048 1707/371/334 1700/1410/1141
f 1700/1410/1141 1709/1409/1140 1711/2721/2049 1704/2280/1690
f 1704/2280/1690 1711/2721/2049 1710/1428/1152 1701/1427/1151
f 1701/1427/1151 1712/1426/1147 1714/2722/2050 1705/2278/1689
f 1705/2278/1689 1714/2722/2050 1713/1431/1122 1699/1430/1154
f 796/372/335 1707/371/334 1708/2720/2048 798/2508/1857
f 798/2508/1857 1708/2720/2048 1706/1440/1153 797/1433/1155
f 800/359/322 1710/1428/1152 1711/2721/2049 801/2723/2051
f 801/2723/2051 1711/2721/2049 1709/1409/1140 799/1455/1163
f 793/1387/1123 1713/1386/1122 1714/2722/2050 795/2719/2047
f 795/2719/2047 1714/2722/2050 1712/1418/1147 794/1417/1146
f 1715/1451/1168 1722/1450/1167 1724/2724/2052 1718/2281/1691
f 1720/2284/1694 1727/2725/2053 1726/1449/448 1717/1448/1166
f 1717/1448/1166 1728/1447/323 1730/2726/2054 1721/2283/1693
f 1721/2283/1693 1730/2726/2054 1729/1442/1162 1715/1451/1168
f 642/2727/2055 1724/2724/2052 1722/1758/1167 640/1757/1174
f 670/492/449 1726/491/448 1727/2725/2053 672/2529/1878
f 799/1443/1163 1729/1442/1162 1730/2726/2054 801/2723/2051
f 801/2723/2051 1730/2726/2054 1728/360/323 800/359/322
f 1731/1467/1179 1738/1466/1178 1740/2728/2056 1734/2287/1695
f 1734/2287/1695 1740/2728/2056 1739/1446/1165 1732/1445/1164
f 1732/1445/1164 1741/1444/445 1743/2729/2057 1736/2290/1698
f 1737/2289/1697 1746/2730/2058 1745/1225/1011 1731/1467/1179
f 803/1490/1181 1739/1489/1165 1740/2728/2056 804/2731/2059
f 804/2731/2059 1740/2728/2056 1738/1474/1178 802/1439/1160
f 576/2681/2009 1743/2729/2057 1741/488/445 575/487/444
f 661/1226/1012 1745/1225/1011 1746/2730/2058 663/2676/2004
f 1747/1485/1189 1754/1484/1188 1756/2732/2060 1750/2292/1699
f 1750/2292/1699 1756/2732/2060 1755/1463/300 1748/1462/1176
f 1748/1462/1176 1757/1461/1175 1759/2733/2061 1752/2297/1702
f 1752/2297/1702 1759/2733/2061 1758/1483/1187 1749/1482/1186
f 1749/1482/1186 1760/1481/1182 1762/2734/2062 1753/2296/1701
f 1753/2296/1701 1762/2734/2062 1761/1486/1159 1747/1485/1189
f 805/337/301 1755/336/300 1756/2732/2060 807/2502/1851
f 807/2502/1851 1756/2732/2060 1754/1497/1188 806/1488/1190
f 809/1519/288 1758/1518/1187 1759/2733/2061 810/2735/2063
f 810/2735/2063 1759/2733/2061 1757/1512/1175 808/1500/1198
f 802/1439/1160 1761/1438/1159 1762/2734/2062 804/2731/2059
f 804/2731/2059 1762/2734/2062 1760/1470/1182 803/1469/1181
f 1763/1506/1203 1770/1505/1202 1772/2736/2064 1766/2298/1703
f 1768/2301/1706 1775/2737/2065 1774/457/416 1765/1504/1201
f 1765/1504/1201 1776/1503/289 1778/2738/2066 1769/2300/1705
f 1769/2300/1705 1778/2738/2066 1777/1507/1197 1763/1506/1203
f 639/2739/2067 1772/2736/2064 1770/1818/1202 637/1817/1210
f 664/458/417 1774/457/416 1775/2737/2065 666/2524/1873
f 808/1500/1198 1777/1499/1197 1778/2738/2066 810/2735/2063
f 810/2735/2063 1778/2738/2066 1776/325/289 809/324/288
f 1779/1526/1215 1786/1525/1214 1788/2740/2068 1782/2306/1707
f 1782/2306/1707 1788/2740/2068 1787/1502/1200 1780/1501/1199
f 1780/1501/1199 1789/454/413 1791/2741/2069 1784/2308/1710
f 1785/2304/1709 1794/2742/2070 1793/1282/1053 1779/1526/1215
f 812/1552/1217 1787/1551/1200 1788/2740/2068 813/2743/2071
f 813/2743/2071 1788/2740/2068 1786/1537/1214 811/1536/1195
f 570/2744/2022 1791/2741/2069 1789/454/413 569/453/412
f 655/1283/1054 1793/1282/1053 1794/2742/2070 657/2689/2017
f 1795/1549/1225 1802/1548/1224 1804/2745/2072 1798/2313/1711
f 1798/2313/1711 1804/2745/2072 1803/1522/262 1796/1521/1212
f 1796/1521/1212 1805/1520/1211 1807/2746/2073 1800/2747/1714
f 1800/2747/1714 1807/2746/2073 1806/1547/1223 1797/1546/1222
f 1797/1546/1222 1808/1545/1218 1810/2748/2074 1801/2311/1713
f 1801/2311/1713 1810/2748/2074 1809/1494/1194 1795/1549/1225
f 814/299/263 1803/298/262 1804/2745/2072 816/2495/1845
f 816/2495/1845 1804/2745/2072 1802/1548/1224 815/1560/1226
f 818/287/251 1806/1583/1223 1807/2746/2073 819/2749/2075
f 819/2749/2075 1807/2746/2073 1805/1576/1211 817/1563/1234
f 811/1495/1195 1809/1494/1194 1810/2748/2074 813/2743/2071
f 813/2743/2071 1810/2748/2074 1808/1529/1218 812/1528/1217
f 1811/1570/1239 1818/1569/1238 1820/2750/2076 1814/2315/1715
f 1816/2318/1718 1823/2751/2077 1822/1568/384 1813/1567/1237
f 1813/1567/1237 1824/288/252 1826/2752/2078 1817/2320/1717
f 1817/2320/1717 1826/2752/2078 1825/1571/1233 1811/1570/1239
f 633/2753/2079 1820/2750/2076 1818/1878/1238 631/1582/1246
f 658/424/385 1822/423/384 1823/2751/2077 660/2754/1868
f 817/1563/1234 1825/1562/1233 1826/2752/2078 819/2749/2075
f 819/2749/2075 1826/2752/2078 1824/288/252 818/287/251
f 1827/1591/1251 1834/1590/1250 1836/2755/2080 1830/2322/1719
f 1830/2322/1719 1836/2755/2080 1835/1566/1236 1828/1565/1235
f 1828/1565/1235 1837/1564/381 1839/2756/2081 1832/2325/1722
f 1833/2326/1721 1842/2757/2082 1841/1347/1095 1827/1591/1251
f 821/1610/1253 1835/1566/1236 1836/2755/2080 822/2758/2083
f 822/2758/2083 1836/2755/2080 1834/1590/1250 820/1557/1231
f 564/2707/2035 1839/2756/2081 1837/420/381 563/419/380
f 649/1348/1096 1841/1347/1095 1842/2757/2082 651/2702/2030
f 1843/1606/1261 1850/1605/1260 1852/2759/2084 1846/2327/1723
f 1846/2327/1723 1852/2759/2084 1851/1587/229 1844/1586/1248
f 1844/1586/1248 1853/1585/1247 1855/2760/2085 1848/2761/1726
f 1848/2761/1726 1855/2760/2085 1854/1604/1259 1845/1603/1258
f 1845/1603/1258 1856/1602/1254 1858/2762/2086 1849/2329/1725
f 1849/2329/1725 1858/2762/2086 1857/1607/1230 1843/1606/1261
f 823/264/230 1851/263/229 1852/2759/2084 825/2489/1839
f 825/2489/1839 1852/2759/2084 1850/1605/1260 824/1609/1262
f 827/1637/217 1854/1636/1259 1855/2760/2085 828/2763/2087
f 828/2763/2087 1855/2760/2085 1853/1585/1247 826/1631/1270
f 820/1557/1231 1857/1556/1230 1858/2762/2086 822/2758/2083
f 822/2758/2083 1858/2762/2086 1856/1594/1254 821/1593/1253
f 1859/1625/1275 1866/1624/1274 1868/2764/2088 1862/2332/1727
f 1864/2766/1730 1871/2765/2089 1870/1623/352 1861/1622/1273
f 1861/1622/1273 1872/252/218 1874/2767/2090 1865/2337/1729
f 1865/2337/1729 1874/2767/2090 1873/1618/1269 1859/1625/1275
f 621/2768/2091 1868/2764/2088 1866/1976/1274 619/1975/1283
f 652/390/353 1870/389/352 1871/2765/2089 654/2514/1863
f 826/1619/1270 1873/1618/1269 1874/2767/2090 828/2763/2087
f 828/2763/2087 1874/2767/2090 1872/252/218 827/251/217
f 1875/1644/1288 1882/1643/1287 1884/2769/2092 1878/2339/1731
f 1878/2339/1731 1884/2769/2092 1883/1621/1272 1876/1620/1271
f 1876/1620/1271 1885/386/349 1887/2770/2093 1880/2342/1734
f 1881/2341/1733 1890/2771/2094 1889/1645/1138 1875/1644/1288
f 830/1647/1290 1883/1665/1272 1884/2769/2092 831/2772/2095
f 831/2772/2095 1884/2769/2092 1882/1643/1287 829/1615/1267
f 558/2654/1983 1887/2770/2093 1885/386/349 557/385/348
f 643/1407/1139 1889/1406/1138 1890/2771/2094 645/2715/2043
f 1891/1661/1298 1898/1660/1297 1900/2773/2096 1894/2343/1735
f 1894/2343/1735 1900/2773/2096 1899/1640/195 1892/1639/1285
f 1892/1639/1285 1901/1638/1284 1903/2774/2097 1896/2346/1738
f 1896/2346/1738 1903/2774/2097 1902/1659/1296 1893/1658/1295
f 1893/1658/1295 1904/1648/1291 1906/2775/2098 1897/2345/1737
f 1897/2345/1737 1906/2775/2098 1905/1662/1266 1891/1661/1298
f 832/228/196 1899/227/195 1900/2773/2096 834/2482/1833
f 834/2482/1833 1900/2773/2096 1898/1674/1297 833/1673/1299
f 836/1695/186 1902/1659/1296 1903/2774/2097 837/2776/2099
f 837/2776/2099 1903/2774/2097 1901/1638/1284 835/1690/1307
f 829/1615/1267 1905/1614/1266 1906/2775/2098 831/2772/2095
f 831/2772/2095 1906/2775/2098 1904/1648/1291 830/1647/1290
f 1907/1684/1312 1914/1683/1311 1916/2777/2100 1910/2348/1739
f 1912/2351/1742 1919/2778/2101 1918/1682/480 1909/1681/1310
f 1909/1681/1310 1920/1680/187 1922/2779/2102 1913/2350/1741
f 1913/2350/1741 1922/2779/2102 1921/1676/1306 1907/1684/1312
f 624/2780/2103 1916/2777/2100 1914/1683/1311 622/1694/1319
f 646/526/481 1918/525/480 1919/2778/2101 648/2536/1883
f 835/1677/1307 1921/1676/1306 1922/2779/2102 837/2776/2099
f 837/2776/2099 1922/2779/2102 1920/218/187 836/217/186
f 1923/1703/1326 1930/1702/1325 1932/2781/2104 1926/2353/1743
f 1926/2353/1743 1932/2781/2104 1931/1679/1309 1924/1678/1308
f 1924/1678/1308 1933/317/281 1935/2782/2105 1928/2357/1746
f 1929/2355/1745 1938/2783/2106 1937/1704/1327 1923/1703/1326
f 839/1707/1329 1931/1679/1309 1932/2781/2104 840/2784/2107
f 840/2784/2107 1932/2781/2104 1930/1702/1325 838/1713/1304
f 552/2507/1856 1935/2782/2105 1933/317/281 551/316/280
f 536/1892/179 1937/1704/1327 1938/2783/2106 537/2785/2108
f 1939/1724/1340 1946/1723/1339 1948/2786/2109 1942/2358/1747
f 1942/2358/1747 1948/2786/2109 1947/194/165 1940/1698/1321
f 1940/1698/1321 1949/1697/1320 1951/2787/2110 1944/2363/1750
f 1944/2363/1750 1951/2787/2110 1950/1722/1338 1941/1721/1337
f 1941/1721/1337 1952/1720/1330 1954/2788/2111 1945/2362/1749
f 1945/2362/1749 1954/2788/2111 1953/1725/1303 1939/1724/1340
f 841/195/166 1947/194/165 1948/2786/2109 843/2476/1828
f 843/2476/1828 1948/2786/2109 1946/1723/1339 842/1732/1341
f 845/1756/155 1950/1755/1338 1951/2787/2110 846/2789/2112
f 846/2789/2112 1951/2787/2110 1949/1749/1320 844/1748/1349
f 838/1670/1304 1953/1669/1303 1954/2788/2111 840/2784/2107
f 840/2784/2107 1954/2788/2111 1952/1708/1330 839/1707/1329
f 1955/1743/1354 1962/1742/1353 1964/2790/2113 1958/2364/1751
f 1960/2367/1754 1967/2791/2114 1966/1741/1173 1957/1740/1352
f 1957/1740/1352 1968/1739/156 1970/2792/2115 1961/2366/1753
f 1961/2366/1753 1970/2792/2115 1969/1734/1348 1955/1743/1354
f 636/2793/2116 1964/2790/2113 1962/1742/1353 634/1771/1361
f 640/1459/1174 1966/1458/1173 1967/2791/2114 642/2727/2055
f 844/1735/1349 1969/1734/1348 1970/2792/2115 846/2789/2112
f 846/2789/2112 1970/2792/2115 1968/182/156 845/181/155
f 1971/1765/1366 1978/1764/1365 1980/2794/2117 1974/2373/1755
f 1974/2373/1755 1980/2794/2117 1979/1738/1351 1972/1737/1350
f 1972/1737/1350 1981/1736/148 1983/2795/2118 1976/2372/1758
f 1977/2371/1757 1986/2796/2119 1985/1766/1360 1971/1765/1366
f 848/1788/1368 1979/1738/1351 1980/2794/2117 849/2797/2120
f 849/2797/2120 1980/2794/2117 1978/1775/1365 847/1774/1346
f 549/2501/1850 1983/2795/2118 1981/172/148 548/171/147
f 634/1754/1361 1985/1753/1360 1986/2796/2119 636/2798/2116
f 1987/1784/1376 1994/1783/1375 1996/2799/2121 1990/2800/1759
f 1990/2800/1759 1996/2799/2121 1995/1761/133 1988/1760/1363
f 1988/1760/1363 1997/1759/1362 1999/2801/2122 1992/2382/1762
f 1992/2382/1762 1999/2801/2122 1998/1782/1374 1989/1781/1373
f 1989/1781/1373 2000/1780/1369 2002/2802/2123 1993/2381/1761
f 1993/2381/1761 2002/2802/2123 2001/1785/1345 1987/1784/1376
f 850/156/134 1995/155/133 1996/2799/2121 852/2470/1823
f 852/2470/1823 1996/2799/2121 1994/1783/1375 851/1794/1377
f 854/143/124 1998/1816/1374 1999/2801/2122 855/2803/2124
f 855/2803/2124 1999/2801/2122 1997/1809/1362 853/1808/1385
f 847/1731/1346 2001/1730/1345 2002/2802/2123 849/2797/2120
f 849/2797/2120 2002/2802/2123 2000/1769/1369 848/1768/1368
f 2003/1803/1390 2010/1802/1389 2012/2804/2125 2006/2805/1763
f 2008/2386/1766 2015/2806/2126 2014/1801/1209 2005/1800/1388
f 2005/1800/1388 2016/144/125 2018/2807/2127 2009/2385/1765
f 2009/2385/1765 2018/2807/2127 2017/1796/1384 2003/1803/1390
f 630/2808/2128 2012/2804/2125 2010/1802/1389 628/1831/1397
f 637/1517/1210 2014/1516/1209 2015/2806/2126 639/2739/2067
f 853/1797/1385 2017/1796/1384 2018/2807/2127 855/2803/2124
f 855/2803/2124 2018/2807/2127 2016/144/125 854/143/124
f 2019/1825/1402 2026/1824/1401 2028/2809/2129 2022/2810/1767
f 2022/2810/1767 2028/2809/2129 2027/1799/1387 2020/1798/1386
f 2020/1798/1386 2029/134/118 2031/2811/2130 2024/2392/1770
f 2025/2391/1769 2034/2812/2131 2033/1826/1396 2019/1825/1402
f 857/1828/1404 2027/1848/1387 2028/2809/2129 858/2813/2132
f 858/2813/2132 2028/2809/2129 2026/1824/1401 856/1793/1382
f 543/2494/1844 2031/2811/2130 2029/134/118 542/133/117
f 628/1815/1397 2033/1814/1396 2034/2812/2131 630/2814/2128
f 2035/1844/1412 2042/1843/1411 2044/2815/2133 2038/2394/1771
f 2038/2394/1771 2044/2815/2133 2043/1821/103 2036/1820/1399
f 2036/1820/1399 2045/1819/1398 2047/2816/2134 2040/2397/1774
f 2040/2397/1774 2047/2816/2134 2046/1842/1410 2037/1841/1409
f 2037/1841/1409 2048/1840/1405 2050/2817/2135 2041/2396/1773
f 2041/2396/1773 2050/2817/2135 2049/1845/1381 2035/1844/1412
f 859/118/104 2043/117/103 2044/2815/2133 861/2463/1818
f 861/2463/1818 2044/2815/2133 2042/1854/1411 860/1847/1413
f 863/106/94 2046/1877/1410 2047/2816/2134 864/2818/2136
f 864/2818/2136 2047/2816/2134 2045/1870/1398 862/1869/1421
f 856/1793/1382 2049/1792/1381 2050/2817/2135 858/2813/2132
f 858/2813/2132 2050/2817/2135 2048/1829/1405 857/1828/1404
f 2051/1864/1426 2058/1863/1425 2060/2819/2137 2054/2399/1775
f 2056/2402/1778 2063/2820/2138 2062/1862/1245 2053/1861/1424
f 2053/1861/1424 2064/107/95 2066/2821/2139 2057/2403/1777
f 2057/2403/1777 2066/2821/2139 2065/1856/1420 2051/1864/1426
f 615/2822/2140 2060/2819/2137 2058/1863/1425 613/1946/1431
f 631/1582/1246 2062/1581/1245 2063/2820/2138 633/2753/2079
f 862/1857/1421 2065/1856/1420 2066/2821/2139 864/2818/2136
f 864/2818/2136 2066/2821/2139 2064/107/95 863/106/94
f 2067/1885/1436 2074/1884/1435 2076/2823/2141 2070/2409/1779
f 2070/2409/1779 2076/2823/2141 2075/1860/1423 2068/1859/1422
f 2068/1859/1422 2077/1858/180 2079/2824/2142 2072/2411/1782
f 2073/2410/1781 2082/2825/2143 2081/1886/1318 2067/1885/1436
f 866/1908/1438 2075/1907/1423 2076/2823/2141 867/2826/2144
f 867/2826/2144 2076/2823/2141 2074/1893/1435 865/1853/1418
f 537/2827/2108 2079/2824/2142 2077/210/180 536/209/179
f 622/1694/1319 2081/1693/1318 2082/2825/2143 624/2780/2103
f 2083/1904/1445 2090/1903/1444 2092/2828/2145 2086/2412/1783
f 2086/2412/1783 2092/2828/2145 2091/1881/74 2084/1880/1433
f 2084/1880/1433 2093/1879/1432 2095/2829/2146 2088/2415/1786
f 2088/2415/1786 2095/2829/2146 2094/1902/1443 2085/1901/1442
f 2085/1901/1442 2096/1900/1439 2098/2830/2147 2089/2414/1785
f 2089/2414/1785 2098/2830/2147 2097/1852/1417 2083/1904/1445
f 868/81/75 2091/80/74 2092/2828/2145 870/2455/1813
f 870/2455/1813 2092/2828/2145 2090/1903/1444 869/1915/1446
f 872/67/62 2094/1902/1443 2095/2829/2146 873/2831/2148
f 873/2831/2148 2095/2829/2146 2093/1930/1432 871/1929/1453
f 865/1853/1418 2097/1852/1417 2098/2830/2147 867/2826/2144
f 867/2826/2144 2098/2830/2147 2096/1889/1439 866/1888/1438
f 2099/1925/1457 2106/1924/18 2108/2832/2149 2102/2418/1787
f 2104/2421/1790 2111/2833/2150 2110/1923/151 2101/1922/1456
f 2101/1922/1456 2112/1921/63 2114/2834/2151 2105/2423/1789
f 2105/2423/1789 2114/2834/2151 2113/1926/1452 2099/1925/1457
f 618/2835/1806 2108/2832/2149 2106/18/18 617/17/17
f 625/176/152 2110/175/151 2111/2833/2150 627/2836/1829
f 871/1917/1453 2113/1916/1452 2114/2834/2151 873/2831/2148
f 873/2831/2148 2114/2834/2151 2112/68/63 872/67/62
f 2115/1941/1465 2122/1940/1464 2124/2837/2152 2118/2425/1791
f 2118/2425/1791 2124/2837/2152 2123/1920/1455 2116/1919/1454
f 2116/1919/1454 2125/1918/55 2127/2838/2153 2120/2430/1794
f 2121/2427/1793 2130/2839/2154 2129/1875/1430 2115/1941/1465
f 875/1943/1467 2123/1920/1455 2124/2837/2152 876/2840/2155
f 876/2840/2155 2124/2837/2152 2122/1947/1464 874/1913/1451
f 531/2488/1838 2127/2838/2153 2125/58/55 530/57/54
f 613/1876/1431 2129/1875/1430 2130/2839/2154 615/2841/2140
f 2131/1954/1474 2138/1953/1473 2140/2842/2156 2134/2843/1795
f 2134/2843/1795 2140/2842/2156 2139/39/36 2132/1938/1462
f 2132/1938/1462 2141/1937/1461 2143/2844/2157 2136/2434/1798
f 2136/2434/1798 2143/2844/2157 2142/1952/1472 2133/1951/1471
f 2133/1951/1471 2144/1944/1468 2146/2845/2158 2137/2433/1797
f 2137/2433/1797 2146/2845/2158 2145/1955/1450 2131/1954/1474
f 877/40/37 2139/39/36 2140/2842/2156 879/2449/1807
f 879/2449/1807 2140/2842/2156 2138/1953/1473 878/1956/1475
f 881/28/26 2142/1952/1472 2143/2844/2157 882/2846/2159
f 882/2846/2159 2143/2844/2157 2141/1972/1461 880/1963/1480
f 874/1913/1451 2145/1912/1450 2146/2845/2158 876/2840/2155
f 876/2840/2155 2146/2845/2158 2144/1944/1468 875/1943/1467
f 2147/1968/1482 2154/1967/88 2156/2847/2160 2150/2437/1799
f 2152/2440/1802 2159/2848/2161 2158/1966/1282 2149/1965/1481
f 2149/1965/1481 2160/1964/27 2162/2849/2162 2153/2441/1801
f 2153/2441/1801 2162/2849/2162 2161/1969/1479 2147/1968/1482
f 528/2850/1812 2156/2847/2160 2154/97/88 527/96/87
f 619/1635/1283 2158/1634/1282 2159/2848/2161 621/2768/2091
f 880/1963/1480 2161/1962/1479 2162/2849/2162 882/2846/2159
f 882/2846/2159 2162/2849/2162 2160/29/27 881/28/26
f 43/104/20 290/41/38 923/2461/41 523/2460/21
usemtl Black
f 283/9/9 890/10/10 883/11/11 897/12/12
f 1/13/13 105/14/14 283/9/9 44/15/15
f 105/14/14 616/31/29 890/10/10 283/9/9
f 44/34/15 524/35/32 922/36/33 289/37/34
f 286/49/46 906/50/47 899/51/48 913/52/49
f 2/53/50 46/54/51 286/49/46 50/55/52
f 46/70/51 521/71/65 2155/72/66 526/73/67
f 50/55/52 533/76/70 970/77/71 298/78/72
f 289/37/34 922/90/33 915/91/84 929/92/85
f 1/93/13 44/34/15 289/37/34 54/94/86
f 44/15/15 283/9/9 897/12/12 524/109/32
f 54/112/86 539/113/99 938/114/100 292/115/101
f 292/115/101 938/127/100 931/128/113 945/129/114
f 1/130/13 54/112/86 292/115/101 58/131/115
f 54/94/86 289/37/34 929/146/85 539/147/99
f 58/150/115 545/151/129 954/152/130 295/153/131
f 295/153/131 954/165/130 947/166/143 961/167/144
f 1/168/13 58/150/115 295/153/131 111/169/145
f 58/131/115 292/115/101 945/184/114 545/185/129
f 113/189/160 629/190/161 2032/191/162 498/192/163
f 298/78/72 970/204/71 963/205/175 977/206/176
f 2/53/50 50/55/52 298/78/72 64/207/177
f 50/55/52 286/49/46 913/220/49 533/76/70
f 64/207/177 554/223/191 1050/224/192 313/225/193
f 301/237/205 986/238/206 979/239/207 993/240/208
f 3/241/209 48/242/210 301/237/205 68/243/211
f 48/242/210 516/254/220 2126/255/221 529/256/222
f 68/243/211 560/259/225 1066/260/226 316/261/227
f 304/273/239 1002/274/240 995/275/241 1009/276/242
f 4/277/243 56/278/244 304/273/239 72/279/245
f 56/278/244 498/192/163 2030/290/254 541/291/255
f 72/279/245 566/294/258 1082/295/259 319/296/260
f 307/308/272 1018/309/273 1011/310/274 1025/311/275
f 5/312/276 60/313/277 307/308/272 76/314/278
f 60/313/277 489/327/291 1982/328/292 547/329/293
f 76/314/278 572/332/296 1098/333/297 322/334/298
f 310/346/310 1034/347/311 1027/348/312 1041/349/313
f 6/350/314 62/351/315 310/346/310 80/352/316
f 62/351/315 480/362/325 1934/363/326 550/364/327
f 80/352/316 578/367/330 1114/368/331 325/369/332
f 313/225/193 1050/224/192 1043/381/344 1057/382/345
f 2/53/50 64/207/177 313/225/193 129/383/346
f 64/207/177 298/78/72 977/206/176 554/396/191
f 131/399/361 656/400/362 1792/401/363 453/402/364
f 316/261/227 1066/414/226 1059/415/376 1073/416/377
f 3/241/209 68/243/211 316/261/227 133/417/378
f 68/243/211 301/237/205 993/430/208 560/259/225
f 135/434/393 662/435/394 1744/436/395 444/437/396
f 319/296/260 1082/295/259 1075/449/408 1089/450/409
f 4/277/243 72/279/245 319/296/260 137/451/410
f 72/279/245 304/273/239 1009/464/242 566/294/258
f 139/467/425 668/468/426 1696/469/427 435/470/428
f 322/334/298 1098/482/297 1091/483/440 1105/484/441
f 5/312/276 76/314/278 322/334/298 141/485/442
f 76/314/278 307/308/272 1025/498/275 572/332/296
f 143/501/457 674/502/458 1677/503/459 431/504/460
f 325/369/332 1114/516/331 1107/517/472 1121/518/473
f 6/350/314 80/352/316 325/369/332 125/519/474
f 80/352/316 310/346/310 1041/349/313 578/367/330
f 127/534/489 650/535/490 1840/536/491 462/537/492
f 328/549/504 1130/550/505 1123/551/506 1137/552/507
f 7/553/508 84/554/509 328/549/504 94/555/510
f 84/554/509 426/570/524 1646/571/525 583/572/526
f 94/575/510 599/576/529 1389/577/530 377/578/531
f 331/590/543 1146/591/544 1139/592/545 1153/593/546
f 8/594/547 86/595/548 331/590/543 98/596/549
f 86/595/548 417/610/562 1598/611/563 586/612/564
f 98/615/549 605/616/567 1341/617/568 368/618/569
f 334/630/581 1162/631/582 1155/632/583 1169/633/584
f 9/634/585 88/635/586 334/630/581 100/636/587
f 88/635/586 408/650/600 1550/651/601 589/652/602
f 100/655/587 608/656/605 1293/657/606 359/658/607
f 337/670/619 1178/671/620 1171/672/621 1185/673/622
f 10/674/623 90/675/624 337/670/619 102/676/625
f 90/675/624 399/690/638 1502/691/639 592/692/640
f 102/695/625 611/696/643 1245/697/644 350/698/645
f 340/710/657 1194/711/658 1187/712/659 1201/713/660
f 11/714/661 92/715/662 340/710/657 155/716/663
f 92/715/662 390/729/674 1454/730/675 595/731/676
f 157/735/679 695/736/680 1360/737/681 372/738/682
f 345/745/688 1216/746/689 1205/747/690 1214/748/691
f 96/759/702 381/760/703 1406/761/704 601/762/705
f 12/770/710 96/771/702 345/745/688 161/772/711
f 350/698/645 1245/697/644 1236/780/716 1243/781/717
f 153/812/740 689/813/741 1408/814/742 381/760/703
f 10/674/623 102/695/625 350/698/645 151/816/743
f 103/817/744 614/818/745 2128/819/746 516/254/220
f 102/676/625 337/670/619 1185/673/622 611/824/643
f 354/828/751 1264/829/752 1253/830/753 1262/831/754
f 161/843/711 701/844/762 1264/845/752 354/828/751
f 12/848/710 161/843/711 354/828/751 159/849/763
f 161/772/711 345/745/688 1214/850/691 701/851/762
f 359/658/607 1293/657/606 1284/856/767 1291/857/768
f 151/816/743 686/885/791 1485/886/792 395/887/793
f 9/634/585 100/655/587 359/658/607 149/888/794
f 100/636/587 334/630/581 1169/633/584 608/894/605
f 363/898/799 1312/899/800 1301/900/801 1310/901/802
f 159/912/763 698/913/810 1312/899/800 363/898/799
f 12/915/710 159/912/763 363/898/799 157/916/679
f 159/849/763 354/828/751 1262/917/754 698/918/810
f 368/618/569 1341/923/568 1332/924/814 1339/925/815
f 149/888/794 683/956/837 1533/957/838 404/958/839
f 8/960/547 98/615/549 368/618/569 147/961/840
f 98/596/549 331/590/543 1153/593/546 605/967/567
f 372/738/682 1360/970/681 1349/971/845 1358/972/846
f 155/984/663 692/985/854 1437/986/855 386/987/856
f 12/989/710 157/735/679 372/738/682 153/990/740
f 157/916/679 363/898/799 1310/901/802 695/991/680
f 377/578/531 1389/996/530 1380/997/860 1387/998/861
f 147/961/840 680/1027/883 1581/1028/884 413/1029/885
f 7/553/508 94/575/510 377/578/531 145/1032/886
f 94/555/510 328/549/504 1137/1039/507 599/1040/529
f 381/760/703 1408/814/742 1397/1044/892 1406/1045/704
f 12/1058/710 153/812/740 381/760/703 96/759/702
f 153/990/740 372/738/682 1358/972/846 689/1059/741
f 96/771/702 601/1060/705 1216/1061/689 345/745/688
f 386/987/856 1437/1062/855 1428/1063/899 1435/1064/900
f 145/1032/886 677/1092/920 1629/1093/921 422/1094/922
f 11/714/661 155/984/663 386/987/856 143/501/457
f 155/716/663 340/710/657 1201/1096/660 692/1097/854
f 390/729/674 1456/1105/927 1445/1106/928 1454/730/675
f 66/1115/937 471/1116/938 1886/1117/939 556/1118/940
f 11/714/661 66/1115/937 390/729/674 92/715/662
f 92/715/662 595/1124/676 1194/711/658 340/710/657
f 395/887/793 1485/886/792 1476/1125/941 1483/1126/942
f 141/485/442 671/1157/962 1725/1158/963 440/1159/964
f 10/674/623 151/816/743 395/887/793 139/467/425
f 151/816/743 350/698/645 1243/1160/717 686/1161/791
f 399/690/638 1504/1170/970 1493/1171/971 1502/691/639
f 82/1180/980 435/470/428 1694/1181/981 580/1182/982
f 10/674/623 82/1180/980 399/690/638 90/675/624
f 90/675/624 592/1189/640 1178/1190/620 337/670/619
f 404/958/839 1533/1191/838 1524/1192/986 1531/1193/987
f 137/451/410 665/1220/1007 1773/1221/1008 449/1222/1009
f 9/634/585 149/888/794 404/958/839 135/434/393
f 149/888/794 359/658/607 1291/857/768 683/956/837
f 408/650/600 1552/1231/1015 1541/1232/1016 1550/1233/601
f 78/1242/1025 444/437/396 1742/1243/1026 574/1244/1027
f 9/634/585 78/1242/1025 408/650/600 88/635/586
f 88/635/586 589/652/602 1162/631/582 334/630/581
f 413/1029/885 1581/1028/884 1572/1250/1028 1579/1251/1029
f 133/1274/378 659/1275/1049 1821/1276/1050 458/1277/1051
f 8/960/547 147/961/840 413/1029/885 131/399/361
f 147/961/840 368/618/569 1339/1280/815 680/1027/883
f 417/610/562 1600/1288/1057 1589/1289/1058 1598/1290/563
f 74/1300/1067 453/402/364 1790/1301/1068 568/1302/1069
f 8/594/547 74/1306/1067 417/610/562 86/595/548
f 86/595/548 586/1309/564 1146/591/544 331/590/543
f 422/1094/922 1629/1093/921 1620/1310/1070 1627/1311/1071
f 129/383/346 653/1340/1091 1869/1341/1092 467/1342/1093
f 7/553/508 145/1032/886 422/1094/922 127/534/489
f 145/1032/886 377/578/531 1387/998/861 677/1345/920
f 426/570/524 1648/1353/1099 1637/1354/1100 1646/1355/525
f 70/1364/1109 462/537/492 1838/1365/1110 562/1366/1111
f 7/553/508 70/1364/1109 426/570/524 84/554/509
f 84/554/509 583/572/526 1130/1372/505 328/549/504
f 431/504/460 1677/503/459 1668/1373/1112 1675/1374/1113
f 125/519/474 647/1399/1133 1917/1400/1134 476/1401/1135
f 11/714/661 143/501/457 431/504/460 123/1403/1136
f 143/501/457 386/987/856 1435/1404/900 674/502/458
f 435/470/428 1696/1411/427 1685/1412/1142 1694/1181/981
f 10/674/623 139/467/425 435/470/428 82/1180/980
f 139/467/425 395/887/793 1483/1126/942 668/468/426
f 82/1180/980 580/1182/982 1504/1170/970 399/690/638
f 440/1159/964 1725/1423/963 1716/1424/1149 1723/1425/1150
f 123/1403/1136 644/1453/1170 1888/1454/1171 471/1116/938
f 5/312/276 141/485/442 440/1159/964 121/1456/1172
f 141/485/442 322/334/298 1105/1457/441 671/1157/962
f 444/437/396 1744/436/395 1733/1464/1177 1742/1465/1026
f 9/634/585 135/434/393 444/437/396 78/1242/1025
f 135/434/393 404/958/839 1531/1475/987 662/1476/394
f 78/1242/1025 574/1244/1027 1552/1477/1015 408/650/600
f 449/1222/1009 1773/1478/1008 1764/1479/1184 1771/1480/1185
f 121/1456/1172 641/1509/1205 1965/1510/1206 485/1511/1207
f 4/277/243 137/451/410 449/1222/1009 119/1513/1208
f 137/451/410 319/296/260 1089/1514/409 665/1515/1007
f 453/402/364 1792/401/363 1781/1523/1213 1790/1524/1068
f 8/960/547 131/399/361 453/402/364 74/1300/1067
f 131/399/361 413/1029/885 1579/1538/1029 656/1539/362
f 74/1306/1067 568/1540/1069 1600/1541/1057 417/610/562
f 458/1277/1051 1821/1542/1050 1812/1543/1220 1819/1544/1221
f 117/1573/1241 635/1574/1242 1984/1575/1243 489/327/291
f 3/1577/209 133/1274/378 458/1277/1051 115/1578/1244
f 133/417/378 316/261/227 1073/1579/377 659/1580/1049
f 462/537/492 1840/1588/491 1829/1589/1249 1838/1365/1110
f 7/553/508 127/534/489 462/537/492 70/1364/1109
f 127/534/489 422/1094/922 1627/1311/1071 650/535/490
f 70/1364/1109 562/1598/1111 1648/1599/1099 426/570/524
f 467/1342/1093 1869/1341/1092 1860/1600/1256 1867/1601/1257
f 109/1627/1277 623/1628/1278 2080/1629/1279 507/1630/1280
f 2/53/50 129/383/346 467/1342/1093 107/1632/1281
f 129/383/346 313/225/193 1057/382/345 653/1633/1091
f 471/1116/938 1888/1641/1171 1877/1642/1286 1886/1117/939
f 11/714/661 123/1403/1136 471/1116/938 66/1115/937
f 123/1403/1136 431/504/460 1675/1652/1113 644/1653/1170
f 66/1115/937 556/1118/940 1456/1654/927 390/729/674
f 476/1401/1135 1917/1655/1134 1908/1656/1293 1915/1657/1294
f 111/1686/145 626/1687/1314 2109/1688/1315 512/1689/1316
f 6/350/314 125/519/474 476/1401/1135 109/1627/1277
f 125/519/474 325/369/332 1121/518/473 647/1691/1133
f 480/362/325 1936/1699/1322 1925/1700/1323 1934/363/326
f 52/1710/1332 507/1630/1280 2078/1711/1333 535/1712/1334
f 6/350/314 52/1714/1332 480/362/325 62/351/315
f 62/351/315 550/1716/327 1034/347/311 310/346/310
f 485/1511/1207 1965/1717/1206 1956/1718/1335 1963/1719/1336
f 119/1513/1208 638/1745/1356 2013/1746/1357 494/1747/1358
f 5/312/276 121/1456/1172 485/1511/1207 117/1750/1241
f 121/1456/1172 440/1159/964 1723/1425/1150 641/1509/1205
f 489/327/291 1984/1575/1243 1973/1762/1364 1982/1763/292
f 5/312/276 117/1573/1241 489/327/291 60/313/277
f 117/1750/1241 485/1511/1207 1963/1719/1336 635/1776/1242
f 60/313/277 547/329/293 1018/309/273 307/308/272
f 494/1747/1358 2013/1777/1357 2004/1778/1371 2011/1779/1372
f 115/1578/1244 632/1805/1392 2061/1806/1393 503/1807/1394
f 4/277/243 119/1513/1208 494/1747/1358 113/1810/160
f 119/1513/1208 449/1222/1009 1771/1480/1185 638/1811/1356
f 498/192/163 2032/191/162 2021/1822/1400 2030/1823/254
f 4/277/243 113/189/160 498/192/163 56/278/244
f 113/1810/160 494/1747/1358 2011/1833/1372 629/1834/161
f 56/278/244 541/1835/255 1002/1836/240 304/273/239
f 503/1807/1394 2061/1837/1393 2052/1838/1407 2059/1839/1408
f 105/1866/14 512/1689/1316 2107/1867/1428 616/1868/29
f 3/1577/209 115/1578/1244 503/1807/1394 103/1871/744
f 115/1578/1244 458/1277/1051 1819/1872/1221 632/1805/1392
f 507/1630/1280 2080/1882/1279 2069/1883/1434 2078/1711/1333
f 6/350/314 109/1627/1277 507/1630/1280 52/1710/1332
f 109/1627/1277 476/1401/1135 1915/1657/1294 623/1894/1278
f 52/1714/1332 535/1895/1334 1936/1896/1322 480/362/325
f 512/1689/1316 2109/1897/1315 2100/1898/1441 2107/1899/1428
f 107/1632/1281 620/1927/1458 2157/1928/1459 521/71/65
f 1/1931/13 111/1686/145 512/1689/1316 105/1866/14
f 111/169/145 295/153/131 961/167/144 626/1932/1314
f 516/254/220 2128/819/746 2117/1939/1463 2126/255/221
f 3/241/209 103/817/744 516/254/220 48/242/210
f 103/1871/744 503/1807/1394 2059/1839/1408 614/1948/745
f 48/242/210 529/256/222 986/238/206 301/237/205
f 521/71/65 2157/1949/1459 2148/1950/1470 2155/72/66
f 2/53/50 107/1632/1281 521/71/65 46/70/51
f 107/1632/1281 467/1342/1093 1867/1601/1257 620/1927/1458
f 46/54/51 526/1973/67 906/1974/47 286/49/46
f 883/11/11 886/1977/1483 887/1978/1484 889/1979/1485
f 899/51/48 902/1983/1487 903/1984/1488 905/1985/1489
f 915/91/84 918/1989/1491 919/1990/1492 921/1991/1493
f 931/128/113 934/1995/1495 935/1996/1496 937/1997/1497
f 947/166/143 950/2001/1499 951/2002/1500 953/2003/1501
f 963/205/175 966/2006/1503 967/2007/1504 969/2008/1505
f 979/239/207 982/2013/1507 983/2014/1508 985/2015/1509
f 995/275/241 998/2018/1511 999/2019/1512 1001/2020/1513
f 1011/310/274 1014/2023/1515 1015/2024/1516 1017/2025/1517
f 1027/348/312 1030/2030/1519 1031/2031/1520 1033/2032/1521
f 1043/381/344 1046/2037/1523 1047/2038/1524 1049/2039/1525
f 1059/415/376 1062/2041/1527 1063/2042/1528 1065/2043/1529
f 1075/449/408 1078/2047/1531 1079/2048/1532 1081/2049/1533
f 1091/483/440 1094/2052/1535 1095/2053/1536 1097/2054/1537
f 1107/517/472 1110/2058/1539 1111/2059/1540 1113/2060/1541
f 1123/551/506 1126/2065/1543 1127/2066/1544 1129/2067/1545
f 1139/592/545 1142/2071/1547 1143/2072/1548 1145/2073/1549
f 1155/632/583 1158/2076/1551 1159/2077/1552 1161/2078/1553
f 1171/672/621 1174/2082/1555 1175/2083/1556 1177/2084/1557
f 1187/712/659 1190/2087/1559 1191/2088/1560 1193/2089/1561
f 1205/747/690 1209/2097/1565 1207/2094/1564 1208/2098/1566
f 1236/780/716 1240/2107/1574 1239/2105/1572 1238/2108/1571
f 1253/830/753 1257/2114/1577 1255/2111/1576 1256/2115/1578
f 1284/856/767 1288/2126/1586 1287/2124/1584 1286/2127/1583
f 1301/900/801 1305/2133/1589 1303/2130/1588 1304/2132/1590
f 1332/924/814 1336/2143/1598 1335/2141/1596 1334/2140/1595
f 1349/971/845 1353/2151/1601 1351/2147/1600 1352/2152/1602
f 1380/997/860 1384/2162/1610 1383/2160/1608 1382/2163/1607
f 1397/1044/892 1401/2169/1613 1399/2166/1612 1400/2168/1614
f 1428/1063/899 1432/2180/1622 1431/2178/1620 1430/2177/1619
f 1445/1106/928 1449/2188/1625 1447/2184/1624 1448/2189/1626
f 1476/1125/941 1480/2199/1634 1479/2197/1632 1478/2196/1631
f 1493/1171/971 1497/2206/1637 1495/2202/1636 1496/2204/1638
f 1524/1192/986 1528/2216/1646 1527/2214/1644 1526/2217/1643
f 1541/1232/1016 1545/2221/1649 1543/2220/1648 1544/2223/1650
f 1572/1250/1028 1576/2232/1658 1575/2230/1656 1574/2229/1655
f 1589/1289/1058 1593/2236/1661 1591/2235/1660 1592/2239/1662
f 1620/1310/1070 1624/2249/1670 1623/2247/1668 1622/2246/1667
f 1637/1354/1100 1641/2256/1673 1639/2252/1672 1640/2257/1674
f 1668/1373/1112 1672/2268/1682 1671/2266/1680 1670/2265/1679
f 1685/1412/1142 1689/2274/1685 1687/2271/1684 1688/2275/1686
f 1716/1424/1149 1720/2284/1694 1719/2282/1692 1718/2281/1691
f 1733/1464/1177 1737/2291/1697 1735/2288/1696 1736/2290/1698
f 1764/1479/1184 1768/2301/1706 1767/2299/1704 1766/2298/1703
f 1781/1523/1213 1785/2307/1709 1783/2303/1708 1784/2308/1710
f 1812/1543/1220 1816/2318/1718 1815/2316/1716 1814/2319/1715
f 1829/1589/1249 1833/2326/1721 1831/2323/1720 1832/2325/1722
f 1860/1600/1256 1864/2335/1730 1863/2333/1728 1862/2336/1727
f 1877/1642/1286 1881/2341/1733 1879/2340/1732 1880/2342/1734
f 1908/1656/1293 1912/2351/1742 1911/2349/1740 1910/2348/1739
f 1925/1700/1323 1929/2355/1745 1927/2354/1744 1928/2357/1746
f 1956/1718/1335 1960/2367/1754 1959/2365/1752 1958/2364/1751
f 1973/1762/1364 1977/2374/1757 1975/2370/1756 1976/2375/1758
f 2004/1778/1371 2008/2386/1766 2007/2384/1764 2006/2387/1763
f 2021/1822/1400 2025/2391/1769 2023/2390/1768 2024/2392/1770
f 2052/1838/1407 2056/2402/1778 2055/2400/1776 2054/2399/1775
f 2069/1883/1434 2073/2410/1781 2071/2406/1780 2072/2411/1782
f 2100/1898/1441 2104/2421/1790 2103/2419/1788 2102/2422/1787
f 2117/1939/1463 2121/2429/1793 2119/2426/1792 2120/2430/1794
f 2148/1950/1470 2152/2440/1802 2151/2438/1800 2150/2437/1799
f 883/11/11 890/10/10 892/2443/1803 886/2444/1483
f 889/1979/1485 898/2447/1805 897/12/12 883/11/11
f 618/2448/1806 892/2443/1803 890/10/10 616/31/29
f 524/109/32 897/12/12 898/2447/1805 525/2450/1808
f 899/51/48 906/50/47 908/2451/1809 902/1983/1487
f 905/1985/1489 914/2453/1811 913/52/49 899/51/48
f 528/2454/1812 908/2451/1809 906/1974/47 526/1973/67
f 533/76/70 913/220/49 914/2453/1811 534/2456/1814
f 915/91/84 922/90/33 924/2457/1815 918/1989/1491
f 921/1991/1493 930/2459/1817 929/92/85 915/91/84
f 525/2462/1808 924/2457/1815 922/36/33 524/35/32
f 539/147/99 929/146/85 930/2459/1817 540/2464/1819
f 931/128/113 938/127/100 940/2465/1820 934/1995/1495
f 937/1997/1497 946/2468/1822 945/129/114 931/128/113
f 540/2469/1819 940/2465/1820 938/114/100 539/113/99
f 545/185/129 945/184/114 946/2468/1822 546/2471/1824
f 947/166/143 954/165/130 956/2472/1825 950/2001/1499
f 953/2005/1501 962/2474/1827 961/167/144 947/166/143
f 546/2475/1824 956/2472/1825 954/152/130 545/151/129
f 626/1932/1314 961/167/144 962/2474/1827 627/2477/1829
f 963/205/175 970/204/71 972/2478/1830 966/2479/1503
f 969/2008/1505 978/2481/1832 977/206/176 963/205/175
f 534/2456/1814 972/2478/1830 970/77/71 533/76/70
f 554/396/191 977/206/176 978/2481/1832 555/2483/1834
f 979/239/207 986/238/206 988/2484/1835 982/2013/1507
f 985/2487/1509 994/2486/1837 993/240/208 979/239/207
f 531/2488/1838 988/2484/1835 986/238/206 529/256/222
f 560/259/225 993/430/208 994/2486/1837 561/2490/1840
f 995/275/241 1002/274/240 1004/2491/1841 998/2022/1511
f 1001/2020/1513 1010/2493/1843 1009/276/242 995/275/241
f 543/2494/1844 1004/2491/1841 1002/1836/240 541/1835/255
f 566/294/258 1009/464/242 1010/2493/1843 567/2496/1846
f 1011/310/274 1018/309/273 1020/2497/1847 1014/2027/1515
f 1017/2500/1517 1026/2499/1849 1025/311/275 1011/310/274
f 549/2501/1850 1020/2497/1847 1018/309/273 547/329/293
f 572/332/296 1025/498/275 1026/2499/1849 573/2503/1852
f 1027/348/312 1034/347/311 1036/2504/1853 1030/2030/1519
f 1033/2035/1521 1042/2506/1855 1041/349/313 1027/348/312
f 552/2507/1856 1036/2504/1853 1034/347/311 550/1716/327
f 578/367/330 1041/349/313 1042/2506/1855 579/2509/1858
f 1043/381/344 1050/224/192 1052/2510/1859 1046/2037/1523
f 1049/2039/1525 1058/2512/1861 1057/382/345 1043/381/344
f 555/2483/1834 1052/2510/1859 1050/224/192 554/223/191
f 653/1633/1091 1057/382/345 1058/2512/1861 654/2514/1863
f 1059/415/376 1066/414/226 1068/2515/1864 1062/2041/1527
f 1065/2046/1529 1074/2517/1866 1073/416/377 1059/415/376
f 561/2490/1840 1068/2515/1864 1066/260/226 560/259/225
f 659/1580/1049 1073/1579/377 1074/2517/1866 660/2519/1868
f 1075/449/408 1082/295/259 1084/2520/1869 1078/2047/1531
f 1081/2051/1533 1090/2522/1871 1089/450/409 1075/449/408
f 567/2496/1846 1084/2520/1869 1082/295/259 566/294/258
f 665/1515/1007 1089/1514/409 1090/2522/1871 666/2524/1873
f 1091/483/440 1098/482/297 1100/2525/1874 1094/2056/1535
f 1097/2057/1537 1106/2527/1876 1105/484/441 1091/483/440
f 573/2503/1852 1100/2525/1874 1098/333/297 572/332/296
f 671/1157/962 1105/1457/441 1106/2527/1876 672/2529/1878
f 1107/517/472 1114/516/331 1116/2530/1879 1110/2531/1539
f 1113/2534/1541 1122/2533/1881 1121/518/473 1107/517/472
f 579/2509/1858 1116/2530/1879 1114/368/331 578/367/330
f 647/1691/1133 1121/518/473 1122/2533/1881 648/2536/1883
f 1123/551/506 1130/550/505 1132/2537/1884 1126/2065/1543
f 1129/2067/1545 1138/2539/1886 1137/552/507 1123/551/506
f 585/2540/1887 1132/2537/1884 1130/1372/505 583/572/526
f 599/1040/529 1137/1039/507 1138/2539/1886 600/2542/1889
f 1139/592/545 1146/591/544 1148/2543/1890 1142/2071/1547
f 1145/2075/1549 1154/2545/1892 1153/593/546 1139/592/545
f 588/2546/1893 1148/2543/1890 1146/591/544 586/1309/564
f 605/967/567 1153/593/546 1154/2545/1892 606/2548/1895
f 1155/632/583 1162/631/582 1164/2549/1896 1158/2076/1551
f 1161/2552/1553 1170/2551/1898 1169/633/584 1155/632/583
f 591/2553/1899 1164/2549/1896 1162/631/582 589/652/602
f 608/894/605 1169/633/584 1170/2551/1898 609/2555/1901
f 1171/672/621 1178/671/620 1180/2556/1902 1174/2082/1555
f 1177/2084/1557 1186/2558/1904 1185/673/622 1171/672/621
f 594/2559/1905 1180/2556/1902 1178/1190/620 592/1189/640
f 611/824/643 1185/673/622 1186/2558/1904 612/2561/1907
f 1187/712/659 1194/711/658 1196/2562/1908 1190/2087/1559
f 1193/2089/1561 1202/2564/1910 1201/713/660 1187/712/659
f 597/2565/1911 1196/2562/1908 1194/711/658 595/1124/676
f 692/1097/854 1201/1096/660 1202/2564/1910 693/2567/1913
f 1208/2098/1566 1215/2569/1915 1214/748/691 1205/747/690
f 1205/747/690 1216/746/689 1218/2570/1916 1209/2571/1565
f 701/851/762 1214/850/691 1215/2569/1915 702/2573/1918
f 603/2574/1919 1218/2570/1916 1216/1061/689 601/1060/705
f 1238/2108/1571 1244/2580/1924 1243/781/717 1236/780/716
f 1236/780/716 1245/697/644 1247/2581/1925 1240/2107/1574
f 686/1161/791 1243/1160/717 1244/2580/1924 687/2583/1927
f 612/2584/1907 1247/2581/1925 1245/697/644 611/696/643
f 1256/2587/1578 1263/2586/1929 1262/831/754 1253/830/753
f 1253/830/753 1264/829/752 1266/2588/1930 1257/2112/1577
f 698/918/810 1262/917/754 1263/2586/1929 699/2590/1932
f 702/2591/1918 1266/2588/1930 1264/845/752 701/844/762
f 1286/2127/1583 1292/2596/1937 1291/857/768 1284/856/767
f 1284/856/767 1293/657/606 1295/2597/1938 1288/2128/1586
f 683/956/837 1291/857/768 1292/2596/1937 684/2599/1940
f 609/2600/1901 1295/2597/1938 1293/657/606 608/656/605
f 1304/2132/1590 1311/2602/1942 1310/901/802 1301/900/801
f 1301/900/801 1312/899/800 1314/2603/1943 1305/2133/1589
f 695/991/680 1310/901/802 1311/2602/1942 696/2605/1945
f 699/2606/1932 1314/2603/1943 1312/899/800 698/913/810
f 1334/2140/1595 1340/2612/1950 1339/925/815 1332/924/814
f 1332/924/814 1341/923/568 1343/2613/1951 1336/2143/1598
f 680/1027/883 1339/1280/815 1340/2612/1950 681/2615/1953
f 606/2616/1895 1343/2613/1951 1341/617/568 605/616/567
f 1352/2619/1602 1359/2618/1955 1358/972/846 1349/971/845
f 1349/971/845 1360/970/681 1362/2620/1956 1353/2621/1601
f 689/1059/741 1358/972/846 1359/2618/1955 690/2623/1958
f 696/2624/1945 1362/2620/1956 1360/737/681 695/736/680
f 1382/2159/1607 1388/2630/1963 1387/998/861 1380/997/860
f 1380/997/860 1389/996/530 1391/2631/1964 1384/2162/1610
f 677/1345/920 1387/998/861 1388/2630/1963 678/2633/1966
f 600/2634/1889 1391/2631/1964 1389/577/530 599/576/529
f 1400/2168/1614 1407/2636/1968 1406/1045/704 1397/1044/892
f 1397/1044/892 1408/814/742 1410/2637/1969 1401/2169/1613
f 601/762/705 1406/761/704 1407/2636/1968 603/2639/1919
f 690/2640/1958 1410/2637/1969 1408/814/742 689/813/741
f 1430/2177/1619 1436/2645/1975 1435/1064/900 1428/1063/899
f 1428/1063/899 1437/1062/855 1439/2646/1976 1432/2182/1622
f 674/502/458 1435/1404/900 1436/2645/1975 675/2648/1978
f 693/2649/1913 1439/2646/1976 1437/986/855 692/985/854
f 1448/2186/1626 1455/2651/1980 1454/730/675 1445/1106/928
f 1445/1106/928 1456/1105/927 1458/2652/1981 1449/2188/1625
f 595/731/676 1454/730/675 1455/2651/1980 597/2565/1911
f 558/2654/1983 1458/2652/1981 1456/1654/927 556/1118/940
f 1478/2196/1631 1484/2659/1988 1483/1126/942 1476/1125/941
f 1476/1125/941 1485/886/792 1487/2660/1989 1480/2199/1634
f 668/468/426 1483/1126/942 1484/2659/1988 669/2663/1991
f 687/2583/1927 1487/2660/1989 1485/886/792 686/885/791
f 1496/2204/1638 1503/2665/1993 1502/691/639 1493/1171/971
f 1493/1171/971 1504/1170/970 1506/2666/1994 1497/2206/1637
f 592/692/640 1502/691/639 1503/2665/1993 594/2559/1905
f 582/2668/1996 1506/2666/1994 1504/1170/970 580/1182/982
f 1526/2217/1643 1532/2673/2001 1531/1193/987 1524/1192/986
f 1524/1192/986 1533/1191/838 1535/2674/2002 1528/2218/1646
f 662/1476/394 1531/1475/987 1532/2673/2001 663/2676/2004
f 684/2599/1940 1535/2674/2002 1533/957/838 683/956/837
f 1544/2222/1650 1551/2678/2006 1550/1233/601 1541/1232/1016
f 1541/1232/1016 1552/1231/1015 1554/2679/2007 1545/2221/1649
f 589/652/602 1550/651/601 1551/2678/2006 591/2553/1899
f 576/2681/2009 1554/2679/2007 1552/1477/1015 574/1244/1027
f 1574/2229/1655 1580/2686/2014 1579/1251/1029 1572/1250/1028
f 1572/1250/1028 1581/1028/884 1583/2687/2015 1576/2232/1658
f 656/1539/362 1579/1538/1029 1580/2686/2014 657/2689/2017
f 681/2615/1953 1583/2687/2015 1581/1028/884 680/1027/883
f 1592/2239/1662 1599/2691/2019 1598/1290/563 1589/1289/1058
f 1589/1289/1058 1600/1288/1057 1602/2692/2020 1593/2236/1661
f 586/612/564 1598/611/563 1599/2691/2019 588/2546/1893
f 570/2694/2022 1602/2692/2020 1600/1541/1057 568/1540/1069
f 1622/2246/1667 1628/2699/2027 1627/1311/1071 1620/1310/1070
f 1620/1310/1070 1629/1093/921 1631/2700/2028 1624/2249/1670
f 650/535/490 1627/1311/1071 1628/2699/2027 651/2702/2030
f 678/2633/1966 1631/2700/2028 1629/1093/921 677/1092/920
f 1640/2257/1674 1647/2704/2032 1646/1355/525 1637/1354/1100
f 1637/1354/1100 1648/1353/1099 1650/2705/2033 1641/2256/1673
f 583/572/526 1646/571/525 1647/2704/2032 585/2540/1887
f 564/2707/2035 1650/2705/2033 1648/1599/1099 562/1598/1111
f 1670/2265/1679 1676/2712/2040 1675/1374/1113 1668/1373/1112
f 1668/1373/1112 1677/503/459 1679/2713/2041 1672/2268/1682
f 644/1653/1170 1675/1652/1113 1676/2712/2040 645/2715/2043
f 675/2648/1978 1679/2713/2041 1677/503/459 674/502/458
f 1688/2275/1686 1695/2717/2045 1694/1181/981 1685/1412/1142
f 1685/1412/1142 1696/1411/427 1698/2718/2046 1689/2272/1685
f 580/1182/982 1694/1181/981 1695/2717/2045 582/2668/1996
f 669/2663/1991 1698/2718/2046 1696/469/427 668/468/426
f 1718/2281/1691 1724/2724/2052 1723/1425/1150 1716/1424/1149
f 1716/1424/1149 1725/1423/963 1727/2725/2053 1720/2284/1694
f 641/1509/1205 1723/1425/1150 1724/2724/2052 642/2727/2055
f 672/2529/1878 1727/2725/2053 1725/1158/963 671/1157/962
f 1736/2290/1698 1743/2729/2057 1742/1465/1026 1733/1464/1177
f 1733/1464/1177 1744/436/395 1746/2730/2058 1737/2289/1697
f 574/1244/1027 1742/1243/1026 1743/2729/2057 576/2681/2009
f 663/2676/2004 1746/2730/2058 1744/436/395 662/435/394
f 1766/2298/1703 1772/2736/2064 1771/1480/1185 1764/1479/1184
f 1764/1479/1184 1773/1478/1008 1775/2737/2065 1768/2301/1706
f 638/1811/1356 1771/1480/1185 1772/2736/2064 639/2739/2067
f 666/2524/1873 1775/2737/2065 1773/1221/1008 665/1220/1007
f 1784/2308/1710 1791/2741/2069 1790/1524/1068 1781/1523/1213
f 1781/1523/1213 1792/401/363 1794/2742/2070 1785/2304/1709
f 568/1302/1069 1790/1301/1068 1791/2741/2069 570/2744/2022
f 657/2689/2017 1794/2742/2070 1792/401/363 656/400/362
f 1814/2315/1715 1820/2750/2076 1819/1544/1221 1812/1543/1220
f 1812/1543/1220 1821/1542/1050 1823/2751/2077 1816/2318/1718
f 632/1805/1392 1819/1872/1221 1820/2750/2076 633/2753/2079
f 660/2754/1868 1823/2751/2077 1821/1276/1050 659/1275/1049
f 1832/2325/1722 1839/2756/2081 1838/1365/1110 1829/1589/1249
f 1829/1589/1249 1840/1588/491 1842/2757/2082 1833/2326/1721
f 562/1366/1111 1838/1365/1110 1839/2756/2081 564/2707/2035
f 651/2702/2030 1842/2757/2082 1840/536/491 650/535/490
f 1862/2332/1727 1868/2764/2088 1867/1601/1257 1860/1600/1256
f 1860/1600/1256 1869/1341/1092 1871/2765/2089 1864/2766/1730
f 620/1927/1458 1867/1601/1257 1868/2764/2088 621/2768/2091
f 654/2514/1863 1871/2765/2089 1869/1341/1092 653/1340/1091
f 1880/2342/1734 1887/2770/2093 1886/1117/939 1877/1642/1286
f 1877/1642/1286 1888/1641/1171 1890/2771/2094 1881/2341/1733
f 556/1118/940 1886/1117/939 1887/2770/2093 558/2654/1983
f 645/2715/2043 1890/2771/2094 1888/1454/1171 644/1453/1170
f 1910/2348/1739 1916/2777/2100 1915/1657/1294 1908/1656/1293
f 1908/1656/1293 1917/1655/1134 1919/2778/2101 1912/2351/1742
f 623/1894/1278 1915/1657/1294 1916/2777/2100 624/2780/2103
f 648/2536/1883 1919/2778/2101 1917/1400/1134 647/1399/1133
f 1928/2357/1746 1935/2782/2105 1934/363/326 1925/1700/1323
f 1925/1700/1323 1936/1699/1322 1938/2783/2106 1929/2355/1745
f 550/364/327 1934/363/326 1935/2782/2105 552/2507/1856
f 537/2785/2108 1938/2783/2106 1936/1896/1322 535/1895/1334
f 1958/2364/1751 1964/2790/2113 1963/1719/1336 1956/1718/1335
f 1956/1718/1335 1965/1717/1206 1967/2791/2114 1960/2367/1754
f 635/1776/1242 1963/1719/1336 1964/2790/2113 636/2793/2116
f 642/2727/2055 1967/2791/2114 1965/1510/1206 641/1509/1205
f 1976/2372/1758 1983/2795/2118 1982/1763/292 1973/1762/1364
f 1973/1762/1364 1984/1575/1243 1986/2796/2119 1977/2371/1757
f 547/329/293 1982/328/292 1983/2795/2118 549/2501/1850
f 636/2798/2116 1986/2796/2119 1984/1575/1243 635/1574/1242
f 2006/2805/1763 2012/2804/2125 2011/1779/1372 2004/1778/1371
f 2004/1778/1371 2013/1777/1357 2015/2806/2126 2008/2386/1766
f 629/1834/161 2011/1833/1372 2012/2804/2125 630/2808/2128
f 639/2739/2067 2015/2806/2126 2013/1746/1357 638/1745/1356
f 2024/2392/1770 2031/2811/2130 2030/1823/254 2021/1822/1400
f 2021/1822/1400 2032/191/162 2034/2812/2131 2025/2391/1769
f 541/291/255 2030/290/254 2031/2811/2130 543/2494/1844
f 630/2814/2128 2034/2812/2131 2032/191/162 629/190/161
f 2054/2399/1775 2060/2819/2137 2059/1839/1408 2052/1838/1407
f 2052/1838/1407 2061/1837/1393 2063/2820/2138 2056/2402/1778
f 614/1948/745 2059/1839/1408 2060/2819/2137 615/2822/2140
f 633/2753/2079 2063/2820/2138 2061/1806/1393 632/1805/1392
f 2072/2411/1782 2079/2824/2142 2078/1711/1333 2069/1883/1434
f 2069/1883/1434 2080/1882/1279 2082/2825/2143 2073/2410/1781
f 535/1712/1334 2078/1711/1333 2079/2824/2142 537/2827/2108
f 624/2780/2103 2082/2825/2143 2080/1629/1279 623/1628/1278
f 2102/2418/1787 2108/2832/2149 2107/1899/1428 2100/1898/1441
f 2100/1898/1441 2109/1897/1315 2111/2833/2150 2104/2421/1790
f 616/1868/29 2107/1867/1428 2108/2832/2149 618/2835/1806
f 627/2836/1829 2111/2833/2150 2109/1688/1315 626/1687/1314
f 2120/2430/1794 2127/2838/2153 2126/255/221 2117/1939/1463
f 2117/1939/1463 2128/819/746 2130/2839/2154 2121/2427/1793
f 529/256/222 2126/255/221 2127/2838/2153 531/2488/1838
f 615/2841/2140 2130/2839/2154 2128/819/746 614/818/745
f 2150/2437/1799 2156/2847/2160 2155/72/66 2148/1950/1470
f 2148/1950/1470 2157/1949/1459 2159/2848/2161 2152/2440/1802
f 526/73/67 2155/72/66 2156/2847/2160 528/2850/1812
f 621/2768/2091 2159/2848/2161 2157/1928/1459 620/1927/1458
